ISO-10303-21;
HEADER;
FILE_DESCRIPTION (( 'STEP AP214' ),
    '1' );
FILE_NAME ('User Library-20279-001.STEP',
    '2022-04-08T02:42:14',
    ( '' ),
    ( '' ),
    'SwSTEP 2.0',
    'SolidWorks 2021',
    '' );
FILE_SCHEMA (( 'AUTOMOTIVE_DESIGN' ));
ENDSEC;

DATA;
#1 = DIRECTION ( 'NONE',  ( 1.000000000000000000, 0.0000000000000000000, 0.0000000000000000000 ) ) ;
#2 = CARTESIAN_POINT ( 'NONE',  ( 0.4493660917401524069, -0.2936439659187417006, -0.01000000000000000021 ) ) ;
#3 = EDGE_LOOP ( 'NONE', ( #3100, #2180, #1886, #2473 ) ) ;
#4 = EDGE_CURVE ( 'NONE', #235, #2853, #970, .T. ) ;
#5 = DIRECTION ( 'NONE',  ( 0.0000000000000000000, 0.0000000000000000000, -1.000000000000000000 ) ) ;
#6 = CARTESIAN_POINT ( 'NONE',  ( 0.0000000000000000000, 0.0000000000000000000, 1.250000000000000000 ) ) ;
#7 = FILL_AREA_STYLE ('',( #1434 ) ) ;
#8 = EDGE_CURVE ( 'NONE', #3072, #2444, #566, .T. ) ;
#9 = DIRECTION ( 'NONE',  ( 2.065146995210484695E-16, -1.000000000000000000, 0.0000000000000000000 ) ) ;
#10 = CARTESIAN_POINT ( 'NONE',  ( -0.8499999999999999778, 0.0000000000000000000, 0.3600000000000000977 ) ) ;
#11 = ORIENTED_EDGE ( 'NONE', *, *, #1975, .F. ) ;
#12 = CARTESIAN_POINT ( 'NONE',  ( -1.049999999999999600, -1.300000000000000044, 0.0000000000000000000 ) ) ;
#13 = EDGE_CURVE ( 'NONE', #3519, #2791, #1611, .T. ) ;
#14 = LINE ( 'NONE', #2000, #821 ) ;
#15 = EDGE_LOOP ( 'NONE', ( #1597, #2008, #137, #378 ) ) ;
#16 = ORIENTED_EDGE ( 'NONE', *, *, #784, .F. ) ;
#17 = DIRECTION ( 'NONE',  ( -1.000000000000000000, 0.0000000000000000000, 0.0000000000000000000 ) ) ;
#18 = DIRECTION ( 'NONE',  ( 0.0000000000000000000, 0.0000000000000000000, -1.000000000000000000 ) ) ;
#19 = ORIENTED_EDGE ( 'NONE', *, *, #692, .F. ) ;
#20 = DIRECTION ( 'NONE',  ( 0.0000000000000000000, 0.0000000000000000000, 1.000000000000000000 ) ) ;
#21 = DIRECTION ( 'NONE',  ( 1.000000000000000000, 0.0000000000000000000, 0.0000000000000000000 ) ) ;
#22 = DIRECTION ( 'NONE',  ( -1.000000000000000000, 0.0000000000000000000, 0.0000000000000000000 ) ) ;
#23 = TOROIDAL_SURFACE ( 'NONE', #1149, 0.9258578643762689353, 0.01000000000000000021 ) ;
#24 = CARTESIAN_POINT ( 'NONE',  ( -1.000000000000000000, 0.0000000000000000000, 0.3500000000000000333 ) ) ;
#25 = DIRECTION ( 'NONE',  ( -1.000000000000000000, 0.0000000000000000000, 0.0000000000000000000 ) ) ;
#26 = ORIENTED_EDGE ( 'NONE', *, *, #1933, .T. ) ;
#27 = STYLED_ITEM ( 'NONE', ( #2556 ), #522 ) ;
#28 = DIRECTION ( 'NONE',  ( -0.0000000000000000000, -0.0000000000000000000, -1.000000000000000000 ) ) ;
#29 = EDGE_CURVE ( 'NONE', #3567, #2170, #3267, .T. ) ;
#30 = ADVANCED_FACE ( 'NONE', ( #3580 ), #796, .F. ) ;
#31 = DIRECTION ( 'NONE',  ( -1.000000000000000000, 0.0000000000000000000, 0.0000000000000000000 ) ) ;
#32 = ORIENTED_EDGE ( 'NONE', *, *, #2590, .T. ) ;
#34 = ORIENTED_EDGE ( 'NONE', *, *, #138, .F. ) ;
#33 = VECTOR ( 'NONE', #42, 1000.000000000000000 ) ;
#35 = DIRECTION ( 'NONE',  ( 1.000000000000000000, 0.0000000000000000000, 0.0000000000000000000 ) ) ;
#36 = CARTESIAN_POINT ( 'NONE',  ( 0.4410936470746818494, -0.3009282571125883599, -0.005656899642333994976 ) ) ;
#37 = ORIENTED_EDGE ( 'NONE', *, *, #763, .F. ) ;
#38 = CONICAL_SURFACE ( 'NONE', #2760, 0.9299999999999998268, 0.9505468408120761881 ) ;
#39 = VECTOR ( 'NONE', #9, 1000.000000000000000 ) ;
#40 = DIRECTION ( 'NONE',  ( 1.000000000000000000, 2.065146995210484695E-16, -0.0000000000000000000 ) ) ;
#41 = DIRECTION ( 'NONE',  ( 1.000000000000000000, -0.0000000000000000000, -0.0000000000000000000 ) ) ;
#42 = DIRECTION ( 'NONE',  ( -0.0000000000000000000, -0.0000000000000000000, -1.000000000000000000 ) ) ;
#43 = CARTESIAN_POINT ( 'NONE',  ( 0.9547777112401613087, -0.2973213600664622591, 0.4868972387574264094 ) ) ;
#44 = CARTESIAN_POINT ( 'NONE',  ( 0.4471190200713613949, -0.3019026382112034446, 0.0000000000000000000 ) ) ;
#45 = ORIENTED_EDGE ( 'NONE', *, *, #1716, .T. ) ;
#46 = AXIS2_PLACEMENT_3D ( 'NONE', #1907, #3281, #1617 ) ;
#47 = CARTESIAN_POINT ( 'NONE',  ( -1.550000000000000266, 0.2899999999999999800, -0.01000000000000000021 ) ) ;
#48 = AXIS2_PLACEMENT_3D ( 'NONE', #3555, #3287, #2212 ) ;
#49 = CARTESIAN_POINT ( 'NONE',  ( 0.0000000000000000000, 0.0000000000000000000, -0.01000000000000000021 ) ) ;
#50 = EDGE_CURVE ( 'NONE', #1773, #3087, #3019, .T. ) ;
#51 = EDGE_LOOP ( 'NONE', ( #1979, #995, #1905 ) ) ;
#52 = TOROIDAL_SURFACE ( 'NONE', #2125, 0.8399999999999999689, 0.01000000000000000021 ) ;
#53 = ORIENTED_EDGE ( 'NONE', *, *, #2345, .T. ) ;
#54 = CARTESIAN_POINT ( 'NONE',  ( -0.8899999999999999023, 1.500000000000000000, 0.1300000000000000044 ) ) ;
#55 = EDGE_CURVE ( 'NONE', #2263, #98, #1627, .T. ) ;
#56 = DIRECTION ( 'NONE',  ( 9.637352644315598694E-16, 1.000000000000000000, 0.0000000000000000000 ) ) ;
#57 = ORIENTED_EDGE ( 'NONE', *, *, #2160, .F. ) ;
#58 = EDGE_CURVE ( 'NONE', #2408, #3538, #212, .T. ) ;
#59 = CARTESIAN_POINT ( 'NONE',  ( 1.000000000000000000, 1.224646799147353207E-16, 1.250000000000000000 ) ) ;
#60 = DIRECTION ( 'NONE',  ( -0.0000000000000000000, -0.0000000000000000000, -1.000000000000000000 ) ) ;
#61 = DIRECTION ( 'NONE',  ( 0.0000000000000000000, 0.0000000000000000000, -1.000000000000000000 ) ) ;
#62 = ORIENTED_EDGE ( 'NONE', *, *, #2258, .T. ) ;
#63 = DIRECTION ( 'NONE',  ( -0.0000000000000000000, -0.0000000000000000000, -1.000000000000000000 ) ) ;
#64 = DIRECTION ( 'NONE',  ( 1.000000000000000000, 0.0000000000000000000, 0.0000000000000000000 ) ) ;
#65 = ORIENTED_EDGE ( 'NONE', *, *, #1098, .F. ) ;
#66 = EDGE_CURVE ( 'NONE', #3171, #1333, #1798, .T. ) ;
#67 = CARTESIAN_POINT ( 'NONE',  ( -1.540000000000000036, -0.2899999999999999800, 0.1400000000000000133 ) ) ;
#68 = DIRECTION ( 'NONE',  ( 0.0000000000000000000, -2.168404344971009184E-14, -1.000000000000000000 ) ) ;
#69 = ORIENTED_EDGE ( 'NONE', *, *, #1138, .T. ) ;
#70 = EDGE_CURVE ( 'NONE', #1701, #2778, #3036, .T. ) ;
#71 = EDGE_CURVE ( 'NONE', #3324, #2018, #1360, .T. ) ;
#72 =( NAMED_UNIT ( * ) SI_UNIT ( $, .STERADIAN. ) SOLID_ANGLE_UNIT ( ) );
#73 = DIRECTION ( 'NONE',  ( 9.637352644315598694E-16, -1.000000000000000000, 0.0000000000000000000 ) ) ;
#74 = DIRECTION ( 'NONE',  ( 0.0000000000000000000, -1.000000000000000000, 0.0000000000000000000 ) ) ;
#75 = DIRECTION ( 'NONE',  ( 1.000000000000000000, -0.0000000000000000000, -0.0000000000000000000 ) ) ;
#76 = DIRECTION ( 'NONE',  ( 0.0000000000000000000, 1.000000000000000000, 0.0000000000000000000 ) ) ;
#77 = VERTEX_POINT ( 'NONE', #3597 ) ;
#78 = DIRECTION ( 'NONE',  ( 0.0000000000000000000, 0.0000000000000000000, 1.000000000000000000 ) ) ;
#79 = AXIS2_PLACEMENT_3D ( 'NONE', #1666, #3529, #1322 ) ;
#80 = MECHANICAL_DESIGN_GEOMETRIC_PRESENTATION_REPRESENTATION (  '', ( #27 ), #1386 ) ;
#81 = CARTESIAN_POINT ( 'NONE',  ( -1.300000000000000044, -0.3058256050809514126, 0.1341329290906864147 ) ) ;
#82 = EDGE_LOOP ( 'NONE', ( #2085, #851, #2759, #850, #1261 ) ) ;
#83 = VECTOR ( 'NONE', #185, 1000.000000000000000 ) ;
#84 = DIRECTION ( 'NONE',  ( -0.0000000000000000000, -0.0000000000000000000, -1.000000000000000000 ) ) ;
#85 = CARTESIAN_POINT ( 'NONE',  ( 0.9556444987042334027, 0.2945248781635125823, 0.4889935608775248244 ) ) ;
#86 = AXIS2_PLACEMENT_3D ( 'NONE', #1341, #1029, #1306 ) ;
#87 = LINE ( 'NONE', #2371, #1034 ) ;
#88 = VERTEX_POINT ( 'NONE', #2217 ) ;
#89 = VECTOR ( 'NONE', #3157, 1000.000000000000000 ) ;
#90 = CARTESIAN_POINT ( 'NONE',  ( 0.4499999999999999001, -0.3099999999999999423, -0.01000000000000000021 ) ) ;
#91 = EDGE_CURVE ( 'NONE', #3300, #1705, #1938, .T. ) ;
#92 = CARTESIAN_POINT ( 'NONE',  ( -1.310000000000000053, -0.2999999999999999889, 0.1400000000000000133 ) ) ;
#93 = ADVANCED_FACE ( 'NONE', ( #337 ), #1153, .T. ) ;
#94 = CIRCLE ( 'NONE', #985, 0.2500000000000001110 ) ;
#95 = FACE_OUTER_BOUND ( 'NONE', #2553, .T. ) ;
#96 = STYLED_ITEM ( 'NONE', ( #3198 ), #2088 ) ;
#97 = CARTESIAN_POINT ( 'NONE',  ( -1.050000000000000044, -1.050000000000000266, 0.0000000000000000000 ) ) ;
#98 = VERTEX_POINT ( 'NONE', #3362 ) ;
#99 = ADVANCED_FACE ( 'NONE', ( #1173 ), #1679, .F. ) ;
#100 = CARTESIAN_POINT ( 'NONE',  ( 1.540000000000000036, -0.2899999999999999800, 0.4799999999999999822 ) ) ;
#101 = VECTOR ( 'NONE', #1339, 1000.000000000000000 ) ;
#102 =( BOUNDED_CURVE ( )  B_SPLINE_CURVE ( 3, ( #2238, #2715, #2437, #757 ),
 .UNSPECIFIED., .F., .T. ) 
 B_SPLINE_CURVE_WITH_KNOTS ( ( 4, 4 ),
 ( 3.141592653589787787, 4.712388980384689674 ),
 .UNSPECIFIED. ) 
 CURVE ( )  GEOMETRIC_REPRESENTATION_ITEM ( )  RATIONAL_B_SPLINE_CURVE ( ( 1.000000000000000000, 0.8047378541243637162, 0.8047378541243637162, 1.000000000000000000 ) ) 
 REPRESENTATION_ITEM ( '' )  );
#103 = CIRCLE ( 'NONE', #46, 0.2500000000000002220 ) ;
#104 = SURFACE_STYLE_USAGE ( .BOTH. , #1511 ) ;
#105 = VERTEX_POINT ( 'NONE', #1729 ) ;
#106 = VECTOR ( 'NONE', #488, 1000.000000000000000 ) ;
#107 = CARTESIAN_POINT ( 'NONE',  ( 1.550000000000000266, 0.2999999999999999889, 0.4799999999999999822 ) ) ;
#108 = CARTESIAN_POINT ( 'NONE',  ( 1.540000000000000036, -0.2999999999999999889, 0.3399999999999999689 ) ) ;
#109 = VECTOR ( 'NONE', #1515, 1000.000000000000000 ) ;
#110 = CARTESIAN_POINT ( 'NONE',  ( 0.4499999999999999001, -0.2999999999999999889, -0.01000000000000000021 ) ) ;
#111 = ORIENTED_EDGE ( 'NONE', *, *, #1061, .F. ) ;
#112 = ORIENTED_EDGE ( 'NONE', *, *, #281, .T. ) ;
#113 = PLANE ( 'NONE',  #1658 ) ;
#114 = CARTESIAN_POINT ( 'NONE',  ( -1.310000000000000053, -0.2899999999999999245, 0.0000000000000000000 ) ) ;
#115 = LINE ( 'NONE', #1247, #2924 ) ;
#116 = EDGE_CURVE ( 'NONE', #1705, #2791, #1853, .T. ) ;
#117 = DIRECTION ( 'NONE',  ( 0.0000000000000000000, 0.0000000000000000000, -1.000000000000000000 ) ) ;
#118 = CARTESIAN_POINT ( 'NONE',  ( -1.540000000000000036, -0.2999999999999999889, -0.01000000000000000021 ) ) ;
#119 = ORIENTED_EDGE ( 'NONE', *, *, #3272, .F. ) ;
#120 = DIRECTION ( 'NONE',  ( -9.637352644315598694E-16, -1.000000000000000000, -0.0000000000000000000 ) ) ;
#121 = ADVANCED_FACE ( 'NONE', ( #2545 ), #23, .T. ) ;
#122 = CARTESIAN_POINT ( 'NONE',  ( -1.310000000000000053, -0.3099999999999999423, -0.01000000000000000021 ) ) ;
#123 = EDGE_LOOP ( 'NONE', ( #3219, #503, #913, #1345 ) ) ;
#124 = ORIENTED_EDGE ( 'NONE', *, *, #2004, .F. ) ;
#125 = ADVANCED_FACE ( 'NONE', ( #2847 ), #1741, .T. ) ;
#126 = DIRECTION ( 'NONE',  ( 0.0000000000000000000, 0.0000000000000000000, 1.000000000000000000 ) ) ;
#127 = SURFACE_STYLE_FILL_AREA ( #1761 ) ;
#128 = CARTESIAN_POINT ( 'NONE',  ( -1.300752503165914620, -0.2953947296677260637, -0.009669221072017590221 ) ) ;
#129 = CARTESIAN_POINT ( 'NONE',  ( -0.2600000000000000089, 0.0000000000000000000, 0.3500000000000000333 ) ) ;
#130 = ORIENTED_EDGE ( 'NONE', *, *, #1688, .F. ) ;
#131 = ORIENTED_EDGE ( 'NONE', *, *, #620, .T. ) ;
#132 = DIRECTION ( 'NONE',  ( -1.000000000000000000, -1.224646799147343346E-16, 0.0000000000000000000 ) ) ;
#133 = DIRECTION ( 'NONE',  ( 1.000000000000000000, 0.0000000000000000000, 0.0000000000000000000 ) ) ;
#134 = CARTESIAN_POINT ( 'NONE',  ( 1.290000000000000036, 1.050000000000000044, 0.3499999999999999778 ) ) ;
#135 = EDGE_LOOP ( 'NONE', ( #2076, #1823, #16, #1078 ) ) ;
#136 = FACE_OUTER_BOUND ( 'NONE', #1764, .T. ) ;
#137 = ORIENTED_EDGE ( 'NONE', *, *, #668, .F. ) ;
#138 = EDGE_CURVE ( 'NONE', #3145, #1380, #2278, .T. ) ;
#139 = EDGE_CURVE ( 'NONE', #2444, #155, #3414, .T. ) ;
#140 = VERTEX_POINT ( 'NONE', #262 ) ;
#141 = STYLED_ITEM ( 'NONE', ( #2140 ), #30 ) ;
#142 = LINE ( 'NONE', #963, #2827 ) ;
#143 = DIRECTION ( 'NONE',  ( -0.0000000000000000000, -0.0000000000000000000, 1.000000000000000000 ) ) ;
#144 = EDGE_CURVE ( 'NONE', #3300, #2719, #601, .T. ) ;
#146 = ORIENTED_EDGE ( 'NONE', *, *, #1212, .T. ) ;
#145 = AXIS2_PLACEMENT_3D ( 'NONE', #730, #189, #1081 ) ;
#147 = ORIENTED_EDGE ( 'NONE', *, *, #2383, .T. ) ;
#148 = AXIS2_PLACEMENT_3D ( 'NONE', #767, #3571, #2757 ) ;
#149 =( LENGTH_UNIT ( ) NAMED_UNIT ( * ) SI_UNIT ( .MILLI., .METRE. ) );
#150 = DIRECTION ( 'NONE',  ( 1.000000000000000000, 0.0000000000000000000, 0.0000000000000000000 ) ) ;
#151 = CARTESIAN_POINT ( 'NONE',  ( -0.8599999999999999867, 1.053196247266723768E-16, 1.250000000000000000 ) ) ;
#152 = STYLED_ITEM ( 'NONE', ( #1397 ), #1228 ) ;
#153 = AXIS2_PLACEMENT_3D ( 'NONE', #1514, #382, #1809 ) ;
#154 = CARTESIAN_POINT ( 'NONE',  ( 0.4499999999999999001, 0.2999999999999999889, 0.1300000000000000044 ) ) ;
#155 = VERTEX_POINT ( 'NONE', #1746 ) ;
#156 = DIRECTION ( 'NONE',  ( 0.0000000000000000000, -1.000000000000000000, -0.0000000000000000000 ) ) ;
#157 = VECTOR ( 'NONE', #271, 1000.000000000000000 ) ;
#158 = CARTESIAN_POINT ( 'NONE',  ( 1.545857864376269264, 0.3000000000000000444, 0.3400000000000000244 ) ) ;
#159 = ORIENTED_EDGE ( 'NONE', *, *, #2526, .T. ) ;
#160 = AXIS2_PLACEMENT_3D ( 'NONE', #1569, #2692, #925 ) ;
#161 = AXIS2_PLACEMENT_3D ( 'NONE', #3398, #40, #1374 ) ;
#162 = EDGE_CURVE ( 'NONE', #1705, #3259, #902, .T. ) ;
#163 = CYLINDRICAL_SURFACE ( 'NONE', #3156, 0.01000000000000002623 ) ;
#164 = LINE ( 'NONE', #998, #3581 ) ;
#165 = DIRECTION ( 'NONE',  ( 1.000000000000000000, 0.0000000000000000000, 0.0000000000000000000 ) ) ;
#166 = PLANE ( 'NONE',  #2802 ) ;
#167 = TOROIDAL_SURFACE ( 'NONE', #2475, 0.9258578643762689353, 0.01000000000000000021 ) ;
#168 = VERTEX_POINT ( 'NONE', #832 ) ;
#169 = EDGE_LOOP ( 'NONE', ( #3099, #2001, #677, #2253, #3477 ) ) ;
#170 = CIRCLE ( 'NONE', #1351, 0.02000000000000005246 ) ;
#171 = CARTESIAN_POINT ( 'NONE',  ( 1.540000000000000036, -0.2899999999999999800, 0.4899999999999999911 ) ) ;
#172 = DIRECTION ( 'NONE',  ( 0.0000000000000000000, -1.000000000000000000, 0.0000000000000000000 ) ) ;
#173 = DIRECTION ( 'NONE',  ( -0.0000000000000000000, -0.0000000000000000000, -1.000000000000000000 ) ) ;
#174 = ORIENTED_EDGE ( 'NONE', *, *, #1414, .F. ) ;
#175 = AXIS2_PLACEMENT_3D ( 'NONE', #1536, #2035, #633 ) ;
#176 = ADVANCED_FACE ( 'NONE', ( #862 ), #3127, .T. ) ;
#177 = DIRECTION ( 'NONE',  ( 0.0000000000000000000, 0.0000000000000000000, -1.000000000000000000 ) ) ;
#178 =( NAMED_UNIT ( * ) PLANE_ANGLE_UNIT ( ) SI_UNIT ( $, .RADIAN. ) );
#179 = CARTESIAN_POINT ( 'NONE',  ( -0.8900000000000001243, 1.300000000000000044, 0.1500000000000000222 ) ) ;
#180 = LINE ( 'NONE', #1884, #1403 ) ;
#181 = ORIENTED_EDGE ( 'NONE', *, *, #287, .T. ) ;
#182 = ORIENTED_EDGE ( 'NONE', *, *, #579, .T. ) ;
#183 = DIRECTION ( 'NONE',  ( 0.0000000000000000000, 0.0000000000000000000, 1.000000000000000000 ) ) ;
#184 = CARTESIAN_POINT ( 'NONE',  ( 1.050000000000000044, -1.300000000000000266, 0.0000000000000000000 ) ) ;
#185 = DIRECTION ( 'NONE',  ( 1.000000000000000000, -0.0000000000000000000, -0.0000000000000000000 ) ) ;
#186 = ORIENTED_EDGE ( 'NONE', *, *, #2044, .T. ) ;
#187 = EDGE_LOOP ( 'NONE', ( #1015, #409, #1347, #3226 ) ) ;
#188 = LINE ( 'NONE', #449, #3169 ) ;
#189 = DIRECTION ( 'NONE',  ( 0.0000000000000000000, 0.0000000000000000000, -1.000000000000000000 ) ) ;
#190 = DIRECTION ( 'NONE',  ( 1.000000000000000000, 0.0000000000000000000, 0.0000000000000000000 ) ) ;
#191 = ADVANCED_FACE ( 'NONE', ( #3109 ), #614, .T. ) ;
#192 = ORIENTED_EDGE ( 'NONE', *, *, #3325, .F. ) ;
#193 = ADVANCED_FACE ( 'NONE', ( #2256 ), #1922, .T. ) ;
#194 = DIRECTION ( 'NONE',  ( 0.0000000000000000000, 0.0000000000000000000, -1.000000000000000000 ) ) ;
#195 = DIRECTION ( 'NONE',  ( 0.0000000000000000000, 0.0000000000000000000, -1.000000000000000000 ) ) ;
#196 = FACE_OUTER_BOUND ( 'NONE', #2320, .T. ) ;
#197 = ORIENTED_EDGE ( 'NONE', *, *, #2067, .T. ) ;
#198 = DIRECTION ( 'NONE',  ( -1.000000000000000000, 0.0000000000000000000, 0.0000000000000000000 ) ) ;
#199 = FACE_OUTER_BOUND ( 'NONE', #701, .T. ) ;
#200 = VERTEX_POINT ( 'NONE', #3612 ) ;
#201 = ORIENTED_EDGE ( 'NONE', *, *, #70, .T. ) ;
#202 = AXIS2_PLACEMENT_3D ( 'NONE', #1395, #2833, #317 ) ;
#203 = CARTESIAN_POINT ( 'NONE',  ( 1.540000000000000036, 0.2899999999999999800, 0.3399999999999999689 ) ) ;
#204 = AXIS2_PLACEMENT_3D ( 'NONE', #3393, #299, #3626 ) ;
#205 =( NAMED_UNIT ( * ) PLANE_ANGLE_UNIT ( ) SI_UNIT ( $, .RADIAN. ) );
#206 = CARTESIAN_POINT ( 'NONE',  ( -1.050000000000000044, -1.050000000000000044, 0.3399999999999999689 ) ) ;
#207 = ORIENTED_EDGE ( 'NONE', *, *, #1986, .F. ) ;
#208 = AXIS2_PLACEMENT_3D ( 'NONE', #3404, #3432, #2313 ) ;
#209 = ADVANCED_FACE ( 'NONE', ( #1715 ), #1977, .F. ) ;
#210 = ADVANCED_FACE ( 'NONE', ( #3074 ), #2094, .T. ) ;
#211 = CARTESIAN_POINT ( 'NONE',  ( -0.8899999999999999023, 1.500000000000000000, 0.1300000000000000044 ) ) ;
#212 = LINE ( 'NONE', #1340, #3494 ) ;
#213 = DIRECTION ( 'NONE',  ( 0.0000000000000000000, -1.000000000000000000, 0.0000000000000000000 ) ) ;
#214 = EDGE_CURVE ( 'NONE', #2718, #2906, #2219, .T. ) ;
#215 = SPHERICAL_SURFACE ( 'NONE', #2055, 0.01000000000000000021 ) ;
#216 = VERTEX_POINT ( 'NONE', #2630 ) ;
#217 = ORIENTED_EDGE ( 'NONE', *, *, #3168, .T. ) ;
#218 = CARTESIAN_POINT ( 'NONE',  ( -1.000000000000000000, 0.0000000000000000000, 0.4999999999999998890 ) ) ;
#219 = ORIENTED_EDGE ( 'NONE', *, *, #1364, .T. ) ;
#220 = EDGE_LOOP ( 'NONE', ( #2744, #2261, #682 ) ) ;
#221 = DIRECTION ( 'NONE',  ( 0.0000000000000000000, -0.0000000000000000000, 1.000000000000000000 ) ) ;
#222 =( GEOMETRIC_REPRESENTATION_CONTEXT ( 3 ) GLOBAL_UNCERTAINTY_ASSIGNED_CONTEXT ( ( #948 ) ) GLOBAL_UNIT_ASSIGNED_CONTEXT ( ( #2502, #2736, #3318 ) ) REPRESENTATION_CONTEXT ( 'NONE', 'WORKASPACE' ) );
#223 = DIRECTION ( 'NONE',  ( 0.0000000000000000000, 0.0000000000000000000, -1.000000000000000000 ) ) ;
#224 = DIRECTION ( 'NONE',  ( 0.0000000000000000000, -1.000000000000000000, 0.0000000000000000000 ) ) ;
#225 = VERTEX_POINT ( 'NONE', #2338 ) ;
#226 =( GEOMETRIC_REPRESENTATION_CONTEXT ( 3 ) GLOBAL_UNCERTAINTY_ASSIGNED_CONTEXT ( ( #379 ) ) GLOBAL_UNIT_ASSIGNED_CONTEXT ( ( #149, #3246, #1281 ) ) REPRESENTATION_CONTEXT ( 'NONE', 'WORKASPACE' ) );
#227 = DIRECTION ( 'NONE',  ( -1.000000000000000000, 0.0000000000000000000, 0.0000000000000000000 ) ) ;
#228 = DIRECTION ( 'NONE',  ( -2.065146995210484695E-16, 1.000000000000000000, -0.0000000000000000000 ) ) ;
#229 = AXIS2_PLACEMENT_3D ( 'NONE', #2616, #76, #890 ) ;
#230 = B_SPLINE_CURVE_WITH_KNOTS ( 'NONE', 3,
 ( #1208, #2326, #941, #2549, #3131, #2343, #641, #44, #3416, #3401, #2852, #1141, #2028 ),
 .UNSPECIFIED., .F., .F.,
 ( 4, 3, 3, 3, 4 ),
 ( -6.324555872941853617E-07, 0.0000000000000000000, 7.840856666123759882E-06, 1.483400100655120693E-05, 1.993728362545258060E-05 ),
 .UNSPECIFIED. ) ;
#231 = ADVANCED_FACE ( 'NONE', ( #2666 ), #1188, .F. ) ;
#232 = VECTOR ( 'NONE', #2080, 1000.000000000000000 ) ;
#233 = CARTESIAN_POINT ( 'NONE',  ( -0.2600000000000000089, 0.0000000000000000000, 0.3600000000000000977 ) ) ;
#234 = FACE_OUTER_BOUND ( 'NONE', #2602, .T. ) ;
#235 = VERTEX_POINT ( 'NONE', #1263 ) ;
#236 = ORIENTED_EDGE ( 'NONE', *, *, #2725, .F. ) ;
#237 = ADVANCED_FACE ( 'NONE', ( #353 ), #3228, .T. ) ;
#238 = EDGE_CURVE ( 'NONE', #3067, #2853, #2118, .T. ) ;
#239 = DIRECTION ( 'NONE',  ( 0.0000000000000000000, 0.0000000000000000000, 1.000000000000000000 ) ) ;
#240 = FACE_OUTER_BOUND ( 'NONE', #670, .T. ) ;
#241 = ORIENTED_EDGE ( 'NONE', *, *, #1550, .T. ) ;
#242 = ORIENTED_EDGE ( 'NONE', *, *, #3604, .T. ) ;
#243 = DIRECTION ( 'NONE',  ( -1.000000000000000000, -0.0000000000000000000, -0.0000000000000000000 ) ) ;
#244 = LINE ( 'NONE', #1444, #2096 ) ;
#245 = ORIENTED_EDGE ( 'NONE', *, *, #1205, .F. ) ;
#246 =( LENGTH_UNIT ( ) NAMED_UNIT ( * ) SI_UNIT ( .MILLI., .METRE. ) );
#247 = DIRECTION ( 'NONE',  ( -0.0000000000000000000, -0.0000000000000000000, 1.000000000000000000 ) ) ;
#248 = CARTESIAN_POINT ( 'NONE',  ( 0.8899999999999999023, -1.489999999999999991, 0.0000000000000000000 ) ) ;
#249 = CARTESIAN_POINT ( 'NONE',  ( 0.9552999536499138244, -0.2956382900726323704, 0.4882589154940983334 ) ) ;
#250 = DIRECTION ( 'NONE',  ( -9.637352644315598694E-16, -1.000000000000000000, 0.0000000000000000000 ) ) ;
#251 = ORIENTED_EDGE ( 'NONE', *, *, #668, .T. ) ;
#252 = ORIENTED_EDGE ( 'NONE', *, *, #1229, .F. ) ;
#253 = CARTESIAN_POINT ( 'NONE',  ( -0.9899999999999999911, 0.0000000000000000000, 1.175857864376268935 ) ) ;
#254 = EDGE_CURVE ( 'NONE', #2589, #3573, #2449, .T. ) ;
#255 = ADVANCED_FACE ( 'NONE', ( #413 ), #2323, .T. ) ;
#256 = CARTESIAN_POINT ( 'NONE',  ( 0.0000000000000000000, 0.0000000000000000000, 0.7051461789529179791 ) ) ;
#257 = ORIENTED_EDGE ( 'NONE', *, *, #1579, .T. ) ;
#258 = CYLINDRICAL_SURFACE ( 'NONE', #2751, 1.000000000000000000 ) ;
#259 = ORIENTED_EDGE ( 'NONE', *, *, #664, .T. ) ;
#260 = AXIS2_PLACEMENT_3D ( 'NONE', #3540, #1850, #2728 ) ;
#261 = SURFACE_SIDE_STYLE ('',( #1954 ) ) ;
#262 = CARTESIAN_POINT ( 'NONE',  ( 0.9329289321881342190, 1.181784161177195570E-16, 1.247071067811865497 ) ) ;
#263 = SURFACE_STYLE_FILL_AREA ( #7 ) ;
#264 = AXIS2_PLACEMENT_3D ( 'NONE', #2839, #3163, #2293 ) ;
#265 = VECTOR ( 'NONE', #2927, 1000.000000000000000 ) ;
#266 = CARTESIAN_POINT ( 'NONE',  ( 0.0000000000000000000, 0.0000000000000000000, 0.3600000000000000977 ) ) ;
#267 = CARTESIAN_POINT ( 'NONE',  ( 0.9000000000000003553, -1.050000000000000044, -0.01000000000000000021 ) ) ;
#268 = ORIENTED_EDGE ( 'NONE', *, *, #3278, .T. ) ;
#269 = DIRECTION ( 'NONE',  ( 1.000000000000000000, -0.0000000000000000000, -0.0000000000000000000 ) ) ;
#270 = AXIS2_PLACEMENT_3D ( 'NONE', #997, #1535, #126 ) ;
#271 = DIRECTION ( 'NONE',  ( -1.000000000000000000, 0.0000000000000000000, 0.0000000000000000000 ) ) ;
#272 = CYLINDRICAL_SURFACE ( 'NONE', #993, 0.01000000000000000021 ) ;
#273 = VECTOR ( 'NONE', #2146, 1000.000000000000000 ) ;
#274 = EDGE_LOOP ( 'NONE', ( #251, #1602, #57, #351 ) ) ;
#275 = EDGE_CURVE ( 'NONE', #2386, #225, #2034, .T. ) ;
#276 = VECTOR ( 'NONE', #496, 1000.000000000000000 ) ;
#277 = CARTESIAN_POINT ( 'NONE',  ( -0.8899999999999999023, -1.489999999999999991, 0.1400000000000000133 ) ) ;
#278 = CARTESIAN_POINT ( 'NONE',  ( 0.4484196949722924486, -0.2954001233072531263, -0.009622794041705563101 ) ) ;
#279 = AXIS2_PLACEMENT_3D ( 'NONE', #886, #1988, #20 ) ;
#280 = ORIENTED_EDGE ( 'NONE', *, *, #1252, .F. ) ;
#281 = EDGE_CURVE ( 'NONE', #2408, #3067, #859, .T. ) ;
#282 = VECTOR ( 'NONE', #1112, 1000.000000000000000 ) ;
#283 = DIRECTION ( 'NONE',  ( -0.7071067811865474617, 0.0000000000000000000, -0.7071067811865475727 ) ) ;
#284 = DIRECTION ( 'NONE',  ( -1.000000000000000000, 0.0000000000000000000, -0.0000000000000000000 ) ) ;
#285 = DIRECTION ( 'NONE',  ( -1.000000000000000000, 0.0000000000000000000, 0.0000000000000000000 ) ) ;
#286 = AXIS2_PLACEMENT_3D ( 'NONE', #2629, #2900, #2919 ) ;
#287 = EDGE_CURVE ( 'NONE', #1232, #3502, #3155, .T. ) ;
#288 = CIRCLE ( 'NONE', #3115, 0.9970710678118654968 ) ;
#289 = CARTESIAN_POINT ( 'NONE',  ( -1.301734367834415318, -0.3039854130815641819, -0.001948503887989455922 ) ) ;
#290 = DIRECTION ( 'NONE',  ( 0.0000000000000000000, 0.0000000000000000000, -1.000000000000000000 ) ) ;
#291 = EDGE_LOOP ( 'NONE', ( #2670, #1928 ) ) ;
#292 = DIRECTION ( 'NONE',  ( -1.000000000000000000, 0.0000000000000000000, 0.0000000000000000000 ) ) ;
#293 = ORIENTED_EDGE ( 'NONE', *, *, #3237, .F. ) ;
#294 = CIRCLE ( 'NONE', #175, 0.9299999999999998268 ) ;
#295 = DIRECTION ( 'NONE',  ( 1.000000000000000000, 0.0000000000000000000, 0.0000000000000000000 ) ) ;
#296 = ORIENTED_EDGE ( 'NONE', *, *, #2672, .F. ) ;
#297 = EDGE_LOOP ( 'NONE', ( #830, #327, #2363, #3055 ) ) ;
#298 = CARTESIAN_POINT ( 'NONE',  ( 0.9100000000000002531, 1.310000000000000275, -0.01000000000000000021 ) ) ;
#299 = DIRECTION ( 'NONE',  ( 0.0000000000000000000, -1.000000000000000000, 0.0000000000000000000 ) ) ;
#300 = ORIENTED_EDGE ( 'NONE', *, *, #2965, .F. ) ;
#301 =( NAMED_UNIT ( * ) SI_UNIT ( $, .STERADIAN. ) SOLID_ANGLE_UNIT ( ) );
#302 = EDGE_CURVE ( 'NONE', #2312, #3316, #1631, .T. ) ;
#303 = CARTESIAN_POINT ( 'NONE',  ( 0.0000000000000000000, 0.0000000000000000000, 1.239999999999999991 ) ) ;
#304 = EDGE_CURVE ( 'NONE', #1539, #3238, #2884, .T. ) ;
#305 = CARTESIAN_POINT ( 'NONE',  ( -1.050000000000000044, 1.289999999999999813, 0.3499999999999999778 ) ) ;
#306 = CARTESIAN_POINT ( 'NONE',  ( 1.050000000000000044, 1.050000000000000044, 0.3399999999999999689 ) ) ;
#307 = CARTESIAN_POINT ( 'NONE',  ( 0.9000000000000002442, -1.300000000000000266, 0.1300000000000000044 ) ) ;
#308 = ORIENTED_EDGE ( 'NONE', *, *, #768, .T. ) ;
#309 = DIRECTION ( 'NONE',  ( -0.0000000000000000000, -0.0000000000000000000, 1.000000000000000000 ) ) ;
#310 = CYLINDRICAL_SURFACE ( 'NONE', #3341, 0.2500000000000000000 ) ;
#311 = ORIENTED_EDGE ( 'NONE', *, *, #3425, .F. ) ;
#312 = ORIENTED_EDGE ( 'NONE', *, *, #467, .F. ) ;
#313 = CARTESIAN_POINT ( 'NONE',  ( 0.0000000000000000000, 0.0000000000000000000, 1.000000000000000000 ) ) ;
#314 = DIRECTION ( 'NONE',  ( -1.000000000000000000, 0.0000000000000000000, 0.0000000000000000000 ) ) ;
#315 = VERTEX_POINT ( 'NONE', #954 ) ;
#316 = DIRECTION ( 'NONE',  ( 1.000000000000000000, 0.0000000000000000000, 0.0000000000000000000 ) ) ;
#317 = DIRECTION ( 'NONE',  ( 1.000000000000000000, 0.0000000000000000000, 0.0000000000000000000 ) ) ;
#318 = DIRECTION ( 'NONE',  ( 1.000000000000000000, 0.0000000000000000000, 0.0000000000000000000 ) ) ;
#319 = EDGE_CURVE ( 'NONE', #842, #1950, #3034, .T. ) ;
#320 = LINE ( 'NONE', #3633, #3220 ) ;
#321 = FACE_OUTER_BOUND ( 'NONE', #3424, .T. ) ;
#322 = ORIENTED_EDGE ( 'NONE', *, *, #3248, .T. ) ;
#323 = CARTESIAN_POINT ( 'NONE',  ( 0.9000000000000000222, 1.500000000000000000, -0.01000000000000000021 ) ) ;
#324 = EDGE_CURVE ( 'NONE', #1976, #2983, #2650, .T. ) ;
#325 = CIRCLE ( 'NONE', #1390, 1.000000000000000000 ) ;
#326 = LINE ( 'NONE', #2858, #1398 ) ;
#327 = ORIENTED_EDGE ( 'NONE', *, *, #3230, .F. ) ;
#328 = AXIS2_PLACEMENT_3D ( 'NONE', #991, #1211, #2691 ) ;
#329 = ADVANCED_FACE ( 'NONE', ( #968 ), #1641, .F. ) ;
#330 = AXIS2_PLACEMENT_3D ( 'NONE', #1356, #1082, #2213 ) ;
#331 = CARTESIAN_POINT ( 'NONE',  ( 1.540000000000000036, -0.2899999999999999245, 0.4799999999999999822 ) ) ;
#332 = CARTESIAN_POINT ( 'NONE',  ( -0.9970710678118654968, 0.0000000000000000000, 1.182928932188134441 ) ) ;
#333 = ORIENTED_EDGE ( 'NONE', *, *, #2039, .F. ) ;
#334 = VERTEX_POINT ( 'NONE', #792 ) ;
#335 = AXIS2_PLACEMENT_3D ( 'NONE', #2190, #3405, #295 ) ;
#336 = AXIS2_PLACEMENT_3D ( 'NONE', #1595, #2163, #2457 ) ;
#337 = FACE_OUTER_BOUND ( 'NONE', #220, .T. ) ;
#338 = PRESENTATION_LAYER_ASSIGNMENT (  '', '', ( #3286 ) ) ;
#339 = CARTESIAN_POINT ( 'NONE',  ( 0.4499999999999999001, 0.2899999999999999800, 0.1300000000000000044 ) ) ;
#340 = LINE ( 'NONE', #356, #3527 ) ;
#341 = ORIENTED_EDGE ( 'NONE', *, *, #2632, .T. ) ;
#342 = VECTOR ( 'NONE', #1665, 1000.000000000000000 ) ;
#343 = LINE ( 'NONE', #3636, #1568 ) ;
#344 = EDGE_CURVE ( 'NONE', #3259, #3078, #3014, .T. ) ;
#345 = AXIS2_PLACEMENT_3D ( 'NONE', #1389, #843, #2005 ) ;
#346 = VERTEX_POINT ( 'NONE', #1585 ) ;
#347 = EDGE_CURVE ( 'NONE', #315, #3532, #1873, .T. ) ;
#348 = ADVANCED_FACE ( 'NONE', ( #2413 ), #3592, .F. ) ;
#349 = VECTOR ( 'NONE', #3177, 1000.000000000000000 ) ;
#350 = CARTESIAN_POINT ( 'NONE',  ( -0.8899999999999999023, 1.500000000000000000, 0.0000000000000000000 ) ) ;
#351 = ORIENTED_EDGE ( 'NONE', *, *, #55, .F. ) ;
#352 = ORIENTED_EDGE ( 'NONE', *, *, #1667, .T. ) ;
#353 = FACE_OUTER_BOUND ( 'NONE', #3463, .T. ) ;
#354 = CARTESIAN_POINT ( 'NONE',  ( -1.050000000000000044, -0.3099999999999999423, 0.0000000000000000000 ) ) ;
#355 = CARTESIAN_POINT ( 'NONE',  ( 1.300000000000000266, 1.050000000000000044, 0.3399999999999999689 ) ) ;
#356 = CARTESIAN_POINT ( 'NONE',  ( 1.050000000000000044, -1.300000000000000266, 0.1400000000000000133 ) ) ;
#357 = ORIENTED_EDGE ( 'NONE', *, *, #2831, .T. ) ;
#358 = CARTESIAN_POINT ( 'NONE',  ( 0.8899999999999999023, -1.489999999999999991, -0.01000000000000000021 ) ) ;
#359 = EDGE_LOOP ( 'NONE', ( #590, #2806, #252, #2788 ) ) ;
#360 = ADVANCED_FACE ( 'NONE', ( #3030 ), #2997, .F. ) ;
#361 = EDGE_CURVE ( 'NONE', #1705, #721, #1632, .T. ) ;
#362 = PLANE ( 'NONE',  #632 ) ;
#363 = CARTESIAN_POINT ( 'NONE',  ( 0.8899999999999999023, -1.500000000000000000, 0.0000000000000000000 ) ) ;
#364 = CARTESIAN_POINT ( 'NONE',  ( 0.9000000000000002442, -1.300000000000000266, 0.0000000000000000000 ) ) ;
#365 = ORIENTED_EDGE ( 'NONE', *, *, #393, .F. ) ;
#366 = EDGE_LOOP ( 'NONE', ( #1187, #910, #201, #1557 ) ) ;
#367 = EDGE_CURVE ( 'NONE', #921, #1917, #3556, .T. ) ;
#368 = CARTESIAN_POINT ( 'NONE',  ( -1.050000000000000044, 1.050000000000000044, 0.3499999999999999778 ) ) ;
#369 = CARTESIAN_POINT ( 'NONE',  ( 1.290000000000000036, 1.050000000000000044, 0.3399999999999999689 ) ) ;
#370 = CARTESIAN_POINT ( 'NONE',  ( 0.2500000000000000000, 3.061616997868383018E-17, 1.000000000000000000 ) ) ;
#371 = DIRECTION ( 'NONE',  ( -1.000000000000000000, 0.0000000000000000000, 0.0000000000000000000 ) ) ;
#372 = CARTESIAN_POINT ( 'NONE',  ( 0.9000000000000003553, 1.040000000000000036, -0.01000000000000000021 ) ) ;
#373 = ORIENTED_EDGE ( 'NONE', *, *, #2296, .T. ) ;
#374 = DIRECTION ( 'NONE',  ( -1.000000000000000000, 0.0000000000000000000, 0.0000000000000000000 ) ) ;
#375 = AXIS2_PLACEMENT_3D ( 'NONE', #3174, #2902, #1816 ) ;
#376 = VECTOR ( 'NONE', #489, 1000.000000000000000 ) ;
#377 = CARTESIAN_POINT ( 'NONE',  ( -1.300000000000000044, -0.2960826189956033416, 0.1396690026908817550 ) ) ;
#378 = ORIENTED_EDGE ( 'NONE', *, *, #3168, .F. ) ;
#379 = UNCERTAINTY_MEASURE_WITH_UNIT (LENGTH_MEASURE( 1.000000000000000082E-05 ), #149, 'distance_accuracy_value', 'NONE');
#380 = ORIENTED_EDGE ( 'NONE', *, *, #1381, .F. ) ;
#381 = CIRCLE ( 'NONE', #2918, 0.9329289321881342190 ) ;
#382 = DIRECTION ( 'NONE',  ( -0.0000000000000000000, -0.0000000000000000000, -1.000000000000000000 ) ) ;
#383 = CYLINDRICAL_SURFACE ( 'NONE', #2767, 0.2500000000000000000 ) ;
#384 = CIRCLE ( 'NONE', #1041, 0.9958123819371909047 ) ;
#385 = DIRECTION ( 'NONE',  ( -1.000000000000000000, -1.032573497605242717E-16, 0.0000000000000000000 ) ) ;
#386 = EDGE_LOOP ( 'NONE', ( #1812, #3004, #770, #2330 ) ) ;
#387 = ORIENTED_EDGE ( 'NONE', *, *, #399, .F. ) ;
#388 = EDGE_CURVE ( 'NONE', #661, #1934, #1982, .T. ) ;
#389 = AXIS2_PLACEMENT_3D ( 'NONE', #3526, #1486, #1504 ) ;
#390 = DIRECTION ( 'NONE',  ( 1.000000000000000000, 0.0000000000000000000, 0.0000000000000000000 ) ) ;
#391 = CIRCLE ( 'NONE', #1871, 1.000000000000000000 ) ;
#392 = DIRECTION ( 'NONE',  ( 9.637352644315598694E-16, 1.000000000000000000, 0.0000000000000000000 ) ) ;
#393 = EDGE_CURVE ( 'NONE', #155, #419, #450, .T. ) ;
#394 = COLOUR_RGB ( '',1.000000000000000000, 0.9058823529411764719, 0.9411764705882352811 ) ;
#395 = FACE_OUTER_BOUND ( 'NONE', #2214, .T. ) ;
#396 = APPLICATION_PROTOCOL_DEFINITION ( 'draft international standard', 'automotive_design', 1998, #3473 ) ;
#397 = ORIENTED_EDGE ( 'NONE', *, *, #2092, .T. ) ;
#398 = DIRECTION ( 'NONE',  ( 0.0000000000000000000, 1.000000000000000000, 0.0000000000000000000 ) ) ;
#399 = EDGE_CURVE ( 'NONE', #1540, #88, #861, .T. ) ;
#400 = AXIS2_PLACEMENT_3D ( 'NONE', #513, #778, #227 ) ;
#401 = AXIS2_PLACEMENT_3D ( 'NONE', #3242, #1312, #726 ) ;
#402 = ORIENTED_EDGE ( 'NONE', *, *, #1138, .F. ) ;
#403 = DIRECTION ( 'NONE',  ( 0.0000000000000000000, 0.0000000000000000000, -1.000000000000000000 ) ) ;
#404 = CARTESIAN_POINT ( 'NONE',  ( 0.9543476167891953299, 0.2986982194986342876, 0.4849336577276481264 ) ) ;
#405 = FILL_AREA_STYLE_COLOUR ( '', #469 ) ;
#406 = AXIS2_PLACEMENT_3D ( 'NONE', #1651, #1697, #1942 ) ;
#407 = DIRECTION ( 'NONE',  ( 1.000000000000000000, 0.0000000000000000000, 0.0000000000000000000 ) ) ;
#408 = ORIENTED_EDGE ( 'NONE', *, *, #3475, .F. ) ;
#409 = ORIENTED_EDGE ( 'NONE', *, *, #3140, .T. ) ;
#410 = COLOUR_RGB ( '',0.9686274509803921573, 0.8784313725490195957, 0.5999999999999999778 ) ;
#411 = B_SPLINE_CURVE_WITH_KNOTS ( 'NONE', 3,
 ( #2673, #3218, #377, #2365, #2949, #2966, #1532, #81, #3436, #2380, #2348, #681, #663 ),
 .UNSPECIFIED., .F., .F.,
 ( 4, 3, 3, 3, 4 ),
 ( 1.117570019170468128E-19, 5.079220152013310115E-06, 1.203939114632206072E-05, 1.984327742142616977E-05, 2.047573300872046991E-05 ),
 .UNSPECIFIED. ) ;
#412 = DIRECTION ( 'NONE',  ( -1.000000000000000000, 0.0000000000000000000, 0.0000000000000000000 ) ) ;
#413 = FACE_OUTER_BOUND ( 'NONE', #1320, .T. ) ;
#414 = DIRECTION ( 'NONE',  ( -1.224646799147353207E-16, 1.000000000000000000, 0.0000000000000000000 ) ) ;
#415 = ADVANCED_FACE ( 'NONE', ( #1317 ), #3147, .F. ) ;
#416 = ADVANCED_FACE ( 'NONE', ( #3289 ), #2136, .T. ) ;
#417 = CARTESIAN_POINT ( 'NONE',  ( 1.300000000000000266, 1.050000000000000044, 0.3399999999999999689 ) ) ;
#418 = FILL_AREA_STYLE_COLOUR ( '', #410 ) ;
#419 = VERTEX_POINT ( 'NONE', #2252 ) ;
#420 = LINE ( 'NONE', #2671, #3044 ) ;
#421 = DIRECTION ( 'NONE',  ( 0.0000000000000000000, 0.0000000000000000000, 1.000000000000000000 ) ) ;
#422 = ORIENTED_EDGE ( 'NONE', *, *, #3388, .F. ) ;
#423 = CARTESIAN_POINT ( 'NONE',  ( 1.050000000000000044, 1.300000000000000266, 0.3499999999999999778 ) ) ;
#424 = DIRECTION ( 'NONE',  ( 9.637352644315598694E-16, -1.000000000000000000, -0.0000000000000000000 ) ) ;
#425 = CARTESIAN_POINT ( 'NONE',  ( -1.301920332280676940, -0.2991581412742478352, -0.007617552318983019342 ) ) ;
#426 = DIRECTION ( 'NONE',  ( -0.0000000000000000000, -0.0000000000000000000, -1.000000000000000000 ) ) ;
#427 = VERTEX_POINT ( 'NONE', #2232 ) ;
#428 = ORIENTED_EDGE ( 'NONE', *, *, #1144, .F. ) ;
#429 = DIRECTION ( 'NONE',  ( -1.000000000000000000, 0.0000000000000000000, 0.0000000000000000000 ) ) ;
#430 = CARTESIAN_POINT ( 'NONE',  ( 0.8899999999999999023, -1.500000000000000000, -0.01000000000000000021 ) ) ;
#431 = CARTESIAN_POINT ( 'NONE',  ( -0.9000000000000003553, 1.300000000000000044, 0.1500000000000000222 ) ) ;
#432 = CARTESIAN_POINT ( 'NONE',  ( -0.2500000000000000000, 0.0000000000000000000, 1.250000000000000000 ) ) ;
#433 = ORIENTED_EDGE ( 'NONE', *, *, #3588, .T. ) ;
#434 = DIRECTION ( 'NONE',  ( -1.000000000000000000, -1.032573497605242347E-16, -0.0000000000000000000 ) ) ;
#435 = ADVANCED_FACE ( 'NONE', ( #560 ), #1371, .T. ) ;
#436 = CYLINDRICAL_SURFACE ( 'NONE', #160, 0.2500000000000002220 ) ;
#437 = ORIENTED_EDGE ( 'NONE', *, *, #2206, .T. ) ;
#438 = EDGE_CURVE ( 'NONE', #3482, #2929, #680, .T. ) ;
#439 = AXIS2_PLACEMENT_3D ( 'NONE', #3188, #2333, #3205 ) ;
#440 = FACE_OUTER_BOUND ( 'NONE', #2967, .T. ) ;
#441 = CARTESIAN_POINT ( 'NONE',  ( 0.9100000000000002531, 1.310000000000000275, 0.1300000000000000044 ) ) ;
#442 = DIRECTION ( 'NONE',  ( 0.7071067811865474617, 8.659560562354931626E-17, -0.7071067811865475727 ) ) ;
#443 = DIRECTION ( 'NONE',  ( -1.000000000000000000, 0.0000000000000000000, 0.0000000000000000000 ) ) ;
#445 = ORIENTED_EDGE ( 'NONE', *, *, #620, .F. ) ;
#444 = CIRCLE ( 'NONE', #2228, 0.01000000000000000021 ) ;
#446 = ORIENTED_EDGE ( 'NONE', *, *, #116, .F. ) ;
#447 = VECTOR ( 'NONE', #917, 1000.000000000000000 ) ;
#448 = ADVANCED_BREP_SHAPE_REPRESENTATION ( 'User Library-20279-001', ( #3280, #3640 ), #2307 ) ;
#449 = CARTESIAN_POINT ( 'NONE',  ( 0.4499999999999999001, -0.2999999999999999889, 0.1300000000000000044 ) ) ;
#450 = LINE ( 'NONE', #1606, #2688 ) ;
#451 = DIRECTION ( 'NONE',  ( 9.637352644315598694E-16, 1.000000000000000000, 0.0000000000000000000 ) ) ;
#452 = VERTEX_POINT ( 'NONE', #844 ) ;
#453 = VECTOR ( 'NONE', #2176, 1000.000000000000000 ) ;
#454 = B_SPLINE_CURVE_WITH_KNOTS ( 'NONE', 3,
 ( #3499, #1242, #1276, #2385, #964, #128, #1831, #3204, #2954, #425, #3257, #2131, #1555 ),
 .UNSPECIFIED., .F., .F.,
 ( 4, 3, 3, 3, 4 ),
 ( -8.952098438515442911E-07, 0.0000000000000000000, 2.898456203172329613E-06, 6.399810919942825197E-06, 9.908398966065702366E-06 ),
 .UNSPECIFIED. ) ;
#455 = AXIS2_PLACEMENT_3D ( 'NONE', #1065, #1023, #190 ) ;
#456 = FACE_OUTER_BOUND ( 'NONE', #570, .T. ) ;
#457 = CARTESIAN_POINT ( 'NONE',  ( -0.8900000000000003464, -1.050000000000000044, 0.0000000000000000000 ) ) ;
#458 = CYLINDRICAL_SURFACE ( 'NONE', #747, 0.01000000000000002623 ) ;
#459 = AXIS2_PLACEMENT_3D ( 'NONE', #2776, #3337, #3620 ) ;
#460 = CARTESIAN_POINT ( 'NONE',  ( -1.300951574366007613, -0.3055755166938625700, -0.0009913933120944905773 ) ) ;
#461 = ORIENTED_EDGE ( 'NONE', *, *, #2523, .F. ) ;
#462 = AXIS2_PLACEMENT_3D ( 'NONE', #306, #2799, #3111 ) ;
#463 = UNCERTAINTY_MEASURE_WITH_UNIT (LENGTH_MEASURE( 1.000000000000000082E-05 ), #2741, 'distance_accuracy_value', 'NONE');
#464 = CIRCLE ( 'NONE', #992, 0.9299999999999998268 ) ;
#465 = DIRECTION ( 'NONE',  ( 0.8137334712067356701, 9.965360908723937382E-17, -0.5812381937190955750 ) ) ;
#466 = EDGE_CURVE ( 'NONE', #3319, #1441, #2625, .T. ) ;
#467 = EDGE_CURVE ( 'NONE', #2493, #649, #3493, .T. ) ;
#468 = LINE ( 'NONE', #2722, #2513 ) ;
#469 = COLOUR_RGB ( '',1.000000000000000000, 0.9058823529411764719, 0.9411764705882352811 ) ;
#470 = EDGE_LOOP ( 'NONE', ( #2821, #2128, #481, #1803, #1401, #2647, #1678, #186, #953, #2680 ) ) ;
#471 = VERTEX_POINT ( 'NONE', #3122 ) ;
#472 = AXIS2_PLACEMENT_3D ( 'NONE', #331, #1185, #2268 ) ;
#473 = DIRECTION ( 'NONE',  ( 1.000000000000000000, 0.0000000000000000000, 0.0000000000000000000 ) ) ;
#474 = CARTESIAN_POINT ( 'NONE',  ( 1.050000000000000044, -1.290000000000000258, 0.3499999999999999778 ) ) ;
#475 = COLOUR_RGB ( '',0.9686274509803921573, 0.8784313725490195957, 0.5999999999999999778 ) ;
#476 = CARTESIAN_POINT ( 'NONE',  ( 0.8899999999999999023, -1.489999999999999991, 0.0000000000000000000 ) ) ;
#477 = DIRECTION ( 'NONE',  ( -1.000000000000000000, 0.0000000000000000000, 0.0000000000000000000 ) ) ;
#478 = FACE_OUTER_BOUND ( 'NONE', #764, .T. ) ;
#479 = DIRECTION ( 'NONE',  ( 1.000000000000000000, -9.637352644315598694E-16, 0.0000000000000000000 ) ) ;
#480 = ORIENTED_EDGE ( 'NONE', *, *, #2875, .F. ) ;
#481 = ORIENTED_EDGE ( 'NONE', *, *, #2367, .T. ) ;
#482 = DIRECTION ( 'NONE',  ( 1.000000000000000000, 0.0000000000000000000, 0.0000000000000000000 ) ) ;
#483 = CARTESIAN_POINT ( 'NONE',  ( 0.9000000000000003553, -1.050000000000000044, 0.0000000000000000000 ) ) ;
#484 = DIRECTION ( 'NONE',  ( -9.637352644315598694E-16, 1.000000000000000000, 0.0000000000000000000 ) ) ;
#485 = ORIENTED_EDGE ( 'NONE', *, *, #2039, .T. ) ;
#486 = VERTEX_POINT ( 'NONE', #1966 ) ;
#487 = EDGE_CURVE ( 'NONE', #486, #3532, #507, .T. ) ;
#488 = DIRECTION ( 'NONE',  ( -0.0000000000000000000, -1.000000000000000000, 0.0000000000000000000 ) ) ;
#489 = DIRECTION ( 'NONE',  ( -1.000000000000000000, -0.0000000000000000000, -0.0000000000000000000 ) ) ;
#490 = FACE_OUTER_BOUND ( 'NONE', #15, .T. ) ;
#491 = ORIENTED_EDGE ( 'NONE', *, *, #3425, .T. ) ;
#492 = EDGE_CURVE ( 'NONE', #2530, #2199, #3330, .T. ) ;
#493 = CYLINDRICAL_SURFACE ( 'NONE', #1224, 0.01000000000000002623 ) ;
#494 = CARTESIAN_POINT ( 'NONE',  ( -1.050000000000000044, 1.300000000000000044, 0.3399999999999999689 ) ) ;
#495 = DIRECTION ( 'NONE',  ( 1.000000000000000000, 0.0000000000000000000, 0.0000000000000000000 ) ) ;
#496 = DIRECTION ( 'NONE',  ( 0.0000000000000000000, -0.0000000000000000000, 1.000000000000000000 ) ) ;
#497 = ORIENTED_EDGE ( 'NONE', *, *, #66, .T. ) ;
#498 = VERTEX_POINT ( 'NONE', #3086 ) ;
#499 = CLOSED_SHELL ( 'NONE', ( #415, #2186, #2807, #125, #3491, #2211, #3158, #3231, #3320, #2544, #3449, #2337, #1890, #3120, #1792, #1623, #416, #2654, #30, #522, #2561, #1255, #1120, #1730, #2835, #2964, #2088, #2731, #1228, #2942, #509, #1552, #1980, #1168, #1004, #2322, #2698, #3428, #3605, #99, #1645, #2137, #231, #719, #1388, #961, #1915, #3017, #1777, #619, #2113, #348, #2031, #627, #537, #1604, #839, #3182, #3474, #329, #2901, #3006, #978, #2114, #360, #2562, #2193, #2923, #2567, #1649, #1756, #209, #3184, #1297, #916, #939, #1528, #1431, #2043, #1549, #2277, #1523, #191, #435, #1456, #210, #2433, #2591, #1270, #1862, #1318, #1159, #1571, #2210, #193, #2896, #1672, #3601, #1009, #2611, #2984, #255, #722, #3057, #1163, #2985, #121, #2489, #3364, #1712, #762, #2359, #3394, #3584, #874, #853, #237, #1748, #1162, #93, #176 ) ) ;
#500 = DIRECTION ( 'NONE',  ( 9.637352644315598694E-16, 1.000000000000000000, -0.0000000000000000000 ) ) ;
#501 = CARTESIAN_POINT ( 'NONE',  ( -0.8900000000000001243, 1.310000000000000053, 0.1300000000000000044 ) ) ;
#502 = CARTESIAN_POINT ( 'NONE',  ( 0.0000000000000000000, 0.0000000000000000000, 1.250000000000000000 ) ) ;
#503 = ORIENTED_EDGE ( 'NONE', *, *, #71, .F. ) ;
#504 = EDGE_LOOP ( 'NONE', ( #2575, #2286, #65, #159, #871, #485 ) ) ;
#505 = AXIS2_PLACEMENT_3D ( 'NONE', #1225, #1767, #2356 ) ;
#506 = CARTESIAN_POINT ( 'NONE',  ( 0.8900000000000001243, -1.300000000000000266, 0.1300000000000000044 ) ) ;
#507 = CIRCLE ( 'NONE', #2334, 0.8499999999999999778 ) ;
#508 = SURFACE_SIDE_STYLE ('',( #774 ) ) ;
#509 = ADVANCED_FACE ( 'NONE', ( #897 ), #258, .T. ) ;
#510 = CYLINDRICAL_SURFACE ( 'NONE', #1280, 0.01000000000000002623 ) ;
#511 = ORIENTED_EDGE ( 'NONE', *, *, #1076, .F. ) ;
#512 = VECTOR ( 'NONE', #3422, 1000.000000000000000 ) ;
#513 = CARTESIAN_POINT ( 'NONE',  ( 0.0000000000000000000, 0.0000000000000000000, 1.250000000000000000 ) ) ;
#514 = EDGE_CURVE ( 'NONE', #3255, #3215, #1689, .T. ) ;
#515 = DIRECTION ( 'NONE',  ( 0.0000000000000000000, -0.0000000000000000000, 1.000000000000000000 ) ) ;
#516 = EDGE_CURVE ( 'NONE', #3482, #3316, #244, .T. ) ;
#517 = STYLED_ITEM ( 'NONE', ( #3060 ), #1168 ) ;
#518 = DIRECTION ( 'NONE',  ( 0.0000000000000000000, 1.000000000000000000, 0.0000000000000000000 ) ) ;
#519 = DIRECTION ( 'NONE',  ( -1.000000000000000000, 0.0000000000000000000, 0.0000000000000000000 ) ) ;
#520 = LINE ( 'NONE', #1681, #1661 ) ;
#521 = ORIENTED_EDGE ( 'NONE', *, *, #1933, .F. ) ;
#522 = ADVANCED_FACE ( 'NONE', ( #1134 ), #2574, .F. ) ;
#523 = AXIS2_PLACEMENT_3D ( 'NONE', #1779, #949, #2499 ) ;
#524 = CARTESIAN_POINT ( 'NONE',  ( -1.050000000000000044, 1.300000000000000044, 0.3399999999999999689 ) ) ;
#525 = LINE ( 'NONE', #1657, #3458 ) ;
#526 = ORIENTED_EDGE ( 'NONE', *, *, #1728, .F. ) ;
#527 = VERTEX_POINT ( 'NONE', #930 ) ;
#528 = AXIS2_PLACEMENT_3D ( 'NONE', #2577, #1448, #2558 ) ;
#529 = DIRECTION ( 'NONE',  ( -1.032573497605242347E-16, 1.000000000000000000, -0.0000000000000000000 ) ) ;
#530 = AXIS2_PLACEMENT_3D ( 'NONE', #841, #1948, #3083 ) ;
#531 = ORIENTED_EDGE ( 'NONE', *, *, #672, .F. ) ;
#532 = AXIS2_PLACEMENT_3D ( 'NONE', #506, #2231, #1640 ) ;
#533 = LINE ( 'NONE', #2507, #342 ) ;
#534 = CARTESIAN_POINT ( 'NONE',  ( -1.540000000000000036, -0.2899999999999999245, 0.1300000000000000044 ) ) ;
#535 = AXIS2_PLACEMENT_3D ( 'NONE', #2299, #896, #2593 ) ;
#536 = FILL_AREA_STYLE_COLOUR ( '', #567 ) ;
#537 = ADVANCED_FACE ( 'NONE', ( #2663 ), #1197, .T. ) ;
#538 = EDGE_CURVE ( 'NONE', #235, #427, #2036, .T. ) ;
#539 = AXIS2_PLACEMENT_3D ( 'NONE', #1546, #2656, #2377 ) ;
#540 = CARTESIAN_POINT ( 'NONE',  ( -1.300000000000000044, -0.3090650832417867200, 0.0000000000000000000 ) ) ;
#541 = FACE_OUTER_BOUND ( 'NONE', #3367, .T. ) ;
#542 = ORIENTED_EDGE ( 'NONE', *, *, #811, .F. ) ;
#543 = ORIENTED_EDGE ( 'NONE', *, *, #3125, .F. ) ;
#544 = CARTESIAN_POINT ( 'NONE',  ( -0.8899999999999999023, -1.489999999999999991, 0.1300000000000000044 ) ) ;
#545 = CARTESIAN_POINT ( 'NONE',  ( 0.9299999999999998268, 0.0000000000000000000, 0.6500000000000000222 ) ) ;
#546 = EDGE_LOOP ( 'NONE', ( #1811, #2154, #3149, #3603 ) ) ;
#547 = DIRECTION ( 'NONE',  ( -0.0000000000000000000, -0.0000000000000000000, 1.000000000000000000 ) ) ;
#548 = CARTESIAN_POINT ( 'NONE',  ( 0.4489422050340733938, -0.2945784328622275128, -0.009855108772968782307 ) ) ;
#549 = ORIENTED_EDGE ( 'NONE', *, *, #1075, .T. ) ;
#550 = FILL_AREA_STYLE_COLOUR ( '', #3056 ) ;
#551 = CARTESIAN_POINT ( 'NONE',  ( 0.8900000000000001243, 1.310000000000000275, 0.1300000000000000044 ) ) ;
#552 = DIRECTION ( 'NONE',  ( 0.0000000000000000000, 0.0000000000000000000, 1.000000000000000000 ) ) ;
#553 = DIRECTION ( 'NONE',  ( 0.0000000000000000000, 1.000000000000000000, 0.0000000000000000000 ) ) ;
#554 = VERTEX_POINT ( 'NONE', #364 ) ;
#555 = EDGE_CURVE ( 'NONE', #612, #2270, #2090, .T. ) ;
#556 = CARTESIAN_POINT ( 'NONE',  ( -1.050000000000000044, 0.2999999999999999334, 0.0000000000000000000 ) ) ;
#557 = FACE_OUTER_BOUND ( 'NONE', #1943, .T. ) ;
#558 = ORIENTED_EDGE ( 'NONE', *, *, #361, .F. ) ;
#559 = CARTESIAN_POINT ( 'NONE',  ( 0.4499999999999999001, 0.2999999999999999889, -0.01000000000000000021 ) ) ;
#560 = FACE_OUTER_BOUND ( 'NONE', #2723, .T. ) ;
#561 = EDGE_LOOP ( 'NONE', ( #1791, #2950, #1492, #2779, #1467 ) ) ;
#562 = VECTOR ( 'NONE', #2020, 1000.000000000000000 ) ;
#563 = DIRECTION ( 'NONE',  ( -1.224646799147353207E-16, 1.000000000000000000, 0.0000000000000000000 ) ) ;
#564 = DIRECTION ( 'NONE',  ( -1.000000000000000000, 0.0000000000000000000, 0.0000000000000000000 ) ) ;
#565 = AXIS2_PLACEMENT_3D ( 'NONE', #2603, #2585, #2873 ) ;
#566 = CIRCLE ( 'NONE', #2855, 0.01000000000000000021 ) ;
#567 = COLOUR_RGB ( '',1.000000000000000000, 0.9058823529411764719, 0.9411764705882352811 ) ;
#568 = CARTESIAN_POINT ( 'NONE',  ( 0.9000000000000000222, -1.489999999999999991, 0.0000000000000000000 ) ) ;
#569 = DIRECTION ( 'NONE',  ( 1.000000000000000000, 0.0000000000000000000, 0.0000000000000000000 ) ) ;
#570 = EDGE_LOOP ( 'NONE', ( #1072, #3453, #1150, #1014 ) ) ;
#571 = CARTESIAN_POINT ( 'NONE',  ( 0.8900000000000013456, -8.577243853440896505E-16, 0.0000000000000000000 ) ) ;
#572 = EDGE_LOOP ( 'NONE', ( #3635, #891, #2070, #800 ) ) ;
#573 = CIRCLE ( 'NONE', #455, 0.01000000000000002623 ) ;
#574 = CARTESIAN_POINT ( 'NONE',  ( -1.539999999999999591, 0.2999999999999999889, -0.01000000000000000021 ) ) ;
#575 = VERTEX_POINT ( 'NONE', #2645 ) ;
#576 = EDGE_LOOP ( 'NONE', ( #1685, #1848, #1031, #728, #2773, #3339, #2349, #2099, #3185, #3265 ) ) ;
#577 = CIRCLE ( 'NONE', #2930, 0.01000000000000002623 ) ;
#578 = EDGE_CURVE ( 'NONE', #2659, #1118, #1268, .T. ) ;
#579 = EDGE_CURVE ( 'NONE', #1333, #3171, #1567, .T. ) ;
#580 = CARTESIAN_POINT ( 'NONE',  ( -1.540000000000000036, 0.2899999999999999800, 0.1300000000000000044 ) ) ;
#581 = SURFACE_SIDE_STYLE ('',( #3104 ) ) ;
#582 = VERTEX_POINT ( 'NONE', #129 ) ;
#583 = COLOUR_RGB ( '',1.000000000000000000, 0.9058823529411764719, 0.9411764705882352811 ) ;
#584 = CARTESIAN_POINT ( 'NONE',  ( 0.9539392014169456591, 0.2999999999999998779, 0.3500000000000001443 ) ) ;
#585 = DIRECTION ( 'NONE',  ( 1.000000000000000000, 0.0000000000000000000, 0.0000000000000000000 ) ) ;
#586 =( GEOMETRIC_REPRESENTATION_CONTEXT ( 3 ) GLOBAL_UNCERTAINTY_ASSIGNED_CONTEXT ( ( #3183 ) ) GLOBAL_UNIT_ASSIGNED_CONTEXT ( ( #2612, #2135, #72 ) ) REPRESENTATION_CONTEXT ( 'NONE', 'WORKASPACE' ) );
#587 = AXIS2_PLACEMENT_3D ( 'NONE', #3634, #819, #2969 ) ;
#588 = CARTESIAN_POINT ( 'NONE',  ( 0.9550269021854079776, -0.2965206049152817047, 0.4876565667932549197 ) ) ;
#589 = DIRECTION ( 'NONE',  ( -1.000000000000000000, -0.0000000000000000000, -0.0000000000000000000 ) ) ;
#590 = ORIENTED_EDGE ( 'NONE', *, *, #714, .F. ) ;
#591 = DIRECTION ( 'NONE',  ( 0.0000000000000000000, -0.0000000000000000000, 1.000000000000000000 ) ) ;
#592 = ORIENTED_EDGE ( 'NONE', *, *, #3230, .T. ) ;
#593 = DIRECTION ( 'NONE',  ( -0.0000000000000000000, 0.0000000000000000000, -1.000000000000000000 ) ) ;
#594 = ORIENTED_EDGE ( 'NONE', *, *, #1298, .T. ) ;
#595 = ORIENTED_EDGE ( 'NONE', *, *, #2482, .T. ) ;
#596 = CARTESIAN_POINT ( 'NONE',  ( -1.300000000000000266, 1.050000000000000044, 0.0000000000000000000 ) ) ;
#597 = CARTESIAN_POINT ( 'NONE',  ( 0.4461223171820775102, -0.2980047055906350773, -0.008464165796314841381 ) ) ;
#598 = ORIENTED_EDGE ( 'NONE', *, *, #1625, .T. ) ;
#599 = EDGE_CURVE ( 'NONE', #1950, #3324, #2056, .T. ) ;
#600 = LINE ( 'NONE', #1432, #2764 ) ;
#601 = LINE ( 'NONE', #2559, #3261 ) ;
#602 = CARTESIAN_POINT ( 'NONE',  ( 0.0000000000000000000, 0.0000000000000000000, 0.6500000000000000222 ) ) ;
#603 = EDGE_CURVE ( 'NONE', #1051, #2838, #2897, .T. ) ;
#604 = CARTESIAN_POINT ( 'NONE',  ( -1.302734381934924190, -0.3016878762983551954, -0.004440449697271853062 ) ) ;
#605 = CARTESIAN_POINT ( 'NONE',  ( 1.550000000000000266, 0.2899999999999999800, 0.3499999999999999778 ) ) ;
#606 = ORIENTED_EDGE ( 'NONE', *, *, #1813, .F. ) ;
#607 = CARTESIAN_POINT ( 'NONE',  ( -1.049999999999999822, -1.290000000000000480, 0.3399999999999999689 ) ) ;
#608 = CARTESIAN_POINT ( 'NONE',  ( 0.0000000000000000000, 0.0000000000000000000, 0.4999999999999998890 ) ) ;
#609 = ORIENTED_EDGE ( 'NONE', *, *, #344, .T. ) ;
#610 = DIRECTION ( 'NONE',  ( -1.000000000000000000, 0.0000000000000000000, 0.0000000000000000000 ) ) ;
#611 = DIRECTION ( 'NONE',  ( -1.000000000000000000, -0.0000000000000000000, -0.0000000000000000000 ) ) ;
#612 = VERTEX_POINT ( 'NONE', #1762 ) ;
#613 = EDGE_CURVE ( 'NONE', #3072, #1726, #2913, .T. ) ;
#614 = TOROIDAL_SURFACE ( 'NONE', #3090, 0.02000000000000000042, 0.01000000000000000021 ) ;
#615 = DIRECTION ( 'NONE',  ( 0.0000000000000000000, 0.0000000000000000000, 1.000000000000000000 ) ) ;
#616 = DIRECTION ( 'NONE',  ( 0.0000000000000000000, 0.0000000000000000000, 1.000000000000000000 ) ) ;
#617 = DIRECTION ( 'NONE',  ( 0.0000000000000000000, 0.0000000000000000000, -1.000000000000000000 ) ) ;
#618 = AXIS2_PLACEMENT_3D ( 'NONE', #3557, #2793, #1725 ) ;
#619 = ADVANCED_FACE ( 'NONE', ( #3137 ), #1496, .F. ) ;
#620 = EDGE_CURVE ( 'NONE', #3371, #3067, #87, .T. ) ;
#621 = DIRECTION ( 'NONE',  ( 0.0000000000000000000, 0.0000000000000000000, -1.000000000000000000 ) ) ;
#622 = CARTESIAN_POINT ( 'NONE',  ( -1.049999999999999822, -1.290000000000000480, 0.3499999999999999778 ) ) ;
#623 = ORIENTED_EDGE ( 'NONE', *, *, #1477, .F. ) ;
#624 = VECTOR ( 'NONE', #1243, 1000.000000000000000 ) ;
#625 = CARTESIAN_POINT ( 'NONE',  ( -0.9329289321881342190, 0.0000000000000000000, 1.247071067811865497 ) ) ;
#626 = CIRCLE ( 'NONE', #2336, 0.2500000000000002220 ) ;
#627 = ADVANCED_FACE ( 'NONE', ( #3462 ), #689, .F. ) ;
#628 = FACE_OUTER_BOUND ( 'NONE', #2452, .T. ) ;
#629 = ORIENTED_EDGE ( 'NONE', *, *, #1499, .F. ) ;
#630 = CIRCLE ( 'NONE', #3270, 0.009999999999999998473 ) ;
#631 = B_SPLINE_CURVE_WITH_KNOTS ( 'NONE', 3,
 ( #2142, #540, #1668, #2421, #3531, #460, #2563, #289, #3351, #2509, #1971, #1696, #604, #1155, #849, #1420 ),
 .UNSPECIFIED., .F., .F.,
 ( 4, 3, 3, 3, 3, 4 ),
 ( 0.0000000000000000000, 2.804750280371310314E-06, 5.573341109629273067E-06, 8.817545829710270985E-06, 1.017356764559389603E-05, 1.082201951129766013E-05 ),
 .UNSPECIFIED. ) ;
#632 = AXIS2_PLACEMENT_3D ( 'NONE', #962, #3202, #3240 ) ;
#633 = DIRECTION ( 'NONE',  ( 1.000000000000000000, 0.0000000000000000000, 0.0000000000000000000 ) ) ;
#634 = CARTESIAN_POINT ( 'NONE',  ( 0.9000000000000023537, 1.049999999999998046, 0.0000000000000000000 ) ) ;
#635 = ORIENTED_EDGE ( 'NONE', *, *, #3201, .F. ) ;
#636 = TOROIDAL_SURFACE ( 'NONE', #1109, 0.2400000000000001021, 0.01000000000000000021 ) ;
#637 = AXIS2_PLACEMENT_3D ( 'NONE', #1190, #940, #3160 ) ;
#638 = CARTESIAN_POINT ( 'NONE',  ( 0.9100000000000002531, 1.300000000000000266, 0.1400000000000000133 ) ) ;
#639 = CARTESIAN_POINT ( 'NONE',  ( 0.0000000000000000000, 0.0000000000000000000, 1.000000000000000000 ) ) ;
#640 = CARTESIAN_POINT ( 'NONE',  ( 0.0000000000000000000, 0.0000000000000000000, 0.4948538210470819765 ) ) ;
#641 = CARTESIAN_POINT ( 'NONE',  ( 0.4457159436182647205, -0.3037459251293994633, 0.0000000000000000000 ) ) ;
#642 = VERTEX_POINT ( 'NONE', #332 ) ;
#643 = PRESENTATION_LAYER_ASSIGNMENT (  '', '', ( #2646 ) ) ;
#644 = FACE_OUTER_BOUND ( 'NONE', #1652, .T. ) ;
#645 = EDGE_CURVE ( 'NONE', #554, #2909, #2595, .T. ) ;
#646 = EDGE_CURVE ( 'NONE', #1734, #1244, #1186, .T. ) ;
#647 = AXIS2_PLACEMENT_3D ( 'NONE', #203, #221, #2504 ) ;
#648 = DIRECTION ( 'NONE',  ( -1.000000000000000000, 0.0000000000000000000, -0.0000000000000000000 ) ) ;
#649 = VERTEX_POINT ( 'NONE', #912 ) ;
#650 = UNCERTAINTY_MEASURE_WITH_UNIT (LENGTH_MEASURE( 1.000000000000000082E-05 ), #246, 'distance_accuracy_value', 'NONE');
#651 = VECTOR ( 'NONE', #2772, 1000.000000000000000 ) ;
#652 = CARTESIAN_POINT ( 'NONE',  ( -0.8958578643762690197, 1.500000000000000000, -0.005857864376269047990 ) ) ;
#653 = DIRECTION ( 'NONE',  ( 0.0000000000000000000, -0.0000000000000000000, 1.000000000000000000 ) ) ;
#654 = ORIENTED_EDGE ( 'NONE', *, *, #691, .T. ) ;
#655 = ORIENTED_EDGE ( 'NONE', *, *, #2586, .T. ) ;
#656 = SURFACE_SIDE_STYLE ('',( #2883 ) ) ;
#657 = DIRECTION ( 'NONE',  ( 1.000000000000000000, 1.032573497605242347E-16, 0.0000000000000000000 ) ) ;
#658 = FACE_OUTER_BOUND ( 'NONE', #135, .T. ) ;
#659 = CARTESIAN_POINT ( 'NONE',  ( -1.310000000000000053, -0.2899999999999999800, -0.01000000000000000021 ) ) ;
#660 = CARTESIAN_POINT ( 'NONE',  ( 0.9299999999999998268, 0.0000000000000000000, 0.6500000000000000222 ) ) ;
#661 = VERTEX_POINT ( 'NONE', #3153 ) ;
#662 = DIRECTION ( 'NONE',  ( 0.0000000000000000000, 1.000000000000000000, 0.0000000000000000000 ) ) ;
#663 = CARTESIAN_POINT ( 'NONE',  ( -1.300000000000000044, -0.3099999999999999423, 0.1300000000000000044 ) ) ;
#664 = EDGE_CURVE ( 'NONE', #1917, #3138, #1001, .T. ) ;
#665 = EDGE_LOOP ( 'NONE', ( #629, #521, #1765, #2516 ) ) ;
#666 = CARTESIAN_POINT ( 'NONE',  ( 1.050000000000000044, -1.300000000000000266, 0.3399999999999999689 ) ) ;
#667 = SURFACE_STYLE_USAGE ( .BOTH. , #3203 ) ;
#668 = EDGE_CURVE ( 'NONE', #2263, #2724, #1984, .T. ) ;
#669 = VERTEX_POINT ( 'NONE', #1018 ) ;
#670 = EDGE_LOOP ( 'NONE', ( #1446, #1237, #1221, #1806 ) ) ;
#671 = FILL_AREA_STYLE ('',( #3445 ) ) ;
#672 = EDGE_CURVE ( 'NONE', #1493, #2493, #3266, .T. ) ;
#673 = CARTESIAN_POINT ( 'NONE',  ( 1.290000000000000036, -0.2999999999999999334, 0.3399999999999999689 ) ) ;
#674 = DIRECTION ( 'NONE',  ( -1.000000000000000000, -1.807003620809172610E-15, 0.0000000000000000000 ) ) ;
#675 = DIRECTION ( 'NONE',  ( -0.0000000000000000000, -0.0000000000000000000, 1.000000000000000000 ) ) ;
#676 = DIRECTION ( 'NONE',  ( 0.0000000000000000000, 1.000000000000000000, 0.0000000000000000000 ) ) ;
#677 = ORIENTED_EDGE ( 'NONE', *, *, #281, .F. ) ;
#678 = DIRECTION ( 'NONE',  ( -0.0000000000000000000, -0.0000000000000000000, 1.000000000000000000 ) ) ;
#679 = AXIS2_PLACEMENT_3D ( 'NONE', #3141, #2508, #2237 ) ;
#680 = CIRCLE ( 'NONE', #1744, 0.01000000000000000021 ) ;
#681 = CARTESIAN_POINT ( 'NONE',  ( -1.300000000000000044, -0.3098508915871230340, 0.1301490340008871482 ) ) ;
#682 = ORIENTED_EDGE ( 'NONE', *, *, #438, .F. ) ;
#683 = VERTEX_POINT ( 'NONE', #2679 ) ;
#684 = AXIS2_PLACEMENT_3D ( 'NONE', #607, #1735, #2030 ) ;
#685 = DIRECTION ( 'NONE',  ( -1.000000000000000000, 0.0000000000000000000, 0.0000000000000000000 ) ) ;
#686 = CARTESIAN_POINT ( 'NONE',  ( 0.9553217710524614104, 0.2955692848002818285, 0.4883890755767822389 ) ) ;
#687 = FILL_AREA_STYLE ('',( #405 ) ) ;
#688 = PRESENTATION_LAYER_ASSIGNMENT (  '', '', ( #152 ) ) ;
#689 = PLANE ( 'NONE',  #3435 ) ;
#690 = ORIENTED_EDGE ( 'NONE', *, *, #2850, .F. ) ;
#691 = EDGE_CURVE ( 'NONE', #2909, #1726, #444, .T. ) ;
#692 = EDGE_CURVE ( 'NONE', #140, #826, #381, .T. ) ;
#693 = CIRCLE ( 'NONE', #330, 1.000000000000000000 ) ;
#694 = CARTESIAN_POINT ( 'NONE',  ( 1.300000000000000266, 1.050000000000000044, 0.3499999999999999778 ) ) ;
#695 = DIRECTION ( 'NONE',  ( -0.0000000000000000000, -0.0000000000000000000, 1.000000000000000000 ) ) ;
#696 = CIRCLE ( 'NONE', #459, 0.01000000000000002623 ) ;
#697 = LINE ( 'NONE', #430, #3622 ) ;
#698 = AXIS2_PLACEMENT_3D ( 'NONE', #266, #1452, #3091 ) ;
#699 = DIRECTION ( 'NONE',  ( 0.0000000000000000000, 0.0000000000000000000, -1.000000000000000000 ) ) ;
#700 = DIRECTION ( 'NONE',  ( -0.0000000000000000000, 0.0000000000000000000, -1.000000000000000000 ) ) ;
#701 = EDGE_LOOP ( 'NONE', ( #1675, #2315, #1438, #130, #2143, #960, #594 ) ) ;
#702 = DIRECTION ( 'NONE',  ( -0.0000000000000000000, -0.0000000000000000000, -1.000000000000000000 ) ) ;
#703 = CIRCLE ( 'NONE', #938, 0.2600000000000000089 ) ;
#704 =( GEOMETRIC_REPRESENTATION_CONTEXT ( 3 ) GLOBAL_UNCERTAINTY_ASSIGNED_CONTEXT ( ( #2893 ) ) GLOBAL_UNIT_ASSIGNED_CONTEXT ( ( #2990, #1576, #2405 ) ) REPRESENTATION_CONTEXT ( 'NONE', 'WORKASPACE' ) );
#705 =( NAMED_UNIT ( * ) SI_UNIT ( $, .STERADIAN. ) SOLID_ANGLE_UNIT ( ) );
#706 = ORIENTED_EDGE ( 'NONE', *, *, #2144, .T. ) ;
#707 = AXIS2_PLACEMENT_3D ( 'NONE', #1687, #1983, #3085 ) ;
#708 = DIRECTION ( 'NONE',  ( -0.0000000000000000000, -1.000000000000000000, -0.0000000000000000000 ) ) ;
#709 = VECTOR ( 'NONE', #1994, 1000.000000000000000 ) ;
#710 = CARTESIAN_POINT ( 'NONE',  ( -1.300000000000000044, -0.2926794919243111970, -0.01000000000000000021 ) ) ;
#711 = EDGE_LOOP ( 'NONE', ( #2637, #2281, #461 ) ) ;
#712 = ORIENTED_EDGE ( 'NONE', *, *, #1412, .F. ) ;
#713 = PRESENTATION_STYLE_ASSIGNMENT (( #1483 ) ) ;
#714 = EDGE_CURVE ( 'NONE', #1308, #3319, #3209, .T. ) ;
#715 = DIRECTION ( 'NONE',  ( 0.0000000000000000000, 1.000000000000000000, 0.0000000000000000000 ) ) ;
#716 = CARTESIAN_POINT ( 'NONE',  ( 0.9000000000000000222, -1.489999999999999991, 0.1300000000000000044 ) ) ;
#717 =( LENGTH_UNIT ( ) NAMED_UNIT ( * ) SI_UNIT ( .MILLI., .METRE. ) );
#718 = ORIENTED_EDGE ( 'NONE', *, *, #3012, .T. ) ;
#719 = ADVANCED_FACE ( 'NONE', ( #199 ), #166, .F. ) ;
#720 = LINE ( 'NONE', #2658, #265 ) ;
#721 = VERTEX_POINT ( 'NONE', #1618 ) ;
#722 = ADVANCED_FACE ( 'NONE', ( #1578 ), #2702, .T. ) ;
#723 = EDGE_LOOP ( 'NONE', ( #1426, #2335, #2620, #3639 ) ) ;
#724 = DIRECTION ( 'NONE',  ( -1.000000000000000000, 0.0000000000000000000, 0.0000000000000000000 ) ) ;
#725 = CARTESIAN_POINT ( 'NONE',  ( 0.9540498193816315808, 0.2996481023622611928, 0.4828634255799842956 ) ) ;
#726 = DIRECTION ( 'NONE',  ( 1.000000000000000000, 0.0000000000000000000, 0.0000000000000000000 ) ) ;
#727 = DIRECTION ( 'NONE',  ( -1.000000000000000000, 0.0000000000000000000, 0.0000000000000000000 ) ) ;
#728 = ORIENTED_EDGE ( 'NONE', *, *, #2026, .T. ) ;
#729 = ORIENTED_EDGE ( 'NONE', *, *, #1671, .T. ) ;
#730 = CARTESIAN_POINT ( 'NONE',  ( -1.539999999999999591, 0.2899999999999999800, -0.01000000000000000021 ) ) ;
#731 = CARTESIAN_POINT ( 'NONE',  ( 0.4499999999999999001, -0.2899999999999999245, -0.01000000000000000021 ) ) ;
#732 = EDGE_CURVE ( 'NONE', #669, #3390, #1277, .T. ) ;
#733 = CARTESIAN_POINT ( 'NONE',  ( 0.0000000000000000000, -0.2899999999999999800, 0.0000000000000000000 ) ) ;
#734 =( NAMED_UNIT ( * ) SI_UNIT ( $, .STERADIAN. ) SOLID_ANGLE_UNIT ( ) );
#735 = ORIENTED_EDGE ( 'NONE', *, *, #2947, .F. ) ;
#736 = CARTESIAN_POINT ( 'NONE',  ( 0.9000000000000000222, 1.500000000000000000, -0.01000000000000000021 ) ) ;
#737 = EDGE_CURVE ( 'NONE', #3501, #1877, #2531, .T. ) ;
#738 = EDGE_CURVE ( 'NONE', #3573, #471, #1927, .T. ) ;
#739 = CARTESIAN_POINT ( 'NONE',  ( -0.8899999999999999023, 1.489999999999999991, 0.1300000000000000044 ) ) ;
#740 = VERTEX_POINT ( 'NONE', #3552 ) ;
#741 = VECTOR ( 'NONE', #1989, 1000.000000000000000 ) ;
#742 = CARTESIAN_POINT ( 'NONE',  ( 0.8900000000000003464, -1.050000000000000044, 0.1300000000000000044 ) ) ;
#743 = DIRECTION ( 'NONE',  ( -1.000000000000000000, -9.637352644315598694E-16, 0.0000000000000000000 ) ) ;
#745 = ORIENTED_EDGE ( 'NONE', *, *, #1707, .T. ) ;
#744 = AXIS2_PLACEMENT_3D ( 'NONE', #571, #870, #1475 ) ;
#746 = VERTEX_POINT ( 'NONE', #710 ) ;
#747 = AXIS2_PLACEMENT_3D ( 'NONE', #2101, #398, #943 ) ;
#748 = CARTESIAN_POINT ( 'NONE',  ( 1.300000000000000266, 0.2999999999999999889, 0.3399999999999999689 ) ) ;
#749 = CARTESIAN_POINT ( 'NONE',  ( 1.540000000000000036, 0.2899999999999999245, 0.4799999999999999822 ) ) ;
#750 = CARTESIAN_POINT ( 'NONE',  ( 1.050000000000000044, 1.050000000000000044, 0.3499999999999999778 ) ) ;
#751 = ORIENTED_EDGE ( 'NONE', *, *, #1625, .F. ) ;
#752 = CIRCLE ( 'NONE', #1935, 0.01000000000000002623 ) ;
#753 = VECTOR ( 'NONE', #854, 1000.000000000000000 ) ;
#754 = LINE ( 'NONE', #1304, #1593 ) ;
#755 = LINE ( 'NONE', #432, #232 ) ;
#756 = DIRECTION ( 'NONE',  ( 0.0000000000000000000, 1.000000000000000000, 0.0000000000000000000 ) ) ;
#757 = CARTESIAN_POINT ( 'NONE',  ( 0.8899999999999999023, 1.489999999999999991, 0.1400000000000000133 ) ) ;
#758 = AXIS2_PLACEMENT_3D ( 'NONE', #233, #1050, #3299 ) ;
#759 = FACE_OUTER_BOUND ( 'NONE', #187, .T. ) ;
#760 = ORIENTED_EDGE ( 'NONE', *, *, #2951, .T. ) ;
#761 = AXIS2_PLACEMENT_3D ( 'NONE', #2121, #1230, #956 ) ;
#762 = ADVANCED_FACE ( 'NONE', ( #2991 ), #1832, .T. ) ;
#763 = EDGE_CURVE ( 'NONE', #1877, #2312, #468, .T. ) ;
#764 = EDGE_LOOP ( 'NONE', ( #907, #2033 ) ) ;
#765 = CIRCLE ( 'NONE', #1116, 0.8399999999999999689 ) ;
#766 = DIRECTION ( 'NONE',  ( 0.0000000000000000000, 0.0000000000000000000, 1.000000000000000000 ) ) ;
#767 = CARTESIAN_POINT ( 'NONE',  ( -1.289999999999999813, -1.050000000000000266, 0.3399999999999999689 ) ) ;
#768 = EDGE_CURVE ( 'NONE', #3172, #105, #1330, .T. ) ;
#769 = VECTOR ( 'NONE', #2283, 1000.000000000000000 ) ;
#770 = ORIENTED_EDGE ( 'NONE', *, *, #2586, .F. ) ;
#771 = VERTEX_POINT ( 'NONE', #1037 ) ;
#772 = AXIS2_PLACEMENT_3D ( 'NONE', #90, #1815, #1783 ) ;
#773 = DIRECTION ( 'NONE',  ( 0.0000000000000000000, 1.000000000000000000, 0.0000000000000000000 ) ) ;
#774 = SURFACE_STYLE_FILL_AREA ( #1622 ) ;
#775 = CYLINDRICAL_SURFACE ( 'NONE', #2287, 0.01000000000000002623 ) ;
#776 = EDGE_LOOP ( 'NONE', ( #322, #3095, #860, #1565, #3628 ) ) ;
#777 = CIRCLE ( 'NONE', #587, 1.000000000000000000 ) ;
#778 = DIRECTION ( 'NONE',  ( -0.0000000000000000000, -0.0000000000000000000, -1.000000000000000000 ) ) ;
#779 = APPLICATION_PROTOCOL_DEFINITION ( 'draft international standard', 'automotive_design', 1998, #3340 ) ;
#780 = CYLINDRICAL_SURFACE ( 'NONE', #2165, 0.01000000000000002623 ) ;
#781 = LINE ( 'NONE', #3021, #276 ) ;
#782 = ORIENTED_EDGE ( 'NONE', *, *, #1026, .F. ) ;
#783 = ORIENTED_EDGE ( 'NONE', *, *, #1910, .T. ) ;
#784 = EDGE_CURVE ( 'NONE', #2458, #1088, #1272, .T. ) ;
#785 = CARTESIAN_POINT ( 'NONE',  ( 0.8899999999999999023, 1.500000000000000000, 0.1300000000000000044 ) ) ;
#786 = CARTESIAN_POINT ( 'NONE',  ( 1.300000000000000266, -1.050000000000000044, 0.0000000000000000000 ) ) ;
#787 = CARTESIAN_POINT ( 'NONE',  ( 1.050000000000000044, -1.050000000000000044, 0.3399999999999999689 ) ) ;
#788 = ORIENTED_EDGE ( 'NONE', *, *, #2450, .T. ) ;
#789 = ORIENTED_EDGE ( 'NONE', *, *, #3504, .T. ) ;
#790 = EDGE_CURVE ( 'NONE', #2659, #3573, #2169, .T. ) ;
#791 = FACE_OUTER_BOUND ( 'NONE', #1742, .T. ) ;
#792 = CARTESIAN_POINT ( 'NONE',  ( 0.9000000000000002442, 1.310000000000000275, 0.0000000000000000000 ) ) ;
#793 = CARTESIAN_POINT ( 'NONE',  ( -1.050000000000000044, 1.040000000000000036, 0.0000000000000000000 ) ) ;
#794 = EDGE_LOOP ( 'NONE', ( #1718, #2957, #2208, #2709 ) ) ;
#795 = LINE ( 'NONE', #154, #1346 ) ;
#796 = PLANE ( 'NONE',  #79 ) ;
#797 = DIRECTION ( 'NONE',  ( 1.000000000000000000, 0.0000000000000000000, 0.0000000000000000000 ) ) ;
#798 = CARTESIAN_POINT ( 'NONE',  ( 1.290000000000000036, 0.2999999999999999334, 0.3499999999999999778 ) ) ;
#799 = PLANE ( 'NONE',  #2652 ) ;
#800 = ORIENTED_EDGE ( 'NONE', *, *, #2638, .T. ) ;
#801 = ORIENTED_EDGE ( 'NONE', *, *, #3208, .F. ) ;
#802 = AXIS2_PLACEMENT_3D ( 'NONE', #3059, #247, #477 ) ;
#803 = CARTESIAN_POINT ( 'NONE',  ( -0.8899999999999999023, -1.489999999999999991, -0.01000000000000000021 ) ) ;
#804 = DIRECTION ( 'NONE',  ( -0.0000000000000000000, -0.0000000000000000000, -1.000000000000000000 ) ) ;
#805 = ORIENTED_EDGE ( 'NONE', *, *, #646, .T. ) ;
#806 = ORIENTED_EDGE ( 'NONE', *, *, #790, .T. ) ;
#807 = AXIS2_PLACEMENT_3D ( 'NONE', #3426, #2077, #2613 ) ;
#808 = CARTESIAN_POINT ( 'NONE',  ( 1.050000000000000044, 1.300000000000000266, 0.3399999999999999689 ) ) ;
#809 = AXIS2_PLACEMENT_3D ( 'NONE', #1677, #3607, #1391 ) ;
#810 = CARTESIAN_POINT ( 'NONE',  ( -0.8499999999999999778, 0.0000000000000000000, 1.250000000000000000 ) ) ;
#811 = EDGE_CURVE ( 'NONE', #2458, #1701, #626, .T. ) ;
#812 = VERTEX_POINT ( 'NONE', #1974 ) ;
#813 = EDGE_CURVE ( 'NONE', #826, #3145, #2573, .T. ) ;
#814 = VECTOR ( 'NONE', #2132, 1000.000000000000000 ) ;
#815 = LINE ( 'NONE', #1136, #2003 ) ;
#816 = SURFACE_SIDE_STYLE ('',( #1901 ) ) ;
#817 = VECTOR ( 'NONE', #434, 1000.000000000000000 ) ;
#818 = DIRECTION ( 'NONE',  ( 1.000000000000000000, 0.0000000000000000000, 0.0000000000000000000 ) ) ;
#819 = DIRECTION ( 'NONE',  ( -0.0000000000000000000, 0.0000000000000000000, 1.000000000000000000 ) ) ;
#820 = ORIENTED_EDGE ( 'NONE', *, *, #1435, .F. ) ;
#822 = EDGE_LOOP ( 'NONE', ( #3196, #2480, #558, #1909 ) ) ;
#821 = VECTOR ( 'NONE', #2279, 1000.000000000000000 ) ;
#823 = AXIS2_PLACEMENT_3D ( 'NONE', #2064, #1771, #371 ) ;
#824 = CARTESIAN_POINT ( 'NONE',  ( 0.0000000000000000000, 0.0000000000000000000, 0.6500000000000000222 ) ) ;
#825 = LINE ( 'NONE', #2191, #282 ) ;
#826 = VERTEX_POINT ( 'NONE', #625 ) ;
#827 = MECHANICAL_DESIGN_GEOMETRIC_PRESENTATION_REPRESENTATION (  '', ( #3286 ), #1763 ) ;
#828 = FACE_OUTER_BOUND ( 'NONE', #359, .T. ) ;
#829 = DIRECTION ( 'NONE',  ( 1.000000000000000000, 0.0000000000000000000, 0.0000000000000000000 ) ) ;
#830 = ORIENTED_EDGE ( 'NONE', *, *, #2187, .F. ) ;
#831 = CIRCLE ( 'NONE', #1887, 0.2500000000000000000 ) ;
#832 = CARTESIAN_POINT ( 'NONE',  ( -0.2500000000000000000, 0.0000000000000000000, 0.3600000000000000977 ) ) ;
#833 = AXIS2_PLACEMENT_3D ( 'NONE', #2310, #868, #906 ) ;
#834 = DIRECTION ( 'NONE',  ( -1.000000000000000000, 0.0000000000000000000, 0.0000000000000000000 ) ) ;
#835 = DIRECTION ( 'NONE',  ( -1.000000000000000000, 0.0000000000000000000, 0.0000000000000000000 ) ) ;
#836 = CARTESIAN_POINT ( 'NONE',  ( 0.8899999999999999023, -1.489999999999999991, 0.1300000000000000044 ) ) ;
#837 = VERTEX_POINT ( 'NONE', #1180 ) ;
#838 = ORIENTED_EDGE ( 'NONE', *, *, #944, .F. ) ;
#839 = ADVANCED_FACE ( 'NONE', ( #2262 ), #2275, .T. ) ;
#840 = DIRECTION ( 'NONE',  ( 1.000000000000000000, 0.0000000000000000000, 0.0000000000000000000 ) ) ;
#841 = CARTESIAN_POINT ( 'NONE',  ( -1.310000000000000053, -0.3099999999999999423, 0.1400000000000000133 ) ) ;
#842 = VERTEX_POINT ( 'NONE', #1158 ) ;
#843 = DIRECTION ( 'NONE',  ( 0.0000000000000000000, 0.0000000000000000000, 1.000000000000000000 ) ) ;
#844 = CARTESIAN_POINT ( 'NONE',  ( -0.9000000000000002442, -1.300000000000000266, 0.1300000000000000044 ) ) ;
#845 = ORIENTED_EDGE ( 'NONE', *, *, #467, .T. ) ;
#846 = DIRECTION ( 'NONE',  ( 1.000000000000000000, 0.0000000000000000000, 0.0000000000000000000 ) ) ;
#847 = DIRECTION ( 'NONE',  ( 1.000000000000000000, 0.0000000000000000000, 0.0000000000000000000 ) ) ;
#848 = LINE ( 'NONE', #1450, #33 ) ;
#849 = CARTESIAN_POINT ( 'NONE',  ( -1.302719174319667550, -0.3014481602856488029, -0.004812220883547548358 ) ) ;
#850 = ORIENTED_EDGE ( 'NONE', *, *, #3496, .T. ) ;
#851 = ORIENTED_EDGE ( 'NONE', *, *, #2878, .T. ) ;
#852 = EDGE_CURVE ( 'NONE', #2270, #2498, #3332, .T. ) ;
#853 = ADVANCED_FACE ( 'NONE', ( #892 ), #1699, .T. ) ;
#854 = DIRECTION ( 'NONE',  ( -1.000000000000000000, 0.0000000000000000000, 0.0000000000000000000 ) ) ;
#855 = ORIENTED_EDGE ( 'NONE', *, *, #2682, .T. ) ;
#856 = ORIENTED_EDGE ( 'NONE', *, *, #2339, .F. ) ;
#857 = CARTESIAN_POINT ( 'NONE',  ( -1.050000000000000044, 1.050000000000000044, 0.0000000000000000000 ) ) ;
#858 = FILL_AREA_STYLE ('',( #3374 ) ) ;
#859 = CIRCLE ( 'NONE', #2910, 0.01000000000000000021 ) ;
#860 = ORIENTED_EDGE ( 'NONE', *, *, #3408, .F. ) ;
#861 = CIRCLE ( 'NONE', #2914, 0.01000000000000002623 ) ;
#862 = FACE_OUTER_BOUND ( 'NONE', #3315, .T. ) ;
#863 = FACE_OUTER_BOUND ( 'NONE', #3, .T. ) ;
#864 = VECTOR ( 'NONE', #2049, 1000.000000000000000 ) ;
#865 =( BOUNDED_CURVE ( )  B_SPLINE_CURVE ( 3, ( #2017, #3386, #2803, #1963 ),
 .UNSPECIFIED., .F., .T. ) 
 B_SPLINE_CURVE_WITH_KNOTS ( ( 4, 4 ),
 ( 1.570796326794896558, 3.141592653589793116 ),
 .UNSPECIFIED. ) 
 CURVE ( )  GEOMETRIC_REPRESENTATION_ITEM ( )  RATIONAL_B_SPLINE_CURVE ( ( 1.000000000000000000, 0.8047378541243649375, 0.8047378541243649375, 1.000000000000000000 ) ) 
 REPRESENTATION_ITEM ( '' )  );
#866 = AXIS2_PLACEMENT_3D ( 'NONE', #3349, #2202, #1612 ) ;
#867 = DIRECTION ( 'NONE',  ( -0.0000000000000000000, -0.0000000000000000000, -1.000000000000000000 ) ) ;
#868 = DIRECTION ( 'NONE',  ( -0.0000000000000000000, -0.0000000000000000000, 1.000000000000000000 ) ) ;
#869 = VERTEX_POINT ( 'NONE', #1143 ) ;
#870 = DIRECTION ( 'NONE',  ( 9.637352644315598694E-16, 1.000000000000000000, 0.0000000000000000000 ) ) ;
#871 = ORIENTED_EDGE ( 'NONE', *, *, #875, .T. ) ;
#872 = CIRCLE ( 'NONE', #1160, 0.2500000000000000000 ) ;
#873 = PLANE ( 'NONE',  #1217 ) ;
#874 = ADVANCED_FACE ( 'NONE', ( #644 ), #1774, .T. ) ;
#875 = EDGE_CURVE ( 'NONE', #2458, #2872, #343, .T. ) ;
#876 = VERTEX_POINT ( 'NONE', #2889 ) ;
#877 = CIRCLE ( 'NONE', #2522, 0.01000000000000000021 ) ;
#878 = ORIENTED_EDGE ( 'NONE', *, *, #466, .T. ) ;
#879 = AXIS2_PLACEMENT_3D ( 'NONE', #3254, #3274, #519 ) ;
#880 = DIRECTION ( 'NONE',  ( -0.0000000000000000000, 0.0000000000000000000, -1.000000000000000000 ) ) ;
#881 = EDGE_CURVE ( 'NONE', #1244, #3482, #1719, .T. ) ;
#882 = DIRECTION ( 'NONE',  ( 0.0000000000000000000, 0.0000000000000000000, 1.000000000000000000 ) ) ;
#883 = CIRCLE ( 'NONE', #1114, 0.9299999999999998268 ) ;
#884 = EDGE_LOOP ( 'NONE', ( #3307, #2177, #1315, #788 ) ) ;
#885 = AXIS2_PLACEMENT_3D ( 'NONE', #2678, #143, #165 ) ;
#886 = CARTESIAN_POINT ( 'NONE',  ( 1.540000000000000036, 0.2899999999999999800, 0.4799999999999999822 ) ) ;
#887 = DIRECTION ( 'NONE',  ( -9.637352644315598694E-16, 1.000000000000000000, 0.0000000000000000000 ) ) ;
#888 = CARTESIAN_POINT ( 'NONE',  ( -1.050000000000000044, 0.2999999999999999334, 0.3499999999999999778 ) ) ;
#889 = AXIS2_PLACEMENT_3D ( 'NONE', #1621, #1316, #2740 ) ;
#890 = DIRECTION ( 'NONE',  ( 1.000000000000000000, 0.0000000000000000000, 0.0000000000000000000 ) ) ;
#891 = ORIENTED_EDGE ( 'NONE', *, *, #2304, .T. ) ;
#892 = FACE_OUTER_BOUND ( 'NONE', #561, .T. ) ;
#893 = CARTESIAN_POINT ( 'NONE',  ( -0.9299999999999998268, 1.138921523207038426E-16, 0.5499999999999999334 ) ) ;
#894 = VERTEX_POINT ( 'NONE', #1192 ) ;
#895 = EDGE_CURVE ( 'NONE', #3538, #3371, #1125, .T. ) ;
#896 = DIRECTION ( 'NONE',  ( 1.000000000000000000, 0.0000000000000000000, -0.0000000000000000000 ) ) ;
#897 = FACE_OUTER_BOUND ( 'NONE', #1128, .T. ) ;
#898 = ORIENTED_EDGE ( 'NONE', *, *, #1958, .T. ) ;
#899 = EDGE_CURVE ( 'NONE', #812, #2972, #2328, .T. ) ;
#900 = EDGE_CURVE ( 'NONE', #1408, #3420, #325, .T. ) ;
#901 = DIRECTION ( 'NONE',  ( 1.000000000000000000, 0.0000000000000000000, 0.0000000000000000000 ) ) ;
#902 = LINE ( 'NONE', #2578, #741 ) ;
#903 = SURFACE_STYLE_USAGE ( .BOTH. , #1137 ) ;
#904 = EDGE_CURVE ( 'NONE', #1482, #1088, #1331, .T. ) ;
#905 = CARTESIAN_POINT ( 'NONE',  ( 0.9567598726815613741, -0.2908803744725030893, 0.4900000000003537637 ) ) ;
#906 = DIRECTION ( 'NONE',  ( 1.000000000000000000, 0.0000000000000000000, 0.0000000000000000000 ) ) ;
#907 = ORIENTED_EDGE ( 'NONE', *, *, #3407, .T. ) ;
#908 = DIRECTION ( 'NONE',  ( -0.0000000000000000000, -0.0000000000000000000, -1.000000000000000000 ) ) ;
#909 = CARTESIAN_POINT ( 'NONE',  ( 0.0000000000000000000, 0.0000000000000000000, 1.250000000000000000 ) ) ;
#910 = ORIENTED_EDGE ( 'NONE', *, *, #811, .T. ) ;
#911 = CARTESIAN_POINT ( 'NONE',  ( 0.0000000000000000000, 0.0000000000000000000, 1.250000000000000000 ) ) ;
#912 = CARTESIAN_POINT ( 'NONE',  ( 0.4399999999999998357, -0.3013397459621555696, -0.004999999999999993165 ) ) ;
#913 = ORIENTED_EDGE ( 'NONE', *, *, #1889, .F. ) ;
#914 = ORIENTED_EDGE ( 'NONE', *, *, #1477, .T. ) ;
#915 = AXIS2_PLACEMENT_3D ( 'NONE', #3192, #73, #2390 ) ;
#916 = ADVANCED_FACE ( 'NONE', ( #1129 ), #3039, .T. ) ;
#917 = DIRECTION ( 'NONE',  ( -0.0000000000000000000, -0.0000000000000000000, -1.000000000000000000 ) ) ;
#918 = VECTOR ( 'NONE', #3170, 1000.000000000000000 ) ;
#919 = DIRECTION ( 'NONE',  ( 0.0000000000000000000, 0.0000000000000000000, 1.000000000000000000 ) ) ;
#920 = CARTESIAN_POINT ( 'NONE',  ( -1.539999999999999591, 0.2999999999999999889, -0.01000000000000000021 ) ) ;
#921 = VERTEX_POINT ( 'NONE', #47 ) ;
#922 = AXIS2_PLACEMENT_3D ( 'NONE', #2364, #1266, #1856 ) ;
#923 = DIRECTION ( 'NONE',  ( 1.000000000000000000, 0.0000000000000000000, 0.0000000000000000000 ) ) ;
#924 = CIRCLE ( 'NONE', #1577, 0.01000000000000002623 ) ;
#925 = DIRECTION ( 'NONE',  ( -1.000000000000000000, 0.0000000000000000000, 0.0000000000000000000 ) ) ;
#926 = ORIENTED_EDGE ( 'NONE', *, *, #1026, .T. ) ;
#927 = AXIS2_PLACEMENT_3D ( 'NONE', #206, #1851, #1337 ) ;
#928 = AXIS2_PLACEMENT_3D ( 'NONE', #909, #1721, #64 ) ;
#929 = CARTESIAN_POINT ( 'NONE',  ( 0.0000000000000000000, 0.0000000000000000000, 0.3500000000000000333 ) ) ;
#930 = CARTESIAN_POINT ( 'NONE',  ( -0.9000000000000000222, 1.489999999999999991, 0.1300000000000000044 ) ) ;
#931 = ORIENTED_EDGE ( 'NONE', *, *, #1144, .T. ) ;
#932 = VERTEX_POINT ( 'NONE', #12 ) ;
#933 = VECTOR ( 'NONE', #2789, 999.9999999999998863 ) ;
#934 = SURFACE_SIDE_STYLE ('',( #2958 ) ) ;
#935 = TOROIDAL_SURFACE ( 'NONE', #3107, 0.2400000000000002132, 0.01000000000000000021 ) ;
#936 = DIRECTION ( 'NONE',  ( 1.032573497605242347E-16, -1.000000000000000000, 0.0000000000000000000 ) ) ;
#937 = LINE ( 'NONE', #354, #2341 ) ;
#938 = AXIS2_PLACEMENT_3D ( 'NONE', #1626, #1916, #3596 ) ;
#939 = ADVANCED_FACE ( 'NONE', ( #2016 ), #3133, .T. ) ;
#940 = DIRECTION ( 'NONE',  ( -0.0000000000000000000, -0.0000000000000000000, 1.000000000000000000 ) ) ;
#941 = CARTESIAN_POINT ( 'NONE',  ( 0.4402981426982218727, -0.3097018577960349850, 0.0000000000000000000 ) ) ;
#942 = ORIENTED_EDGE ( 'NONE', *, *, #3103, .T. ) ;
#943 = DIRECTION ( 'NONE',  ( 0.0000000000000000000, 0.0000000000000000000, 1.000000000000000000 ) ) ;
#944 = EDGE_CURVE ( 'NONE', #1934, #1953, #2854, .T. ) ;
#945 = STYLED_ITEM ( 'NONE', ( #967 ), #2964 ) ;
#946 = PLANE ( 'NONE',  #3276 ) ;
#947 = ORIENTED_EDGE ( 'NONE', *, *, #399, .T. ) ;
#948 = UNCERTAINTY_MEASURE_WITH_UNIT (LENGTH_MEASURE( 1.000000000000000082E-05 ), #2502, 'distance_accuracy_value', 'NONE');
#949 = DIRECTION ( 'NONE',  ( -1.224646799147353207E-16, 1.000000000000000000, 0.0000000000000000000 ) ) ;
#950 = LINE ( 'NONE', #2073, #2944 ) ;
#951 = CARTESIAN_POINT ( 'NONE',  ( 1.050000000000000044, -1.300000000000000266, 0.3499999999999999778 ) ) ;
#952 = ORIENTED_EDGE ( 'NONE', *, *, #599, .T. ) ;
#953 = ORIENTED_EDGE ( 'NONE', *, *, #538, .T. ) ;
#954 = CARTESIAN_POINT ( 'NONE',  ( -0.8499999999999999778, 0.0000000000000000000, 1.239999999999999991 ) ) ;
#955 = LINE ( 'NONE', #2119, #2518 ) ;
#956 = DIRECTION ( 'NONE',  ( -1.000000000000000000, -1.224646799147343346E-16, 0.0000000000000000000 ) ) ;
#957 = ORIENTED_EDGE ( 'NONE', *, *, #1975, .T. ) ;
#958 = FACE_OUTER_BOUND ( 'NONE', #386, .T. ) ;
#959 = FACE_OUTER_BOUND ( 'NONE', #1310, .T. ) ;
#960 = ORIENTED_EDGE ( 'NONE', *, *, #944, .T. ) ;
#961 = ADVANCED_FACE ( 'NONE', ( #3472 ), #1566, .F. ) ;
#962 = CARTESIAN_POINT ( 'NONE',  ( 0.9000000000000003553, -1.050000000000000044, -0.01000000000000000021 ) ) ;
#963 = CARTESIAN_POINT ( 'NONE',  ( 1.540000000000000036, 0.0000000000000000000, 0.4899999999999999911 ) ) ;
#964 = CARTESIAN_POINT ( 'NONE',  ( -1.300488799007635254, -0.2944712402830793607, -0.009882215902749662967 ) ) ;
#965 =( NAMED_UNIT ( * ) SI_UNIT ( $, .STERADIAN. ) SOLID_ANGLE_UNIT ( ) );
#966 = EDGE_LOOP ( 'NONE', ( #1704, #1885, #1379, #1533 ) ) ;
#967 = PRESENTATION_STYLE_ASSIGNMENT (( #2684 ) ) ;
#968 = FACE_OUTER_BOUND ( 'NONE', #297, .T. ) ;
#969 = DIRECTION ( 'NONE',  ( 1.000000000000000000, 0.0000000000000000000, 0.0000000000000000000 ) ) ;
#970 = CIRCLE ( 'NONE', #802, 0.01000000000000002623 ) ;
#971 = CYLINDRICAL_SURFACE ( 'NONE', #3514, 0.009999999999999998473 ) ;
#972 = CARTESIAN_POINT ( 'NONE',  ( 0.9000000000000000222, -1.500000000000000000, -0.01000000000000000021 ) ) ;
#973 = EDGE_LOOP ( 'NONE', ( #856, #3423, #3275, #2626 ) ) ;
#974 = VECTOR ( 'NONE', #1542, 1000.000000000000000 ) ;
#975 = VECTOR ( 'NONE', #1259, 1000.000000000000000 ) ;
#976 = ORIENTED_EDGE ( 'NONE', *, *, #3331, .T. ) ;
#977 = AXIS2_PLACEMENT_3D ( 'NONE', #1825, #374, #78 ) ;
#978 = ADVANCED_FACE ( 'NONE', ( #136 ), #3253, .T. ) ;
#979 = FACE_OUTER_BOUND ( 'NONE', #2739, .T. ) ;
#980 = DIRECTION ( 'NONE',  ( 1.000000000000000000, 0.0000000000000000000, 0.0000000000000000000 ) ) ;
#981 = AXIS2_PLACEMENT_3D ( 'NONE', #1174, #2025, #617 ) ;
#982 = EDGE_LOOP ( 'NONE', ( #402, #2149, #2584, #3181 ) ) ;
#983 = VECTOR ( 'NONE', #2660, 1000.000000000000000 ) ;
#984 = EDGE_CURVE ( 'NONE', #2983, #2018, #2100, .T. ) ;
#985 = AXIS2_PLACEMENT_3D ( 'NONE', #2207, #3570, #2989 ) ;
#986 = CARTESIAN_POINT ( 'NONE',  ( 0.9958123819371912377, 1.219518446090682714E-16, 0.5029911557591489890 ) ) ;
#987 = EDGE_CURVE ( 'NONE', #3390, #3519, #3489, .T. ) ;
#988 = LINE ( 'NONE', #2615, #1405 ) ;
#989 =( NAMED_UNIT ( * ) PLANE_ANGLE_UNIT ( ) SI_UNIT ( $, .RADIAN. ) );
#990 = EDGE_LOOP ( 'NONE', ( #1720, #1781, #2052, #1945 ) ) ;
#991 = CARTESIAN_POINT ( 'NONE',  ( 0.0000000000000000000, 0.0000000000000000000, 1.175857864376268935 ) ) ;
#992 = AXIS2_PLACEMENT_3D ( 'NONE', #1714, #1394, #846 ) ;
#993 = AXIS2_PLACEMENT_3D ( 'NONE', #1090, #2442, #3551 ) ;
#994 = FILL_AREA_STYLE_COLOUR ( '', #394 ) ;
#995 = ORIENTED_EDGE ( 'NONE', *, *, #579, .F. ) ;
#996 = CIRCLE ( 'NONE', #3063, 0.01000000000000002623 ) ;
#997 = CARTESIAN_POINT ( 'NONE',  ( 0.4499999999999999001, -0.2899999999999999800, 0.1300000000000000044 ) ) ;
#998 = CARTESIAN_POINT ( 'NONE',  ( 1.290000000000000036, 1.050000000000000044, 0.3499999999999999778 ) ) ;
#999 = CARTESIAN_POINT ( 'NONE',  ( 0.4399999999999998357, -0.3099999999999999423, 0.0000000000000000000 ) ) ;
#1000 = AXIS2_PLACEMENT_3D ( 'NONE', #3161, #61, #1453 ) ;
#1001 = LINE ( 'NONE', #1402, #2162 ) ;
#1002 = EDGE_LOOP ( 'NONE', ( #2557, #2842, #3335, #751 ) ) ;
#1003 = ORIENTED_EDGE ( 'NONE', *, *, #3344, .T. ) ;
#1004 = ADVANCED_FACE ( 'NONE', ( #2124 ), #1233, .F. ) ;
#1005 = VECTOR ( 'NONE', #676, 1000.000000000000000 ) ;
#1006 =( NAMED_UNIT ( * ) SI_UNIT ( $, .STERADIAN. ) SOLID_ANGLE_UNIT ( ) );
#1007 = LINE ( 'NONE', #1768, #2168 ) ;
#1008 = EDGE_CURVE ( 'NONE', #3215, #2853, #2395, .T. ) ;
#1009 = ADVANCED_FACE ( 'NONE', ( #958 ), #458, .T. ) ;
#1010 = DIRECTION ( 'NONE',  ( -1.000000000000000000, 0.0000000000000000000, -0.0000000000000000000 ) ) ;
#1011 = DIRECTION ( 'NONE',  ( 1.000000000000000000, 1.032573497605242347E-16, -0.0000000000000000000 ) ) ;
#1012 = DIRECTION ( 'NONE',  ( -1.000000000000000000, 0.0000000000000000000, 0.0000000000000000000 ) ) ;
#1013 = DIRECTION ( 'NONE',  ( -1.000000000000000000, 0.0000000000000000000, 0.0000000000000000000 ) ) ;
#1014 = ORIENTED_EDGE ( 'NONE', *, *, #1075, .F. ) ;
#1015 = ORIENTED_EDGE ( 'NONE', *, *, #2546, .F. ) ;
#1016 = CARTESIAN_POINT ( 'NONE',  ( 0.9000000000000000222, 1.500000000000000000, -0.01000000000000000021 ) ) ;
#1017 = SURFACE_SIDE_STYLE ('',( #1516 ) ) ;
#1018 = CARTESIAN_POINT ( 'NONE',  ( 1.550000000000000266, -0.2899999999999999800, 0.4799999999999999822 ) ) ;
#1019 = ORIENTED_EDGE ( 'NONE', *, *, #2234, .T. ) ;
#1020 = ORIENTED_EDGE ( 'NONE', *, *, #2476, .T. ) ;
#1021 = CARTESIAN_POINT ( 'NONE',  ( -1.050000000000000044, 1.300000000000000044, 0.0000000000000000000 ) ) ;
#1022 = DIRECTION ( 'NONE',  ( -0.0000000000000000000, -0.0000000000000000000, -1.000000000000000000 ) ) ;
#1023 = DIRECTION ( 'NONE',  ( 0.0000000000000000000, -0.0000000000000000000, -1.000000000000000000 ) ) ;
#1024 = ORIENTED_EDGE ( 'NONE', *, *, #3629, .T. ) ;
#1025 = ORIENTED_EDGE ( 'NONE', *, *, #13, .T. ) ;
#1026 = EDGE_CURVE ( 'NONE', #826, #140, #3439, .T. ) ;
#1027 = CYLINDRICAL_SURFACE ( 'NONE', #1052, 0.01000000000000002623 ) ;
#1028 =( NAMED_UNIT ( * ) SI_UNIT ( $, .STERADIAN. ) SOLID_ANGLE_UNIT ( ) );
#1029 = DIRECTION ( 'NONE',  ( -0.0000000000000000000, -0.0000000000000000000, 1.000000000000000000 ) ) ;
#1030 = EDGE_CURVE ( 'NONE', #2906, #2718, #1691, .T. ) ;
#1031 = ORIENTED_EDGE ( 'NONE', *, *, #2316, .T. ) ;
#1032 = VECTOR ( 'NONE', #1011, 1000.000000000000000 ) ;
#1033 = ORIENTED_EDGE ( 'NONE', *, *, #275, .F. ) ;
#1034 = VECTOR ( 'NONE', #2353, 1000.000000000000000 ) ;
#1035 = FACE_OUTER_BOUND ( 'NONE', #2758, .T. ) ;
#1036 = CARTESIAN_POINT ( 'NONE',  ( 1.000000000000000000, 1.224646799147353207E-16, 1.175857864376268935 ) ) ;
#1037 = CARTESIAN_POINT ( 'NONE',  ( 1.000000000000000000, 1.224646799147353207E-16, 0.4899999999999999911 ) ) ;
#1039 = ORIENTED_EDGE ( 'NONE', *, *, #2022, .T. ) ;
#1038 = VECTOR ( 'NONE', #2820, 1000.000000000000000 ) ;
#1040 = ORIENTED_EDGE ( 'NONE', *, *, #4, .F. ) ;
#1041 = AXIS2_PLACEMENT_3D ( 'NONE', #2158, #3037, #495 ) ;
#1042 = CARTESIAN_POINT ( 'NONE',  ( 0.0000000000000000000, 0.0000000000000000000, 0.1400000000000000133 ) ) ;
#1043 = CARTESIAN_POINT ( 'NONE',  ( 0.0000000000000000000, 0.0000000000000000000, 0.3600000000000000977 ) ) ;
#1044 = CARTESIAN_POINT ( 'NONE',  ( 1.000000000000000000, 1.224646799147353207E-16, 1.250000000000000000 ) ) ;
#1045 = CIRCLE ( 'NONE', #2045, 0.2400000000000001854 ) ;
#1046 = VECTOR ( 'NONE', #500, 1000.000000000000000 ) ;
#1047 = FACE_OUTER_BOUND ( 'NONE', #1624, .T. ) ;
#1048 = EDGE_CURVE ( 'NONE', #1894, #498, #3197, .T. ) ;
#1049 =( GEOMETRIC_REPRESENTATION_CONTEXT ( 3 ) GLOBAL_UNCERTAINTY_ASSIGNED_CONTEXT ( ( #3438 ) ) GLOBAL_UNIT_ASSIGNED_CONTEXT ( ( #2928, #2398, #705 ) ) REPRESENTATION_CONTEXT ( 'NONE', 'WORKASPACE' ) );
#1050 = DIRECTION ( 'NONE',  ( 0.0000000000000000000, -1.000000000000000000, 0.0000000000000000000 ) ) ;
#1051 = VERTEX_POINT ( 'NONE', #1805 ) ;
#1052 = AXIS2_PLACEMENT_3D ( 'NONE', #211, #1590, #1083 ) ;
#1053 = ORIENTED_EDGE ( 'NONE', *, *, #904, .F. ) ;
#1054 = EDGE_CURVE ( 'NONE', #554, #2778, #720, .T. ) ;
#1055 = CIRCLE ( 'NONE', #3403, 0.01000000000000002623 ) ;
#1056 = CYLINDRICAL_SURFACE ( 'NONE', #335, 0.01000000000000002623 ) ;
#1057 = FILL_AREA_STYLE_COLOUR ( '', #583 ) ;
#1058 = DIRECTION ( 'NONE',  ( -1.000000000000000000, 0.0000000000000000000, 0.0000000000000000000 ) ) ;
#1059 = EDGE_LOOP ( 'NONE', ( #1580, #2222, #437, #1788 ) ) ;
#1060 = ORIENTED_EDGE ( 'NONE', *, *, #2300, .F. ) ;
#1061 = EDGE_CURVE ( 'NONE', #3641, #1232, #2419, .T. ) ;
#1062 = AXIS2_PLACEMENT_3D ( 'NONE', #1086, #2699, #3334 ) ;
#1063 = DIRECTION ( 'NONE',  ( -1.000000000000000000, 0.0000000000000000000, -0.0000000000000000000 ) ) ;
#1064 = CARTESIAN_POINT ( 'NONE',  ( -0.9100000000000002531, 1.310000000000000053, -0.01000000000000000021 ) ) ;
#1065 = CARTESIAN_POINT ( 'NONE',  ( 0.8899999999999999023, -1.489999999999999991, 0.1300000000000000044 ) ) ;
#1066 = ORIENTED_EDGE ( 'NONE', *, *, #214, .T. ) ;
#1067 = CYLINDRICAL_SURFACE ( 'NONE', #2116, 0.2500000000000000000 ) ;
#1068 = DIRECTION ( 'NONE',  ( -1.000000000000000000, 0.0000000000000000000, 0.0000000000000000000 ) ) ;
#1069 = SURFACE_STYLE_USAGE ( .BOTH. , #3582 ) ;
#1070 = FACE_OUTER_BOUND ( 'NONE', #2185, .T. ) ;
#1071 = DIRECTION ( 'NONE',  ( 1.224646799147353207E-16, 1.000000000000000000, -0.0000000000000000000 ) ) ;
#1072 = ORIENTED_EDGE ( 'NONE', *, *, #1104, .F. ) ;
#1073 = ORIENTED_EDGE ( 'NONE', *, *, #732, .T. ) ;
#1074 = DIRECTION ( 'NONE',  ( 0.0000000000000000000, 0.0000000000000000000, -1.000000000000000000 ) ) ;
#1075 = EDGE_CURVE ( 'NONE', #1869, #2659, #1530, .T. ) ;
#1076 = EDGE_CURVE ( 'NONE', #452, #1659, #2805, .T. ) ;
#1077 = FILL_AREA_STYLE ('',( #1057 ) ) ;
#1078 = ORIENTED_EDGE ( 'NONE', *, *, #2526, .F. ) ;
#1079 = EDGE_LOOP ( 'NONE', ( #2134, #3488, #197, #2292 ) ) ;
#1080 = DIRECTION ( 'NONE',  ( 1.000000000000000000, 0.0000000000000000000, 0.0000000000000000000 ) ) ;
#1081 = DIRECTION ( 'NONE',  ( -1.000000000000000000, 0.0000000000000000000, 0.0000000000000000000 ) ) ;
#1082 = DIRECTION ( 'NONE',  ( -0.0000000000000000000, -0.0000000000000000000, 1.000000000000000000 ) ) ;
#1083 = DIRECTION ( 'NONE',  ( -1.000000000000000000, 0.0000000000000000000, 0.0000000000000000000 ) ) ;
#1084 = DIRECTION ( 'NONE',  ( 0.0000000000000000000, 0.0000000000000000000, -1.000000000000000000 ) ) ;
#1085 = LINE ( 'NONE', #2220, #1814 ) ;
#1086 = CARTESIAN_POINT ( 'NONE',  ( -0.8599999999999999867, 1.053196247266723768E-16, 1.239999999999999991 ) ) ;
#1087 = ORIENTED_EDGE ( 'NONE', *, *, #984, .T. ) ;
#1088 = VERTEX_POINT ( 'NONE', #1251 ) ;
#1089 = FACE_OUTER_BOUND ( 'NONE', #1973, .T. ) ;
#1090 = CARTESIAN_POINT ( 'NONE',  ( -1.050000000000000044, -0.3099999999999999423, -0.01000000000000000021 ) ) ;
#1091 = ORIENTED_EDGE ( 'NONE', *, *, #2523, .T. ) ;
#1092 = VECTOR ( 'NONE', #3484, 1000.000000000000000 ) ;
#1093 = EDGE_CURVE ( 'NONE', #2386, #2242, #1789, .T. ) ;
#1094 = DIRECTION ( 'NONE',  ( 0.0000000000000000000, 0.0000000000000000000, -1.000000000000000000 ) ) ;
#1095 = AXIS2_PLACEMENT_3D ( 'NONE', #2141, #3510, #3236 ) ;
#1096 = CARTESIAN_POINT ( 'NONE',  ( 0.0000000000000000000, -0.2899999999999999800, 0.1400000000000000133 ) ) ;
#1097 = ORIENTED_EDGE ( 'NONE', *, *, #3433, .F. ) ;
#1098 = EDGE_CURVE ( 'NONE', #1950, #3078, #420, .T. ) ;
#1099 = VECTOR ( 'NONE', #2464, 1000.000000000000000 ) ;
#1100 = SURFACE_STYLE_USAGE ( .BOTH. , #261 ) ;
#1101 = CARTESIAN_POINT ( 'NONE',  ( 0.8894003300729653727, 0.2999999999999999889, 0.4799999999999999822 ) ) ;
#1102 =( GEOMETRIC_REPRESENTATION_CONTEXT ( 3 ) GLOBAL_UNCERTAINTY_ASSIGNED_CONTEXT ( ( #2350 ) ) GLOBAL_UNIT_ASSIGNED_CONTEXT ( ( #1918, #1361, #1376 ) ) REPRESENTATION_CONTEXT ( 'NONE', 'WORKASPACE' ) );
#1103 = FACE_BOUND ( 'NONE', #1690, .T. ) ;
#1104 = EDGE_CURVE ( 'NONE', #527, #1869, #630, .T. ) ;
#1105 = VECTOR ( 'NONE', #708, 1000.000000000000000 ) ;
#1106 = CARTESIAN_POINT ( 'NONE',  ( 0.0000000000000000000, 0.0000000000000000000, 1.250000000000000000 ) ) ;
#1107 = CARTESIAN_POINT ( 'NONE',  ( 1.000000000000000000, 1.224646799147353207E-16, 0.7051461789529179791 ) ) ;
#1108 = ORIENTED_EDGE ( 'NONE', *, *, #2768, .F. ) ;
#1109 = AXIS2_PLACEMENT_3D ( 'NONE', #2640, #1775, #2103 ) ;
#1110 = AXIS2_PLACEMENT_3D ( 'NONE', #640, #3176, #2886 ) ;
#1111 = FACE_OUTER_BOUND ( 'NONE', #3357, .T. ) ;
#1112 = DIRECTION ( 'NONE',  ( 0.0000000000000000000, 0.0000000000000000000, 1.000000000000000000 ) ) ;
#1113 = ORIENTED_EDGE ( 'NONE', *, *, #2071, .T. ) ;
#1114 = AXIS2_PLACEMENT_3D ( 'NONE', #3194, #675, #133 ) ;
#1115 = FACE_OUTER_BOUND ( 'NONE', #1572, .T. ) ;
#1116 = AXIS2_PLACEMENT_3D ( 'NONE', #2644, #2662, #2370 ) ;
#1117 = CARTESIAN_POINT ( 'NONE',  ( 0.4430347531098395297, -0.3001162149497607623, -0.006790111161523182566 ) ) ;
#1118 = VERTEX_POINT ( 'NONE', #179 ) ;
#1119 = CIRCLE ( 'NONE', #472, 0.01000000000000002623 ) ;
#1120 = ADVANCED_FACE ( 'NONE', ( #1939 ), #2784, .T. ) ;
#1121 = CARTESIAN_POINT ( 'NONE',  ( -0.9000000000000024647, 1.050000000000000044, 0.0000000000000000000 ) ) ;
#1122 = EDGE_CURVE ( 'NONE', #346, #1454, #384, .T. ) ;
#1123 = PRESENTATION_LAYER_ASSIGNMENT (  '', '', ( #1418 ) ) ;
#1124 = DIRECTION ( 'NONE',  ( -0.0000000000000000000, -0.0000000000000000000, 1.000000000000000000 ) ) ;
#1125 =( BOUNDED_CURVE ( )  B_SPLINE_CURVE ( 3, ( #3383, #1996, #3146, #3114 ),
 .UNSPECIFIED., .F., .T. ) 
 B_SPLINE_CURVE_WITH_KNOTS ( ( 4, 4 ),
 ( 3.141592653589798445, 4.712388980384689674 ),
 .UNSPECIFIED. ) 
 CURVE ( )  GEOMETRIC_REPRESENTATION_ITEM ( )  RATIONAL_B_SPLINE_CURVE ( ( 1.000000000000000000, 0.8047378541243662697, 0.8047378541243662697, 1.000000000000000000 ) ) 
 REPRESENTATION_ITEM ( '' )  );
#1126 = DIRECTION ( 'NONE',  ( -0.0000000000000000000, -0.0000000000000000000, -1.000000000000000000 ) ) ;
#1127 = LINE ( 'NONE', #3366, #2538 ) ;
#1128 = EDGE_LOOP ( 'NONE', ( #2794, #147, #3590, #1855, #2541, #3199, #352 ) ) ;
#1129 = FACE_OUTER_BOUND ( 'NONE', #3471, .T. ) ;
#1130 = FACE_OUTER_BOUND ( 'NONE', #2994, .T. ) ;
#1131 = ORIENTED_EDGE ( 'NONE', *, *, #738, .F. ) ;
#1132 = ORIENTED_EDGE ( 'NONE', *, *, #2878, .F. ) ;
#1133 = DIRECTION ( 'NONE',  ( -4.336808689942006376E-14, -1.000000000000000000, 0.0000000000000000000 ) ) ;
#1134 = FACE_OUTER_BOUND ( 'NONE', #576, .T. ) ;
#1135 = ORIENTED_EDGE ( 'NONE', *, *, #3227, .F. ) ;
#1136 = CARTESIAN_POINT ( 'NONE',  ( -0.8900000000000003464, -1.050000000000000044, -0.01000000000000000021 ) ) ;
#1137 = SURFACE_SIDE_STYLE ('',( #263 ) ) ;
#1138 = EDGE_CURVE ( 'NONE', #3078, #2205, #1393, .T. ) ;
#1139 = EDGE_CURVE ( 'NONE', #1773, #1743, #2633, .T. ) ;
#1140 = DIRECTION ( 'NONE',  ( 0.0000000000000000000, -1.000000000000000000, 0.0000000000000000000 ) ) ;
#1141 = CARTESIAN_POINT ( 'NONE',  ( 0.4499999999999999001, -0.2943725653083155147, 0.0000000000000000000 ) ) ;
#1142 = ORIENTED_EDGE ( 'NONE', *, *, #492, .T. ) ;
#1143 = CARTESIAN_POINT ( 'NONE',  ( -1.049999999999999600, -1.290000000000000036, 0.3499999999999999778 ) ) ;
#1144 = EDGE_CURVE ( 'NONE', #1953, #2002, #102, .T. ) ;
#1145 = CARTESIAN_POINT ( 'NONE',  ( 0.9000000000000000222, 1.500000000000000000, -3.388131789017201356E-18 ) ) ;
#1146 = ORIENTED_EDGE ( 'NONE', *, *, #3285, .F. ) ;
#1147 = EDGE_LOOP ( 'NONE', ( #2426, #543, #1182, #1460 ) ) ;
#1148 = CARTESIAN_POINT ( 'NONE',  ( 0.9000000000000003553, 1.050000000000000044, -0.01000000000000000021 ) ) ;
#1149 = AXIS2_PLACEMENT_3D ( 'NONE', #2815, #2525, #21 ) ;
#1150 = ORIENTED_EDGE ( 'NONE', *, *, #2849, .F. ) ;
#1151 = COLOUR_RGB ( '',1.000000000000000000, 0.9058823529411764719, 0.9411764705882352811 ) ;
#1152 = CARTESIAN_POINT ( 'NONE',  ( -1.000000000000000000, 0.0000000000000000000, 1.179999999999999938 ) ) ;
#1153 = SPHERICAL_SURFACE ( 'NONE', #202, 0.01000000000000000021 ) ;
#1154 = CONICAL_SURFACE ( 'NONE', #3212, 0.9299999999999998268, 0.9505468408120761881 ) ;
#1155 = CARTESIAN_POINT ( 'NONE',  ( -1.302736609366954568, -0.3015653334274078778, -0.004623664426270542721 ) ) ;
#1156 = CARTESIAN_POINT ( 'NONE',  ( -0.8899999999999999023, -1.500000000000000000, 0.0000000000000000000 ) ) ;
#1157 = ORIENTED_EDGE ( 'NONE', *, *, #1343, .F. ) ;
#1158 = CARTESIAN_POINT ( 'NONE',  ( 1.290000000000000036, -0.2999999999999999334, 0.3499999999999999778 ) ) ;
#1159 = ADVANCED_FACE ( 'NONE', ( #3297 ), #3563, .T. ) ;
#1160 = AXIS2_PLACEMENT_3D ( 'NONE', #639, #74, #1204 ) ;
#1161 = VERTEX_POINT ( 'NONE', #3002 ) ;
#1162 = ADVANCED_FACE ( 'NONE', ( #3271 ), #2453, .T. ) ;
#1163 = ADVANCED_FACE ( 'NONE', ( #1324 ), #780, .T. ) ;
#1164 = ORIENTED_EDGE ( 'NONE', *, *, #3412, .T. ) ;
#1165 = AXIS2_PLACEMENT_3D ( 'NONE', #1821, #1801, #699 ) ;
#1166 = FACE_OUTER_BOUND ( 'NONE', #3548, .T. ) ;
#1167 = CARTESIAN_POINT ( 'NONE',  ( 0.0000000000000000000, 0.0000000000000000000, 0.3600000000000000977 ) ) ;
#1168 = ADVANCED_FACE ( 'NONE', ( #1103, #478 ), #2218, .F. ) ;
#1169 = AXIS2_PLACEMENT_3D ( 'NONE', #733, #2962, #1900 ) ;
#1170 = ORIENTED_EDGE ( 'NONE', *, *, #50, .T. ) ;
#1171 = MECHANICAL_DESIGN_GEOMETRIC_PRESENTATION_REPRESENTATION (  '', ( #2710 ), #222 ) ;
#1172 = LINE ( 'NONE', #3361, #3455 ) ;
#1173 = FACE_OUTER_BOUND ( 'NONE', #1059, .T. ) ;
#1174 = CARTESIAN_POINT ( 'NONE',  ( -0.9899999999999999911, 0.0000000000000000000, 0.7051461789529179791 ) ) ;
#1175 = AXIS2_PLACEMENT_3D ( 'NONE', #2411, #1262, #3503 ) ;
#1176 = VECTOR ( 'NONE', #589, 1000.000000000000000 ) ;
#1177 = CARTESIAN_POINT ( 'NONE',  ( 0.9559032239083857796, -0.2936839581256804887, 0.4893619703030274715 ) ) ;
#1178 = LINE ( 'NONE', #622, #349 ) ;
#1179 = EDGE_LOOP ( 'NONE', ( #2448, #182, #242, #2898 ) ) ;
#1180 = CARTESIAN_POINT ( 'NONE',  ( -0.9000000000000003553, 1.040000000000000036, 0.0000000000000000000 ) ) ;
#1181 = STYLED_ITEM ( 'NONE', ( #3508 ), #448 ) ;
#1182 = ORIENTED_EDGE ( 'NONE', *, *, #2345, .F. ) ;
#1183 = ORIENTED_EDGE ( 'NONE', *, *, #1030, .T. ) ;
#1184 = EDGE_CURVE ( 'NONE', #216, #1743, #1956, .T. ) ;
#1185 = DIRECTION ( 'NONE',  ( -0.0000000000000000000, -0.0000000000000000000, -1.000000000000000000 ) ) ;
#1186 = LINE ( 'NONE', #2318, #512 ) ;
#1187 = ORIENTED_EDGE ( 'NONE', *, *, #875, .F. ) ;
#1188 = PLANE ( 'NONE',  #375 ) ;
#1189 = DIRECTION ( 'NONE',  ( 0.0000000000000000000, 0.0000000000000000000, 1.000000000000000000 ) ) ;
#1190 = CARTESIAN_POINT ( 'NONE',  ( 0.0000000000000000000, 0.0000000000000000000, 0.5499999999999999334 ) ) ;
#1191 = ORIENTED_EDGE ( 'NONE', *, *, #2160, .T. ) ;
#1192 = CARTESIAN_POINT ( 'NONE',  ( -0.8399999999999999689, 0.0000000000000000000, 0.3499999999999999778 ) ) ;
#1193 = CARTESIAN_POINT ( 'NONE',  ( -1.050000000000000044, -0.2999999999999999334, 0.3499999999999999778 ) ) ;
#1194 = ORIENTED_EDGE ( 'NONE', *, *, #1184, .F. ) ;
#1195 = UNCERTAINTY_MEASURE_WITH_UNIT (LENGTH_MEASURE( 1.000000000000000082E-05 ), #1970, 'distance_accuracy_value', 'NONE');
#1196 = DIRECTION ( 'NONE',  ( -0.0000000000000000000, -0.0000000000000000000, -1.000000000000000000 ) ) ;
#1197 = PLANE ( 'NONE',  #2037 ) ;
#1198 = EDGE_LOOP ( 'NONE', ( #2977, #373, #838, #2703 ) ) ;
#1199 = ORIENTED_EDGE ( 'NONE', *, *, #1910, .F. ) ;
#1200 = EDGE_CURVE ( 'NONE', #1497, #3016, #924, .T. ) ;
#1201 = CARTESIAN_POINT ( 'NONE',  ( -0.8899999999999999023, -1.489999999999999991, -0.01000000000000000021 ) ) ;
#1202 = MECHANICAL_DESIGN_GEOMETRIC_PRESENTATION_REPRESENTATION (  '', ( #141 ), #2857 ) ;
#1203 = CARTESIAN_POINT ( 'NONE',  ( 0.8900000000000001243, 1.310000000000000275, 0.1300000000000000044 ) ) ;
#1204 = DIRECTION ( 'NONE',  ( 0.0000000000000000000, 0.0000000000000000000, -1.000000000000000000 ) ) ;
#1205 = EDGE_CURVE ( 'NONE', #2906, #3420, #2560, .T. ) ;
#1206 = PRESENTATION_LAYER_ASSIGNMENT (  '', '', ( #1505 ) ) ;
#1207 = FACE_OUTER_BOUND ( 'NONE', #1512, .T. ) ;
#1208 = CARTESIAN_POINT ( 'NONE',  ( 0.4399999999999998357, -0.3099999999999999423, 0.0000000000000000000 ) ) ;
#1209 = ORIENTED_EDGE ( 'NONE', *, *, #2638, .F. ) ;
#1210 = AXIS2_PLACEMENT_3D ( 'NONE', #358, #591, #923 ) ;
#1211 = DIRECTION ( 'NONE',  ( 0.0000000000000000000, 0.0000000000000000000, -1.000000000000000000 ) ) ;
#1212 = EDGE_CURVE ( 'NONE', #1701, #1482, #2397, .T. ) ;
#1213 = AXIS2_PLACEMENT_3D ( 'NONE', #2948, #3530, #1012 ) ;
#1214 = CARTESIAN_POINT ( 'NONE',  ( 0.4399999999999998357, -0.3099999999999999423, -0.01000000000000000021 ) ) ;
#1215 = ORIENTED_EDGE ( 'NONE', *, *, #1098, .T. ) ;
#1216 = VECTOR ( 'NONE', #451, 1000.000000000000000 ) ;
#1217 = AXIS2_PLACEMENT_3D ( 'NONE', #49, #593, #1757 ) ;
#1218 = DIRECTION ( 'NONE',  ( 0.0000000000000000000, -1.000000000000000000, 0.0000000000000000000 ) ) ;
#1219 = CARTESIAN_POINT ( 'NONE',  ( 0.9550423396036892276, 0.2964694411992507272, 0.4876253741827681343 ) ) ;
#1220 = CARTESIAN_POINT ( 'NONE',  ( 0.8894003300729653727, -0.2999999999999999889, 0.3399999999999999689 ) ) ;
#1221 = ORIENTED_EDGE ( 'NONE', *, *, #1275, .T. ) ;
#1222 = PRESENTATION_LAYER_ASSIGNMENT (  '', '', ( #96 ) ) ;
#1223 = DIRECTION ( 'NONE',  ( -1.000000000000000000, 0.0000000000000000000, 0.0000000000000000000 ) ) ;
#1224 = AXIS2_PLACEMENT_3D ( 'NONE', #3528, #1010, #2139 ) ;
#1225 = CARTESIAN_POINT ( 'NONE',  ( 0.8899999999999999023, -1.489999999999999991, 0.0000000000000000000 ) ) ;
#1226 = DIRECTION ( 'NONE',  ( -1.000000000000000000, -1.032573497605242717E-16, -0.0000000000000000000 ) ) ;
#1227 = CIRCLE ( 'NONE', #1654, 0.01000000000000002623 ) ;
#1228 = ADVANCED_FACE ( 'NONE', ( #863 ), #2834, .T. ) ;
#1229 = EDGE_CURVE ( 'NONE', #1441, #315, #2460, .T. ) ;
#1230 = DIRECTION ( 'NONE',  ( -1.224646799147353207E-16, 1.000000000000000000, 0.0000000000000000000 ) ) ;
#1231 = SURFACE_STYLE_USAGE ( .BOTH. , #1822 ) ;
#1232 = VERTEX_POINT ( 'NONE', #2041 ) ;
#1233 = CYLINDRICAL_SURFACE ( 'NONE', #1095, 0.8499999999999999778 ) ;
#1234 = UNCERTAINTY_MEASURE_WITH_UNIT (LENGTH_MEASURE( 1.000000000000000082E-05 ), #717, 'distance_accuracy_value', 'NONE');
#1235 = AXIS2_PLACEMENT_3D ( 'NONE', #836, #553, #3516 ) ;
#1236 = CARTESIAN_POINT ( 'NONE',  ( 1.540000000000000036, 0.2999999999999999889, 0.3399999999999999689 ) ) ;
#1237 = ORIENTED_EDGE ( 'NONE', *, *, #900, .F. ) ;
#1238 = UNCERTAINTY_MEASURE_WITH_UNIT (LENGTH_MEASURE( 1.000000000000000082E-05 ), #2879, 'distance_accuracy_value', 'NONE');
#1239 = AXIS2_PLACEMENT_3D ( 'NONE', #2087, #2895, #980 ) ;
#1240 = CARTESIAN_POINT ( 'NONE',  ( -1.352671281862867531E-16, 1.310000000000000053, 0.1500000000000000222 ) ) ;
#1241 = CARTESIAN_POINT ( 'NONE',  ( 0.9566750789897010554, 0.2911602014465309307, 0.4899999999999999911 ) ) ;
#1242 = CARTESIAN_POINT ( 'NONE',  ( -1.300078084359577169, -0.2929674977420829718, -0.01000000000000000021 ) ) ;
#1243 = DIRECTION ( 'NONE',  ( -0.0000000000000000000, -0.0000000000000000000, -1.000000000000000000 ) ) ;
#1244 = VERTEX_POINT ( 'NONE', #2288 ) ;
#1245 = DIRECTION ( 'NONE',  ( -0.0000000000000000000, 0.0000000000000000000, -1.000000000000000000 ) ) ;
#1246 = CARTESIAN_POINT ( 'NONE',  ( 0.0000000000000000000, -0.2899999999999999800, 0.4899999999999999911 ) ) ;
#1247 = CARTESIAN_POINT ( 'NONE',  ( -1.310000000000000053, -0.2926794919243111970, -0.01000000000000000021 ) ) ;
#1248 = DIRECTION ( 'NONE',  ( -0.0000000000000000000, -1.000000000000000000, -0.0000000000000000000 ) ) ;
#1249 = CYLINDRICAL_SURFACE ( 'NONE', #539, 0.01000000000000002623 ) ;
#1250 = ORIENTED_EDGE ( 'NONE', *, *, #2026, .F. ) ;
#1251 = CARTESIAN_POINT ( 'NONE',  ( 1.290000000000000036, -1.050000000000000044, 0.3499999999999999778 ) ) ;
#1252 = EDGE_CURVE ( 'NONE', #2719, #2205, #3631, .T. ) ;
#1253 = DIRECTION ( 'NONE',  ( 0.0000000000000000000, 0.0000000000000000000, -1.000000000000000000 ) ) ;
#1254 = ORIENTED_EDGE ( 'NONE', *, *, #2264, .F. ) ;
#1255 = ADVANCED_FACE ( 'NONE', ( #3128 ), #1154, .T. ) ;
#1256 = FACE_OUTER_BOUND ( 'NONE', #3117, .T. ) ;
#1257 = CARTESIAN_POINT ( 'NONE',  ( -0.9000000000000000222, 1.495857864376268997, -0.009999999999999998473 ) ) ;
#1258 = DIRECTION ( 'NONE',  ( 0.0000000000000000000, 0.0000000000000000000, 1.000000000000000000 ) ) ;
#1259 = DIRECTION ( 'NONE',  ( -0.0000000000000000000, -0.0000000000000000000, -1.000000000000000000 ) ) ;
#1260 = ORIENTED_EDGE ( 'NONE', *, *, #2517, .F. ) ;
#1261 = ORIENTED_EDGE ( 'NONE', *, *, #1372, .T. ) ;
#1262 = DIRECTION ( 'NONE',  ( 1.000000000000000000, -0.0000000000000000000, -0.0000000000000000000 ) ) ;
#1263 = CARTESIAN_POINT ( 'NONE',  ( -1.300000000000000044, -0.3099999999999999423, 0.1300000000000000044 ) ) ;
#1264 = CARTESIAN_POINT ( 'NONE',  ( 0.9000000000000000222, 1.489999999999999991, -0.01000000000000000021 ) ) ;
#1265 = EDGE_LOOP ( 'NONE', ( #1422, #2327, #1588, #2319 ) ) ;
#1266 = DIRECTION ( 'NONE',  ( 1.000000000000000000, 0.0000000000000000000, -0.0000000000000000000 ) ) ;
#1267 = COLOUR_RGB ( '',1.000000000000000000, 0.9058823529411764719, 0.9411764705882352811 ) ;
#1268 = CIRCLE ( 'NONE', #2685, 0.009999999999999998473 ) ;
#1269 = DIRECTION ( 'NONE',  ( 1.000000000000000000, -0.0000000000000000000, 0.0000000000000000000 ) ) ;
#1270 = ADVANCED_FACE ( 'NONE', ( #1731 ), #2848, .T. ) ;
#1271 = ORIENTED_EDGE ( 'NONE', *, *, #238, .T. ) ;
#1272 = CIRCLE ( 'NONE', #1859, 0.01000000000000002623 ) ;
#1273 = DIRECTION ( 'NONE',  ( 0.0000000000000000000, 0.0000000000000000000, -1.000000000000000000 ) ) ;
#1274 = EDGE_CURVE ( 'NONE', #2718, #1408, #848, .T. ) ;
#1275 = EDGE_CURVE ( 'NONE', #1408, #2530, #2102, .T. ) ;
#1276 = CARTESIAN_POINT ( 'NONE',  ( -1.300155367965258657, -0.2932559890559413573, -0.009987517496392459698 ) ) ;
#1277 = LINE ( 'NONE', #2192, #814 ) ;
#1278 = ORIENTED_EDGE ( 'NONE', *, *, #1229, .T. ) ;
#1279 = ORIENTED_EDGE ( 'NONE', *, *, #2276, .F. ) ;
#1280 = AXIS2_PLACEMENT_3D ( 'NONE', #1642, #2762, #224 ) ;
#1281 =( NAMED_UNIT ( * ) SI_UNIT ( $, .STERADIAN. ) SOLID_ANGLE_UNIT ( ) );
#1282 = AXIS2_PLACEMENT_3D ( 'NONE', #608, #1476, #2314 ) ;
#1283 = DIRECTION ( 'NONE',  ( -0.0000000000000000000, 1.000000000000000000, 0.0000000000000000000 ) ) ;
#1284 = DIRECTION ( 'NONE',  ( -0.0000000000000000000, -1.000000000000000000, -0.0000000000000000000 ) ) ;
#1285 = EDGE_LOOP ( 'NONE', ( #1964, #1164, #1097, #2830 ) ) ;
#1286 = CARTESIAN_POINT ( 'NONE',  ( -0.8900000000000014566, 8.577243853440897491E-16, 0.1400000000000000133 ) ) ;
#1287 = CIRCLE ( 'NONE', #2295, 0.009999999999999998473 ) ;
#1288 = CARTESIAN_POINT ( 'NONE',  ( -0.9000000000000003553, 1.040000000000000036, -0.01000000000000000021 ) ) ;
#1289 = ORIENTED_EDGE ( 'NONE', *, *, #813, .T. ) ;
#1290 = PLANE ( 'NONE',  #1458 ) ;
#1291 = FACE_OUTER_BOUND ( 'NONE', #1498, .T. ) ;
#1292 = FACE_OUTER_BOUND ( 'NONE', #1589, .T. ) ;
#1293 = AXIS2_PLACEMENT_3D ( 'NONE', #2887, #1488, #2669 ) ;
#1294 = DIRECTION ( 'NONE',  ( 0.0000000000000000000, 0.0000000000000000000, 1.000000000000000000 ) ) ;
#1295 = ORIENTED_EDGE ( 'NONE', *, *, #895, .F. ) ;
#1296 = EDGE_LOOP ( 'NONE', ( #2713, #1615, #312, #531, #2841 ) ) ;
#1297 = ADVANCED_FACE ( 'NONE', ( #658 ), #1543, .T. ) ;
#1298 = EDGE_CURVE ( 'NONE', #1953, #2589, #1007, .T. ) ;
#1299 = FACE_OUTER_BOUND ( 'NONE', #82, .T. ) ;
#1300 = DIRECTION ( 'NONE',  ( 0.0000000000000000000, -0.0000000000000000000, 1.000000000000000000 ) ) ;
#1301 = LINE ( 'NONE', #1044, #453 ) ;
#1302 = ORIENTED_EDGE ( 'NONE', *, *, #3303, .F. ) ;
#1303 = EDGE_CURVE ( 'NONE', #1711, #2906, #3273, .T. ) ;
#1304 = CARTESIAN_POINT ( 'NONE',  ( 1.300000000000000266, 1.050000000000000044, 0.3399999999999999689 ) ) ;
#1305 = DIRECTION ( 'NONE',  ( 0.0000000000000000000, 0.0000000000000000000, 1.000000000000000000 ) ) ;
#1306 = DIRECTION ( 'NONE',  ( 1.000000000000000000, 0.0000000000000000000, 0.0000000000000000000 ) ) ;
#1307 = DIRECTION ( 'NONE',  ( 0.0000000000000000000, 0.0000000000000000000, 1.000000000000000000 ) ) ;
#1308 = VERTEX_POINT ( 'NONE', #151 ) ;
#1309 = UNCERTAINTY_MEASURE_WITH_UNIT (LENGTH_MEASURE( 1.000000000000000082E-05 ), #3410, 'distance_accuracy_value', 'NONE');
#1310 = EDGE_LOOP ( 'NONE', ( #1191, #311, #2979, #2782 ) ) ;
#1311 = FACE_OUTER_BOUND ( 'NONE', #2229, .T. ) ;
#1312 = DIRECTION ( 'NONE',  ( 0.0000000000000000000, 0.0000000000000000000, 1.000000000000000000 ) ) ;
#1313 = CARTESIAN_POINT ( 'NONE',  ( 1.290000000000000036, -1.050000000000000044, 0.3399999999999999689 ) ) ;
#1314 = EDGE_LOOP ( 'NONE', ( #1643, #1024, #2081, #2899, #491, #2354, #2845, #2811, #3093, #1842, #783, #2956, #192 ) ) ;
#1315 = ORIENTED_EDGE ( 'NONE', *, *, #3347, .T. ) ;
#1316 = DIRECTION ( 'NONE',  ( -0.0000000000000000000, -0.0000000000000000000, -1.000000000000000000 ) ) ;
#1317 = FACE_OUTER_BOUND ( 'NONE', #2946, .T. ) ;
#1318 = ADVANCED_FACE ( 'NONE', ( #95 ), #2667, .T. ) ;
#1319 = DIRECTION ( 'NONE',  ( -1.000000000000000000, 0.0000000000000000000, 0.0000000000000000000 ) ) ;
#1320 = EDGE_LOOP ( 'NONE', ( #2993, #2381, #446 ) ) ;
#1321 = DIRECTION ( 'NONE',  ( -0.0000000000000000000, -0.0000000000000000000, -1.000000000000000000 ) ) ;
#1322 = DIRECTION ( 'NONE',  ( 1.000000000000000000, 1.032573497605242347E-16, 0.0000000000000000000 ) ) ;
#1323 = EDGE_CURVE ( 'NONE', #1701, #200, #955, .T. ) ;
#1324 = FACE_OUTER_BOUND ( 'NONE', #1079, .T. ) ;
#1325 = CYLINDRICAL_SURFACE ( 'NONE', #336, 0.01000000000000002623 ) ;
#1326 = EDGE_LOOP ( 'NONE', ( #308, #1353, #1868, #1413 ) ) ;
#1327 = VECTOR ( 'NONE', #695, 1000.000000000000000 ) ;
#1328 = DIRECTION ( 'NONE',  ( 1.000000000000000000, 2.065146995210484695E-16, -0.0000000000000000000 ) ) ;
#1329 = CARTESIAN_POINT ( 'NONE',  ( 1.050000000000000044, 1.050000000000000044, 0.3499999999999999778 ) ) ;
#1330 = LINE ( 'NONE', #2406, #83 ) ;
#1332 = EDGE_LOOP ( 'NONE', ( #931, #690, #2344, #2233 ) ) ;
#1331 = CIRCLE ( 'NONE', #3385, 0.2400000000000001854 ) ;
#1333 = VERTEX_POINT ( 'NONE', #370 ) ;
#1334 = PRESENTATION_LAYER_ASSIGNMENT (  '', '', ( #517 ) ) ;
#1335 = DIRECTION ( 'NONE',  ( 1.000000000000000000, 0.0000000000000000000, 0.0000000000000000000 ) ) ;
#1336 = DIRECTION ( 'NONE',  ( 9.637352644315598694E-16, -1.000000000000000000, 0.0000000000000000000 ) ) ;
#1337 = DIRECTION ( 'NONE',  ( -1.000000000000000000, 0.0000000000000000000, 0.0000000000000000000 ) ) ;
#1338 = CIRCLE ( 'NONE', #3391, 0.01000000000000002623 ) ;
#1339 = DIRECTION ( 'NONE',  ( -1.000000000000000000, -1.032573497605242347E-16, 0.0000000000000000000 ) ) ;
#1340 = CARTESIAN_POINT ( 'NONE',  ( -1.550000000000000266, -0.2899999999999999800, -0.01000000000000000021 ) ) ;
#1341 = CARTESIAN_POINT ( 'NONE',  ( 0.0000000000000000000, 0.0000000000000000000, 0.0000000000000000000 ) ) ;
#1342 = AXIS2_PLACEMENT_3D ( 'NONE', #122, #3476, #2069 ) ;
#1343 = EDGE_CURVE ( 'NONE', #3538, #3567, #3485, .T. ) ;
#1344 = DIRECTION ( 'NONE',  ( 0.0000000000000000000, 1.000000000000000000, 0.0000000000000000000 ) ) ;
#1345 = ORIENTED_EDGE ( 'NONE', *, *, #732, .F. ) ;
#1346 = VECTOR ( 'NONE', #3579, 1000.000000000000000 ) ;
#1347 = ORIENTED_EDGE ( 'NONE', *, *, #1368, .F. ) ;
#1348 = AXIS2_PLACEMENT_3D ( 'NONE', #2023, #1537, #1258 ) ;
#1349 = DIRECTION ( 'NONE',  ( -0.0000000000000000000, -1.000000000000000000, -0.0000000000000000000 ) ) ;
#1350 = DIRECTION ( 'NONE',  ( 1.000000000000000000, 0.0000000000000000000, 0.0000000000000000000 ) ) ;
#1351 = AXIS2_PLACEMENT_3D ( 'NONE', #3591, #529, #1080 ) ;
#1352 = ORIENTED_EDGE ( 'NONE', *, *, #2891, .F. ) ;
#1353 = ORIENTED_EDGE ( 'NONE', *, *, #3125, .T. ) ;
#1354 = SPHERICAL_SURFACE ( 'NONE', #2648, 0.01000000000000000021 ) ;
#1355 = CARTESIAN_POINT ( 'NONE',  ( 0.8894003300729653727, 0.2999999999999999889, 0.3399999999999999689 ) ) ;
#1356 = CARTESIAN_POINT ( 'NONE',  ( 0.0000000000000000000, 0.0000000000000000000, 0.7051461789529179791 ) ) ;
#1357 = ORIENTED_EDGE ( 'NONE', *, *, #144, .T. ) ;
#1358 =( GEOMETRIC_REPRESENTATION_CONTEXT ( 3 ) GLOBAL_UNCERTAINTY_ASSIGNED_CONTEXT ( ( #1234 ) ) GLOBAL_UNIT_ASSIGNED_CONTEXT ( ( #717, #178, #734 ) ) REPRESENTATION_CONTEXT ( 'NONE', 'WORKASPACE' ) );
#1359 = CARTESIAN_POINT ( 'NONE',  ( -0.9000000000000000222, 1.489999999999999991, -0.01000000000000000021 ) ) ;
#1360 = LINE ( 'NONE', #2495, #1502 ) ;
#1361 =( NAMED_UNIT ( * ) PLANE_ANGLE_UNIT ( ) SI_UNIT ( $, .RADIAN. ) );
#1362 = CARTESIAN_POINT ( 'NONE',  ( 0.0000000000000000000, 0.0000000000000000000, 1.000000000000000000 ) ) ;
#1363 = ORIENTED_EDGE ( 'NONE', *, *, #388, .F. ) ;
#1364 = EDGE_CURVE ( 'NONE', #2521, #661, #3447, .T. ) ;
#1365 = ORIENTED_EDGE ( 'NONE', *, *, #1837, .F. ) ;
#1366 = LINE ( 'NONE', #1656, #2053 ) ;
#1367 = SURFACE_STYLE_USAGE ( .BOTH. , #3587 ) ;
#1368 = EDGE_CURVE ( 'NONE', #168, #1385, #2867, .T. ) ;
#1369 = ORIENTED_EDGE ( 'NONE', *, *, #3098, .F. ) ;
#1370 = CARTESIAN_POINT ( 'NONE',  ( -0.8899999999999999023, -1.489999999999999991, 0.1300000000000000044 ) ) ;
#1371 = CYLINDRICAL_SURFACE ( 'NONE', #3038, 0.01000000000000000021 ) ;
#1372 = EDGE_CURVE ( 'NONE', #1921, #3255, #2631, .T. ) ;
#1373 = ORIENTED_EDGE ( 'NONE', *, *, #1303, .F. ) ;
#1374 = DIRECTION ( 'NONE',  ( -2.065146995210484695E-16, 1.000000000000000000, 0.0000000000000000000 ) ) ;
#1375 = SURFACE_STYLE_USAGE ( .BOTH. , #816 ) ;
#1376 =( NAMED_UNIT ( * ) SI_UNIT ( $, .STERADIAN. ) SOLID_ANGLE_UNIT ( ) );
#1377 = FACE_OUTER_BOUND ( 'NONE', #291, .T. ) ;
#1378 = CARTESIAN_POINT ( 'NONE',  ( 0.9541743569893198496, 0.2992517885067591532, 0.4839576952660999409 ) ) ;
#1379 = ORIENTED_EDGE ( 'NONE', *, *, #2628, .T. ) ;
#1380 = VERTEX_POINT ( 'NONE', #2885 ) ;
#1381 = EDGE_CURVE ( 'NONE', #427, #2763, #937, .T. ) ;
#1382 = AXIS2_PLACEMENT_3D ( 'NONE', #534, #1305, #1591 ) ;
#1383 = CARTESIAN_POINT ( 'NONE',  ( 1.000000000000000000, 1.224646799147353207E-16, 0.4999999999999998890 ) ) ;
#1384 = DIRECTION ( 'NONE',  ( 0.0000000000000000000, 0.0000000000000000000, -1.000000000000000000 ) ) ;
#1385 = VERTEX_POINT ( 'NONE', #3468 ) ;
#1386 =( GEOMETRIC_REPRESENTATION_CONTEXT ( 3 ) GLOBAL_UNCERTAINTY_ASSIGNED_CONTEXT ( ( #1309 ) ) GLOBAL_UNIT_ASSIGNED_CONTEXT ( ( #3410, #2074, #965 ) ) REPRESENTATION_CONTEXT ( 'NONE', 'WORKASPACE' ) );
#1387 = EDGE_CURVE ( 'NONE', #2724, #869, #3444, .T. ) ;
#1388 = ADVANCED_FACE ( 'NONE', ( #2061 ), #3175, .F. ) ;
#1389 = CARTESIAN_POINT ( 'NONE',  ( 0.0000000000000000000, 0.0000000000000000000, 1.239999999999999991 ) ) ;
#1390 = AXIS2_PLACEMENT_3D ( 'NONE', #1753, #309, #1490 ) ;
#1391 = DIRECTION ( 'NONE',  ( -1.000000000000000000, 0.0000000000000000000, 0.0000000000000000000 ) ) ;
#1392 = ORIENTED_EDGE ( 'NONE', *, *, #2410, .T. ) ;
#1393 = CIRCLE ( 'NONE', #866, 0.01000000000000002623 ) ;
#1394 = DIRECTION ( 'NONE',  ( -0.0000000000000000000, -0.0000000000000000000, 1.000000000000000000 ) ) ;
#1395 = CARTESIAN_POINT ( 'NONE',  ( -0.8899999999999999023, -1.489999999999999991, 0.0000000000000000000 ) ) ;
#1396 = CIRCLE ( 'NONE', #2400, 0.01000000000000002623 ) ;
#1397 = PRESENTATION_STYLE_ASSIGNMENT (( #903 ) ) ;
#1398 = VECTOR ( 'NONE', #3370, 1000.000000000000000 ) ;
#1399 = DIRECTION ( 'NONE',  ( -9.637352644315598694E-16, -1.000000000000000000, 0.0000000000000000000 ) ) ;
#1400 = CARTESIAN_POINT ( 'NONE',  ( -1.540000000000000036, -0.2999999999999999889, 0.0000000000000000000 ) ) ;
#1401 = ORIENTED_EDGE ( 'NONE', *, *, #2482, .F. ) ;
#1402 = CARTESIAN_POINT ( 'NONE',  ( 0.4499999999999999001, 0.2999999999999999889, -0.01000000000000000021 ) ) ;
#1404 = ORIENTED_EDGE ( 'NONE', *, *, #29, .F. ) ;
#1403 = VECTOR ( 'NONE', #3566, 1000.000000000000000 ) ;
#1405 = VECTOR ( 'NONE', #2342, 1000.000000000000000 ) ;
#1406 = LINE ( 'NONE', #2534, #3446 ) ;
#1407 = ORIENTED_EDGE ( 'NONE', *, *, #2206, .F. ) ;
#1408 = VERTEX_POINT ( 'NONE', #2651 ) ;
#1409 = DIRECTION ( 'NONE',  ( 1.000000000000000000, 0.0000000000000000000, -0.0000000000000000000 ) ) ;
#1410 = CIRCLE ( 'NONE', #885, 0.9958123819371909047 ) ;
#1411 = DIRECTION ( 'NONE',  ( 1.000000000000000000, -0.0000000000000000000, -0.0000000000000000000 ) ) ;
#1412 = EDGE_CURVE ( 'NONE', #1333, #2048, #872, .T. ) ;
#1413 = ORIENTED_EDGE ( 'NONE', *, *, #3272, .T. ) ;
#1414 = EDGE_CURVE ( 'NONE', #2493, #746, #115, .T. ) ;
#1415 = CIRCLE ( 'NONE', #3461, 0.2500000000000000000 ) ;
#1416 = FACE_OUTER_BOUND ( 'NONE', #1326, .T. ) ;
#1417 = DIRECTION ( 'NONE',  ( 1.000000000000000000, 0.0000000000000000000, 0.0000000000000000000 ) ) ;
#1418 = STYLED_ITEM ( 'NONE', ( #1794 ), #3280 ) ;
#1419 = CARTESIAN_POINT ( 'NONE',  ( -1.050000000000000044, 1.050000000000000044, 0.3499999999999999778 ) ) ;
#1420 = CARTESIAN_POINT ( 'NONE',  ( -1.302679491681490775, -0.3013397459621555696, -0.004999999999999993165 ) ) ;
#1421 = LINE ( 'NONE', #2837, #1176 ) ;
#1422 = ORIENTED_EDGE ( 'NONE', *, *, #2455, .F. ) ;
#1423 = CARTESIAN_POINT ( 'NONE',  ( 1.050000000000000044, -1.050000000000000044, 0.3499999999999999778 ) ) ;
#1424 = ORIENTED_EDGE ( 'NONE', *, *, #2849, .T. ) ;
#1425 = DIRECTION ( 'NONE',  ( -0.0000000000000000000, -1.000000000000000000, -0.0000000000000000000 ) ) ;
#1426 = ORIENTED_EDGE ( 'NONE', *, *, #1048, .F. ) ;
#1427 = EDGE_LOOP ( 'NONE', ( #3585, #11, #878, #1108 ) ) ;
#1428 = LINE ( 'NONE', #1463, #2536 ) ;
#1429 = CARTESIAN_POINT ( 'NONE',  ( 0.4413811617983199320, -0.3008079782232340182, -0.005824749822005765264 ) ) ;
#1430 = ORIENTED_EDGE ( 'NONE', *, *, #2607, .T. ) ;
#1431 = ADVANCED_FACE ( 'NONE', ( #2340 ), #2960, .T. ) ;
#1432 = CARTESIAN_POINT ( 'NONE',  ( -1.050000000000000044, -0.3013397459621555696, -0.004999999999999993165 ) ) ;
#1433 = CARTESIAN_POINT ( 'NONE',  ( -0.9000000000000003553, -1.050000000000000044, -0.01000000000000000021 ) ) ;
#1434 = FILL_AREA_STYLE_COLOUR ( '', #2922 ) ;
#1435 = EDGE_CURVE ( 'NONE', #3316, #1734, #697, .T. ) ;
#1436 = CARTESIAN_POINT ( 'NONE',  ( 0.9542120499161598213, -0.2991312314878696310, 0.4842162610874113371 ) ) ;
#1437 = DIRECTION ( 'NONE',  ( 0.0000000000000000000, 0.0000000000000000000, -1.000000000000000000 ) ) ;
#1438 = ORIENTED_EDGE ( 'NONE', *, *, #3593, .T. ) ;
#1439 = CARTESIAN_POINT ( 'NONE',  ( 1.050000000000000044, -1.050000000000000044, 0.3399999999999999689 ) ) ;
#1440 = CARTESIAN_POINT ( 'NONE',  ( 0.0000000000000000000, 0.0000000000000000000, 1.250000000000000000 ) ) ;
#1441 = VERTEX_POINT ( 'NONE', #2943 ) ;
#1442 = ORIENTED_EDGE ( 'NONE', *, *, #1858, .T. ) ;
#1443 = DIRECTION ( 'NONE',  ( -1.000000000000000000, 4.336808689942030989E-14, 0.0000000000000000000 ) ) ;
#1444 = CARTESIAN_POINT ( 'NONE',  ( 0.9000000000000000222, -1.500000000000000000, 0.0000000000000000000 ) ) ;
#1445 = AXIS2_PLACEMENT_3D ( 'NONE', #673, #2920, #1522 ) ;
#1446 = ORIENTED_EDGE ( 'NONE', *, *, #1707, .F. ) ;
#1447 = COLOUR_RGB ( '',1.000000000000000000, 0.9058823529411764719, 0.9411764705882352811 ) ;
#1448 = DIRECTION ( 'NONE',  ( 0.0000000000000000000, 0.0000000000000000000, 1.000000000000000000 ) ) ;
#1449 = DIRECTION ( 'NONE',  ( -0.0000000000000000000, -0.0000000000000000000, -1.000000000000000000 ) ) ;
#1450 = CARTESIAN_POINT ( 'NONE',  ( -1.000000000000000000, 0.0000000000000000000, 1.250000000000000000 ) ) ;
#1451 = VECTOR ( 'NONE', #1509, 1000.000000000000000 ) ;
#1452 = DIRECTION ( 'NONE',  ( -0.0000000000000000000, -0.0000000000000000000, -1.000000000000000000 ) ) ;
#1453 = DIRECTION ( 'NONE',  ( -1.000000000000000000, 0.0000000000000000000, 0.0000000000000000000 ) ) ;
#1454 = VERTEX_POINT ( 'NONE', #986 ) ;
#1455 = DIRECTION ( 'NONE',  ( 0.0000000000000000000, 0.0000000000000000000, 1.000000000000000000 ) ) ;
#1456 = ADVANCED_FACE ( 'NONE', ( #1561 ), #2050, .T. ) ;
#1457 = EDGE_CURVE ( 'NONE', #1333, #1385, #3542, .T. ) ;
#1458 = AXIS2_PLACEMENT_3D ( 'NONE', #2384, #1793, #2129 ) ;
#1459 = CARTESIAN_POINT ( 'NONE',  ( -0.8899999999999999023, 1.489999999999999991, 0.1300000000000000044 ) ) ;
#1460 = ORIENTED_EDGE ( 'NONE', *, *, #737, .F. ) ;
#1461 = AXIS2_PLACEMENT_3D ( 'NONE', #3515, #2622, #2351 ) ;
#1462 = AXIS2_PLACEMENT_3D ( 'NONE', #716, #3507, #2325 ) ;
#1463 = CARTESIAN_POINT ( 'NONE',  ( 0.4499999999999999001, 0.2999999999999999889, -0.01000000000000000021 ) ) ;
#1464 = CARTESIAN_POINT ( 'NONE',  ( -0.8900000000000001243, 1.310000000000000053, 0.1500000000000000222 ) ) ;
#1465 = VECTOR ( 'NONE', #919, 1000.000000000000000 ) ;
#1466 = ORIENTED_EDGE ( 'NONE', *, *, #613, .T. ) ;
#1467 = ORIENTED_EDGE ( 'NONE', *, *, #691, .F. ) ;
#1468 = AXIS2_PLACEMENT_3D ( 'NONE', #2814, #563, #2305 ) ;
#1469 = DIRECTION ( 'NONE',  ( 1.000000000000000000, 0.0000000000000000000, 0.0000000000000000000 ) ) ;
#1470 = AXIS2_PLACEMENT_3D ( 'NONE', #580, #1443, #1133 ) ;
#1471 = VECTOR ( 'NONE', #1787, 1000.000000000000000 ) ;
#1472 = CARTESIAN_POINT ( 'NONE',  ( -0.9000000000000003553, -1.050000000000000266, 0.0000000000000000000 ) ) ;
#1473 = CARTESIAN_POINT ( 'NONE',  ( -1.550000000000000266, -0.2899999999999999245, 0.1300000000000000044 ) ) ;
#1474 = ORIENTED_EDGE ( 'NONE', *, *, #613, .F. ) ;
#1475 = DIRECTION ( 'NONE',  ( -1.000000000000000000, 9.637352644315535585E-16, 0.0000000000000000000 ) ) ;
#1476 = DIRECTION ( 'NONE',  ( 0.0000000000000000000, 0.0000000000000000000, -1.000000000000000000 ) ) ;
#1477 = EDGE_CURVE ( 'NONE', #1877, #1734, #573, .T. ) ;
#1478 = ORIENTED_EDGE ( 'NONE', *, *, #2769, .T. ) ;
#1479 = EDGE_CURVE ( 'NONE', #225, #216, #1045, .T. ) ;
#1480 = DIRECTION ( 'NONE',  ( -1.032573497605242717E-16, 1.000000000000000000, 0.0000000000000000000 ) ) ;
#1481 = ORIENTED_EDGE ( 'NONE', *, *, #3479, .T. ) ;
#1482 = VERTEX_POINT ( 'NONE', #474 ) ;
#1483 = SURFACE_STYLE_USAGE ( .BOTH. , #656 ) ;
#1484 = EDGE_CURVE ( 'NONE', #334, #1232, #752, .T. ) ;
#1485 = DIRECTION ( 'NONE',  ( 0.0000000000000000000, 0.0000000000000000000, 1.000000000000000000 ) ) ;
#1486 = DIRECTION ( 'NONE',  ( 0.0000000000000000000, 0.0000000000000000000, 1.000000000000000000 ) ) ;
#1487 = CARTESIAN_POINT ( 'NONE',  ( -1.540000000000000036, -0.2899999999999999245, 0.1300000000000000044 ) ) ;
#1488 = DIRECTION ( 'NONE',  ( 0.0000000000000000000, 1.000000000000000000, 0.0000000000000000000 ) ) ;
#1489 = ORIENTED_EDGE ( 'NONE', *, *, #139, .T. ) ;
#1490 = DIRECTION ( 'NONE',  ( -1.000000000000000000, 0.0000000000000000000, 0.0000000000000000000 ) ) ;
#1491 = DIRECTION ( 'NONE',  ( -1.000000000000000000, -0.0000000000000000000, -0.0000000000000000000 ) ) ;
#1492 = ORIENTED_EDGE ( 'NONE', *, *, #3124, .F. ) ;
#1493 = VERTEX_POINT ( 'NONE', #731 ) ;
#1494 = CARTESIAN_POINT ( 'NONE',  ( -0.8900000000000001243, -1.300000000000000266, 0.1400000000000000133 ) ) ;
#1495 = CYLINDRICAL_SURFACE ( 'NONE', #3406, 0.8499999999999999778 ) ;
#1496 = PLANE ( 'NONE',  #2512 ) ;
#1497 = VERTEX_POINT ( 'NONE', #3323 ) ;
#1498 = EDGE_LOOP ( 'NONE', ( #1841, #1060, #62, #236 ) ) ;
#1499 = EDGE_CURVE ( 'NONE', #812, #740, #1338, .T. ) ;
#1500 = EDGE_CURVE ( 'NONE', #1497, #527, #2729, .T. ) ;
#1501 = DIRECTION ( 'NONE',  ( -0.0000000000000000000, -0.0000000000000000000, 1.000000000000000000 ) ) ;
#1502 = VECTOR ( 'NONE', #3328, 1000.000000000000000 ) ;
#1503 = DIRECTION ( 'NONE',  ( -1.000000000000000000, -0.0000000000000000000, -0.0000000000000000000 ) ) ;
#1504 = DIRECTION ( 'NONE',  ( -1.000000000000000000, 0.0000000000000000000, 0.0000000000000000000 ) ) ;
#1505 = STYLED_ITEM ( 'NONE', ( #3525 ), #416 ) ;
#1506 = DIRECTION ( 'NONE',  ( 0.0000000000000000000, -5.421010862427522959E-15, 1.000000000000000000 ) ) ;
#1507 = DIRECTION ( 'NONE',  ( 0.0000000000000000000, 1.000000000000000000, 0.0000000000000000000 ) ) ;
#1508 = ORIENTED_EDGE ( 'NONE', *, *, #1598, .F. ) ;
#1509 = DIRECTION ( 'NONE',  ( -0.0000000000000000000, 1.000000000000000000, 0.0000000000000000000 ) ) ;
#1510 = AXIS2_PLACEMENT_3D ( 'NONE', #1694, #564, #1189 ) ;
#1511 = SURFACE_SIDE_STYLE ('',( #2126 ) ) ;
#1512 = EDGE_LOOP ( 'NONE', ( #293, #2596, #606, #2111 ) ) ;
#1513 = TOROIDAL_SURFACE ( 'NONE', #927, 0.2400000000000001021, 0.01000000000000000021 ) ;
#1514 = CARTESIAN_POINT ( 'NONE',  ( 0.0000000000000000000, 0.0000000000000000000, 1.250000000000000000 ) ) ;
#1515 = DIRECTION ( 'NONE',  ( -0.0000000000000000000, -0.0000000000000000000, -1.000000000000000000 ) ) ;
#1516 = SURFACE_STYLE_FILL_AREA ( #687 ) ;
#1517 = CARTESIAN_POINT ( 'NONE',  ( -1.000000000000000000, 0.0000000000000000000, 1.250000000000000000 ) ) ;
#1518 = ORIENTED_EDGE ( 'NONE', *, *, #2787, .T. ) ;
#1519 = VECTOR ( 'NONE', #2290, 1000.000000000000000 ) ;
#1520 = AXIS2_PLACEMENT_3D ( 'NONE', #3000, #2416, #2472 ) ;
#1521 = EDGE_CURVE ( 'NONE', #2641, #771, #1301, .T. ) ;
#1522 = DIRECTION ( 'NONE',  ( 0.0000000000000000000, 0.0000000000000000000, -1.000000000000000000 ) ) ;
#1523 = ADVANCED_FACE ( 'NONE', ( #3290 ), #775, .T. ) ;
#1524 = CARTESIAN_POINT ( 'NONE',  ( -1.550000000000000266, -0.2899999999999999245, -0.01000000000000000021 ) ) ;
#1525 = CIRCLE ( 'NONE', #1468, 0.01000000000000002623 ) ;
#1526 = LINE ( 'NONE', #2376, #3110 ) ;
#1527 = ORIENTED_EDGE ( 'NONE', *, *, #144, .F. ) ;
#1528 = ADVANCED_FACE ( 'NONE', ( #490 ), #1513, .T. ) ;
#1529 = AXIS2_PLACEMENT_3D ( 'NONE', #1042, #1849, #1063 ) ;
#1530 = LINE ( 'NONE', #1286, #2042 ) ;
#1531 = AXIS2_PLACEMENT_3D ( 'NONE', #1362, #1071, #2423 ) ;
#1532 = CARTESIAN_POINT ( 'NONE',  ( -1.300000000000000044, -0.3037459251293996854, 0.1357159436182648060 ) ) ;
#1533 = ORIENTED_EDGE ( 'NONE', *, *, #3564, .T. ) ;
#1534 = PRESENTATION_LAYER_ASSIGNMENT (  '', '', ( #1181 ) ) ;
#1535 = DIRECTION ( 'NONE',  ( -1.000000000000000000, 0.0000000000000000000, 0.0000000000000000000 ) ) ;
#1536 = CARTESIAN_POINT ( 'NONE',  ( 0.0000000000000000000, 0.0000000000000000000, 0.6500000000000000222 ) ) ;
#1537 = DIRECTION ( 'NONE',  ( -1.000000000000000000, 0.0000000000000000000, 0.0000000000000000000 ) ) ;
#1538 = DIRECTION ( 'NONE',  ( -0.0000000000000000000, 0.0000000000000000000, 1.000000000000000000 ) ) ;
#1539 = VERTEX_POINT ( 'NONE', #2743 ) ;
#1540 = VERTEX_POINT ( 'NONE', #3309 ) ;
#1541 = DIRECTION ( 'NONE',  ( 0.0000000000000000000, 0.0000000000000000000, 1.000000000000000000 ) ) ;
#1542 = DIRECTION ( 'NONE',  ( 0.0000000000000000000, 0.0000000000000000000, 1.000000000000000000 ) ) ;
#1543 = CYLINDRICAL_SURFACE ( 'NONE', #1693, 0.01000000000000002623 ) ;
#1544 = EDGE_CURVE ( 'NONE', #837, #1161, #3577, .T. ) ;
#1545 = FACE_OUTER_BOUND ( 'NONE', #1002, .T. ) ;
#1546 = CARTESIAN_POINT ( 'NONE',  ( 0.0000000000000000000, -0.2899999999999999800, 0.4799999999999999822 ) ) ;
#1547 = ORIENTED_EDGE ( 'NONE', *, *, #2546, .T. ) ;
#1548 = CARTESIAN_POINT ( 'NONE',  ( 1.550000000000000266, 0.2999999999999999889, 0.3499999999999999778 ) ) ;
#1549 = ADVANCED_FACE ( 'NONE', ( #3031 ), #510, .T. ) ;
#1550 = EDGE_CURVE ( 'NONE', #3420, #1408, #693, .T. ) ;
#1551 = VERTEX_POINT ( 'NONE', #2138 ) ;
#1552 = ADVANCED_FACE ( 'NONE', ( #3247 ), #3213, .T. ) ;
#1553 = DIRECTION ( 'NONE',  ( 0.0000000000000000000, 0.0000000000000000000, -1.000000000000000000 ) ) ;
#1554 = CARTESIAN_POINT ( 'NONE',  ( 0.9570266453970860399, 0.2899999999999999800, 0.4899999999999999911 ) ) ;
#1555 = CARTESIAN_POINT ( 'NONE',  ( -1.302679491681490775, -0.3013397459621555696, -0.004999999999999993165 ) ) ;
#1556 = DIRECTION ( 'NONE',  ( 0.0000000000000000000, -1.000000000000000000, 0.0000000000000000000 ) ) ;
#1557 = ORIENTED_EDGE ( 'NONE', *, *, #2875, .T. ) ;
#1558 = ORIENTED_EDGE ( 'NONE', *, *, #1819, .T. ) ;
#1559 = DIRECTION ( 'NONE',  ( 1.000000000000000000, 0.0000000000000000000, 0.0000000000000000000 ) ) ;
#1560 = FILL_AREA_STYLE_COLOUR ( '', #1447 ) ;
#1561 = FACE_OUTER_BOUND ( 'NONE', #169, .T. ) ;
#1562 = VECTOR ( 'NONE', #41, 1000.000000000000000 ) ;
#1563 = LINE ( 'NONE', #2978, #3574 ) ;
#1564 = PLANE ( 'NONE',  #2486 ) ;
#1565 = ORIENTED_EDGE ( 'NONE', *, *, #1667, .F. ) ;
#1566 = PLANE ( 'NONE',  #3614 ) ;
#1567 = CIRCLE ( 'NONE', #439, 0.2500000000000000000 ) ;
#1568 = VECTOR ( 'NONE', #63, 1000.000000000000000 ) ;
#1569 = CARTESIAN_POINT ( 'NONE',  ( 1.050000000000000044, -1.050000000000000044, 0.3499999999999999778 ) ) ;
#1570 = ORIENTED_EDGE ( 'NONE', *, *, #763, .T. ) ;
#1571 = ADVANCED_FACE ( 'NONE', ( #2894 ), #1574, .T. ) ;
#1572 = EDGE_LOOP ( 'NONE', ( #1073, #3492, #1025, #1660 ) ) ;
#1573 = AXIS2_PLACEMENT_3D ( 'NONE', #1419, #1991, #22 ) ;
#1574 = CYLINDRICAL_SURFACE ( 'NONE', #270, 0.009999999999999998473 ) ;
#1575 = DIRECTION ( 'NONE',  ( -2.065146995210484695E-16, 1.000000000000000000, 0.0000000000000000000 ) ) ;
#1576 =( NAMED_UNIT ( * ) PLANE_ANGLE_UNIT ( ) SI_UNIT ( $, .RADIAN. ) );
#1577 = AXIS2_PLACEMENT_3D ( 'NONE', #2547, #2308, #285 ) ;
#1578 = FACE_OUTER_BOUND ( 'NONE', #123, .T. ) ;
#1579 = EDGE_CURVE ( 'NONE', #2199, #2530, #2579, .T. ) ;
#1580 = ORIENTED_EDGE ( 'NONE', *, *, #1684, .T. ) ;
#1581 =( BOUNDED_CURVE ( )  B_SPLINE_CURVE ( 3, ( #350, #652, #1257, #2677 ),
 .UNSPECIFIED., .F., .T. ) 
 B_SPLINE_CURVE_WITH_KNOTS ( ( 4, 4 ),
 ( 1.570796326794896558, 3.141592653589793116 ),
 .UNSPECIFIED. ) 
 CURVE ( )  GEOMETRIC_REPRESENTATION_ITEM ( )  RATIONAL_B_SPLINE_CURVE ( ( 1.000000000000000000, 0.8047378541243649375, 0.8047378541243649375, 1.000000000000000000 ) ) 
 REPRESENTATION_ITEM ( '' )  );
#1582 = ORIENTED_EDGE ( 'NONE', *, *, #1122, .T. ) ;
#1583 = AXIS2_PLACEMENT_3D ( 'NONE', #2932, #1553, #724 ) ;
#1584 = DIRECTION ( 'NONE',  ( -1.000000000000000000, 0.0000000000000000000, 0.0000000000000000000 ) ) ;
#1585 = CARTESIAN_POINT ( 'NONE',  ( -0.9958123819371912377, 0.0000000000000000000, 0.5029911557591489890 ) ) ;
#1586 = TOROIDAL_SURFACE ( 'NONE', #1461, 0.9899999999999999911, 0.01000000000000000021 ) ;
#1587 = CARTESIAN_POINT ( 'NONE',  ( 0.0000000000000000000, 0.0000000000000000000, 1.179999999999999938 ) ) ;
#1588 = ORIENTED_EDGE ( 'NONE', *, *, #2517, .T. ) ;
#1589 = EDGE_LOOP ( 'NONE', ( #3167, #217, #789, #1442 ) ) ;
#1590 = DIRECTION ( 'NONE',  ( 9.637352644315598694E-16, 1.000000000000000000, 0.0000000000000000000 ) ) ;
#1591 = DIRECTION ( 'NONE',  ( 1.000000000000000000, 0.0000000000000000000, 0.0000000000000000000 ) ) ;
#1592 = CARTESIAN_POINT ( 'NONE',  ( -1.050000000000000044, 1.289999999999999813, 0.3399999999999999689 ) ) ;
#1593 = VECTOR ( 'NONE', #3268, 1000.000000000000000 ) ;
#1594 = COLOUR_RGB ( '',1.000000000000000000, 0.9058823529411764719, 0.9411764705882352811 ) ;
#1595 = CARTESIAN_POINT ( 'NONE',  ( -0.8899999999999999023, 1.489999999999999991, -0.01000000000000000021 ) ) ;
#1596 = EDGE_LOOP ( 'NONE', ( #296, #760, #207, #3417 ) ) ;
#1597 = ORIENTED_EDGE ( 'NONE', *, *, #2726, .T. ) ;
#1598 = EDGE_CURVE ( 'NONE', #427, #683, #2072, .T. ) ;
#1599 = CARTESIAN_POINT ( 'NONE',  ( -0.9000000000000000222, 1.500000000000000000, -0.01000000000000000021 ) ) ;
#1600 = LINE ( 'NONE', #3413, #3288 ) ;
#1601 = CARTESIAN_POINT ( 'NONE',  ( -0.8900000000000003464, -1.050000000000000044, 0.1300000000000000044 ) ) ;
#1602 = ORIENTED_EDGE ( 'NONE', *, *, #2254, .F. ) ;
#1603 = ORIENTED_EDGE ( 'NONE', *, *, #578, .T. ) ;
#1604 = ADVANCED_FACE ( 'NONE', ( #1256 ), #1290, .T. ) ;
#1605 = CARTESIAN_POINT ( 'NONE',  ( 1.540000000000000036, -0.2899999999999999800, 0.4799999999999999822 ) ) ;
#1606 = CARTESIAN_POINT ( 'NONE',  ( -0.9000000000000000222, -1.500000000000000000, 0.0000000000000000000 ) ) ;
#1607 = CARTESIAN_POINT ( 'NONE',  ( 0.9100000000000002531, 1.310000000000000275, 0.0000000000000000000 ) ) ;
#1608 = ORIENTED_EDGE ( 'NONE', *, *, #1826, .F. ) ;
#1609 = EDGE_CURVE ( 'NONE', #140, #1380, #1396, .T. ) ;
#1610 = CARTESIAN_POINT ( 'NONE',  ( 0.0000000000000000000, 0.0000000000000000000, 1.250000000000000000 ) ) ;
#1611 = LINE ( 'NONE', #1880, #3322 ) ;
#1612 = DIRECTION ( 'NONE',  ( 0.0000000000000000000, 0.0000000000000000000, 1.000000000000000000 ) ) ;
#1613 = CARTESIAN_POINT ( 'NONE',  ( 0.9958123819371911267, 0.0000000000000000000, 0.6970088442408507445 ) ) ;
#1614 = ORIENTED_EDGE ( 'NONE', *, *, #899, .T. ) ;
#1615 = ORIENTED_EDGE ( 'NONE', *, *, #2071, .F. ) ;
#1616 = CARTESIAN_POINT ( 'NONE',  ( 0.8899999999999999023, -1.500000000000000000, 0.1300000000000000044 ) ) ;
#1617 = DIRECTION ( 'NONE',  ( -1.000000000000000000, 0.0000000000000000000, 0.0000000000000000000 ) ) ;
#1618 = CARTESIAN_POINT ( 'NONE',  ( 1.540000000000000036, 0.2899999999999999800, 0.4899999999999999911 ) ) ;
#1619 = EDGE_LOOP ( 'NONE', ( #146, #2859, #3028, #1782 ) ) ;
#1620 = ORIENTED_EDGE ( 'NONE', *, *, #2808, .F. ) ;
#1621 = CARTESIAN_POINT ( 'NONE',  ( -1.050000000000000044, 1.050000000000000044, 0.3399999999999999689 ) ) ;
#1622 = FILL_AREA_STYLE ('',( #1560 ) ) ;
#1623 = ADVANCED_FACE ( 'NONE', ( #979 ), #2911, .T. ) ;
#1624 = EDGE_LOOP ( 'NONE', ( #2195, #3005, #428, #2487 ) ) ;
#1625 = EDGE_CURVE ( 'NONE', #1385, #168, #1754, .T. ) ;
#1626 = CARTESIAN_POINT ( 'NONE',  ( 0.0000000000000000000, 0.0000000000000000000, 0.3499999999999999778 ) ) ;
#1627 = LINE ( 'NONE', #2748, #3378 ) ;
#1628 = DIRECTION ( 'NONE',  ( 0.0000000000000000000, 0.0000000000000000000, -1.000000000000000000 ) ) ;
#1629 = CARTESIAN_POINT ( 'NONE',  ( -1.310000000000000053, -0.3099999999999999423, 0.1300000000000000044 ) ) ;
#1630 = ORIENTED_EDGE ( 'NONE', *, *, #367, .T. ) ;
#1631 = CIRCLE ( 'NONE', #505, 0.01000000000000002623 ) ;
#1632 = CIRCLE ( 'NONE', #2976, 0.01000000000000002623 ) ;
#1633 = CARTESIAN_POINT ( 'NONE',  ( 0.4499999999999999001, 0.2999999999999999889, -0.01000000000000000021 ) ) ;
#1634 = CYLINDRICAL_SURFACE ( 'NONE', #2298, 0.2500000000000002220 ) ;
#1635 = DIRECTION ( 'NONE',  ( -9.637352644315598694E-16, -1.000000000000000000, 0.0000000000000000000 ) ) ;
#1637 = ORIENTED_EDGE ( 'NONE', *, *, #3098, .T. ) ;
#1636 = VECTOR ( 'NONE', #1635, 1000.000000000000000 ) ;
#1638 = EDGE_LOOP ( 'NONE', ( #511, #1620, #1722, #119 ) ) ;
#1639 = AXIS2_PLACEMENT_3D ( 'NONE', #2580, #2257, #3363 ) ;
#1640 = DIRECTION ( 'NONE',  ( -1.000000000000000000, 0.0000000000000000000, 0.0000000000000000000 ) ) ;
#1641 = CYLINDRICAL_SURFACE ( 'NONE', #260, 0.01000000000000000021 ) ;
#1642 = CARTESIAN_POINT ( 'NONE',  ( -1.050000000000000044, 1.289999999999999813, 0.3399999999999999689 ) ) ;
#1643 = ORIENTED_EDGE ( 'NONE', *, *, #1252, .T. ) ;
#1644 = AXIS2_PLACEMENT_3D ( 'NONE', #1587, #403, #685 ) ;
#1645 = ADVANCED_FACE ( 'NONE', ( #440 ), #362, .F. ) ;
#1646 = DIRECTION ( 'NONE',  ( -0.0000000000000000000, -0.0000000000000000000, -1.000000000000000000 ) ) ;
#1647 = CARTESIAN_POINT ( 'NONE',  ( 1.050000000000000044, -1.300000000000000266, 0.3499999999999999778 ) ) ;
#1648 = MECHANICAL_DESIGN_GEOMETRIC_PRESENTATION_REPRESENTATION (  '', ( #96 ), #1049 ) ;
#1649 = ADVANCED_FACE ( 'NONE', ( #2107 ), #163, .F. ) ;
#1650 = CARTESIAN_POINT ( 'NONE',  ( -1.290000000000000036, 1.050000000000000044, 0.3399999999999999689 ) ) ;
#1651 = CARTESIAN_POINT ( 'NONE',  ( -1.050000000000000044, 1.050000000000000044, 0.3499999999999999778 ) ) ;
#1652 = EDGE_LOOP ( 'NONE', ( #914, #820, #2537, #37 ) ) ;
#1653 = ORIENTED_EDGE ( 'NONE', *, *, #516, .F. ) ;
#1654 = AXIS2_PLACEMENT_3D ( 'NONE', #501, #2485, #2790 ) ;
#1655 = EDGE_CURVE ( 'NONE', #2791, #669, #2642, .T. ) ;
#1656 = CARTESIAN_POINT ( 'NONE',  ( 0.9000000000000002442, -1.300000000000000266, 0.3499999999999999778 ) ) ;
#1657 = CARTESIAN_POINT ( 'NONE',  ( 0.9000000000000002442, 1.310000000000000275, 0.0000000000000000000 ) ) ;
#1658 = AXIS2_PLACEMENT_3D ( 'NONE', #694, #412, #1541 ) ;
#1659 = VERTEX_POINT ( 'NONE', #1494 ) ;
#1660 = ORIENTED_EDGE ( 'NONE', *, *, #1655, .T. ) ;
#1661 = VECTOR ( 'NONE', #2785, 1000.000000000000000 ) ;
#1662 = CYLINDRICAL_SURFACE ( 'NONE', #647, 0.01000000000000002623 ) ;
#1663 = CARTESIAN_POINT ( 'NONE',  ( 0.4477827160247012106, -0.2964018255771275756, -0.009339584963347111884 ) ) ;
#1664 = ORIENTED_EDGE ( 'NONE', *, *, #4, .T. ) ;
#1665 = DIRECTION ( 'NONE',  ( -1.000000000000000000, 0.0000000000000000000, -0.0000000000000000000 ) ) ;
#1666 = CARTESIAN_POINT ( 'NONE',  ( -1.050000000000000044, 1.300000000000000044, 0.3499999999999999778 ) ) ;
#1667 = EDGE_CURVE ( 'NONE', #1976, #771, #391, .T. ) ;
#1668 = CARTESIAN_POINT ( 'NONE',  ( -1.300139830028962828, -0.3081169092074010352, -0.0001373879387982884477 ) ) ;
#1669 = DIRECTION ( 'NONE',  ( -1.000000000000000000, 0.0000000000000000000, 0.0000000000000000000 ) ) ;
#1670 = ORIENTED_EDGE ( 'NONE', *, *, #516, .T. ) ;
#1671 = EDGE_CURVE ( 'NONE', #3087, #3641, #1843, .T. ) ;
#1672 = ADVANCED_FACE ( 'NONE', ( #2676 ), #1586, .T. ) ;
#1673 = CARTESIAN_POINT ( 'NONE',  ( -1.300000000000000044, 0.2899999999999999800, 0.1300000000000000044 ) ) ;
#1674 = CARTESIAN_POINT ( 'NONE',  ( 1.050000000000000044, 1.290000000000000036, 0.3399999999999999689 ) ) ;
#1675 = ORIENTED_EDGE ( 'NONE', *, *, #2891, .T. ) ;
#1676 = CARTESIAN_POINT ( 'NONE',  ( 0.2600000000000000089, 3.184081677783118684E-17, 0.3600000000000000977 ) ) ;
#1677 = CARTESIAN_POINT ( 'NONE',  ( 0.0000000000000000000, 0.0000000000000000000, 0.6970088442408507445 ) ) ;
#1678 = ORIENTED_EDGE ( 'NONE', *, *, #3450, .F. ) ;
#1679 = PLANE ( 'NONE',  #3326 ) ;
#1680 = CARTESIAN_POINT ( 'NONE',  ( 0.9000000000000000222, 1.500000000000000000, 0.1300000000000000044 ) ) ;
#1681 = CARTESIAN_POINT ( 'NONE',  ( -1.300000000000000266, 1.050000000000000044, 0.0000000000000000000 ) ) ;
#1682 = ORIENTED_EDGE ( 'NONE', *, *, #3433, .T. ) ;
#1683 = AXIS2_PLACEMENT_3D ( 'NONE', #2941, #2959, #1469 ) ;
#1684 = EDGE_CURVE ( 'NONE', #452, #155, #3533, .T. ) ;
#1685 = ORIENTED_EDGE ( 'NONE', *, *, #70, .F. ) ;
#1686 = MECHANICAL_DESIGN_GEOMETRIC_PRESENTATION_REPRESENTATION (  '', ( #1505 ), #2282 ) ;
#1687 = CARTESIAN_POINT ( 'NONE',  ( 0.8899999999999999023, -1.489999999999999991, 0.0000000000000000000 ) ) ;
#1688 = EDGE_CURVE ( 'NONE', #661, #3027, #2403, .T. ) ;
#1689 = LINE ( 'NONE', #1096, #3206 ) ;
#1690 = EDGE_LOOP ( 'NONE', ( #3568, #1547 ) ) ;
#1691 = CIRCLE ( 'NONE', #328, 1.000000000000000000 ) ;
#1692 = CARTESIAN_POINT ( 'NONE',  ( 0.4399999999999998357, -0.3099999999999999423, -0.01000000000000000021 ) ) ;
#1693 = AXIS2_PLACEMENT_3D ( 'NONE', #1785, #715, #2095 ) ;
#1694 = CARTESIAN_POINT ( 'NONE',  ( 1.050000000000000044, -1.290000000000000036, 0.3399999999999999689 ) ) ;
#1695 = VECTOR ( 'NONE', #1828, 1000.000000000000000 ) ;
#1696 = CARTESIAN_POINT ( 'NONE',  ( -1.302729764013859759, -0.3019419326724154251, -0.004060608182510522593 ) ) ;
#1697 = DIRECTION ( 'NONE',  ( 0.0000000000000000000, 0.0000000000000000000, 1.000000000000000000 ) ) ;
#1698 = EDGE_LOOP ( 'NONE', ( #1682, #2888, #2550, #1352 ) ) ;
#1699 = CYLINDRICAL_SURFACE ( 'NONE', #744, 0.01000000000000002623 ) ;
#1701 = VERTEX_POINT ( 'NONE', #666 ) ;
#1700 = TOROIDAL_SURFACE ( 'NONE', #3345, 0.02000000000000000042, 0.01000000000000000021 ) ;
#1702 = VECTOR ( 'NONE', #3058, 1000.000000000000000 ) ;
#1703 = CARTESIAN_POINT ( 'NONE',  ( -1.540000000000000036, 0.2899999999999999800, 0.1400000000000000133 ) ) ;
#1704 = ORIENTED_EDGE ( 'NONE', *, *, #2769, .F. ) ;
#1705 = VERTEX_POINT ( 'NONE', #3256 ) ;
#1706 = CIRCLE ( 'NONE', #1348, 0.01000000000000002623 ) ;
#1707 = EDGE_CURVE ( 'NONE', #3420, #2199, #1808, .T. ) ;
#1708 = DIRECTION ( 'NONE',  ( -0.0000000000000000000, -0.0000000000000000000, -1.000000000000000000 ) ) ;
#1709 = VECTOR ( 'NONE', #243, 1000.000000000000000 ) ;
#1710 = SURFACE_STYLE_USAGE ( .BOTH. , #581 ) ;
#1711 = VERTEX_POINT ( 'NONE', #2246 ) ;
#1712 = ADVANCED_FACE ( 'NONE', ( #2441 ), #3301, .T. ) ;
#1713 =( GEOMETRIC_REPRESENTATION_CONTEXT ( 3 ) GLOBAL_UNCERTAINTY_ASSIGNED_CONTEXT ( ( #1238 ) ) GLOBAL_UNIT_ASSIGNED_CONTEXT ( ( #2879, #3151, #2933 ) ) REPRESENTATION_CONTEXT ( 'NONE', 'WORKASPACE' ) );
#1714 = CARTESIAN_POINT ( 'NONE',  ( 0.0000000000000000000, 0.0000000000000000000, 0.5499999999999999334 ) ) ;
#1715 = FACE_OUTER_BOUND ( 'NONE', #1285, .T. ) ;
#1716 = EDGE_CURVE ( 'NONE', #554, #3501, #1366, .T. ) ;
#1717 = CARTESIAN_POINT ( 'NONE',  ( 0.9555849187231600927, -0.2947174786270074232, 0.4888875454923521380 ) ) ;
#1718 = ORIENTED_EDGE ( 'NONE', *, *, #116, .T. ) ;
#1719 = LINE ( 'NONE', #3368, #1038 ) ;
#1720 = ORIENTED_EDGE ( 'NONE', *, *, #2401, .T. ) ;
#1721 = DIRECTION ( 'NONE',  ( -0.0000000000000000000, -0.0000000000000000000, -1.000000000000000000 ) ) ;
#1722 = ORIENTED_EDGE ( 'NONE', *, *, #3103, .F. ) ;
#1723 = ORIENTED_EDGE ( 'NONE', *, *, #1499, .T. ) ;
#1724 = SPHERICAL_SURFACE ( 'NONE', #2822, 0.2500000000000000000 ) ;
#1725 = DIRECTION ( 'NONE',  ( -1.000000000000000000, 0.0000000000000000000, 0.0000000000000000000 ) ) ;
#1726 = VERTEX_POINT ( 'NONE', #3550 ) ;
#1727 = LINE ( 'NONE', #1152, #1999 ) ;
#1728 = EDGE_CURVE ( 'NONE', #2877, #2521, #2514, .T. ) ;
#1729 = CARTESIAN_POINT ( 'NONE',  ( 0.8899999999999999023, -1.489999999999999991, 0.1400000000000000133 ) ) ;
#1730 = ADVANCED_FACE ( 'NONE', ( #1035 ), #3051, .T. ) ;
#1731 = FACE_OUTER_BOUND ( 'NONE', #3066, .T. ) ;
#1732 = CARTESIAN_POINT ( 'NONE',  ( -0.9000000000000003553, 1.049999999999999822, 0.0000000000000000000 ) ) ;
#1733 = CARTESIAN_POINT ( 'NONE',  ( 0.0000000000000000000, 0.0000000000000000000, 0.4948538210470819765 ) ) ;
#1734 = VERTEX_POINT ( 'NONE', #1616 ) ;
#1735 = DIRECTION ( 'NONE',  ( 1.000000000000000000, 1.032573497605242717E-16, 0.0000000000000000000 ) ) ;
#1736 = CARTESIAN_POINT ( 'NONE',  ( 0.9570266453970860399, -0.2899999999999999800, 0.4899999999999999911 ) ) ;
#1737 = ORIENTED_EDGE ( 'NONE', *, *, #2300, .T. ) ;
#1738 = EDGE_LOOP ( 'NONE', ( #497, #2690, #598, #3042 ) ) ;
#1739 = PLANE ( 'NONE',  #2880 ) ;
#1740 = DIRECTION ( 'NONE',  ( 0.0000000000000000000, -0.0000000000000000000, 1.000000000000000000 ) ) ;
#1742 = EDGE_LOOP ( 'NONE', ( #655, #1087, #635 ) ) ;
#1741 = TOROIDAL_SURFACE ( 'NONE', #3608, 0.9899999999999999911, 0.01000000000000000021 ) ;
#1743 = VERTEX_POINT ( 'NONE', #2166 ) ;
#1744 = AXIS2_PLACEMENT_3D ( 'NONE', #2285, #829, #882 ) ;
#1745 = DIRECTION ( 'NONE',  ( 1.000000000000000000, 0.0000000000000000000, 0.0000000000000000000 ) ) ;
#1746 = CARTESIAN_POINT ( 'NONE',  ( -0.9000000000000002442, -1.300000000000000266, 0.0000000000000000000 ) ) ;
#1747 = CARTESIAN_POINT ( 'NONE',  ( 0.0000000000000000000, 0.0000000000000000000, 1.239999999999999991 ) ) ;
#1748 = ADVANCED_FACE ( 'NONE', ( #1311 ), #1947, .T. ) ;
#1749 = VECTOR ( 'NONE', #2797, 1000.000000000000000 ) ;
#1750 = CARTESIAN_POINT ( 'NONE',  ( 0.9570266453970860399, -0.2899999999999999800, 0.4899999999999999911 ) ) ;
#1751 = LINE ( 'NONE', #118, #3354 ) ;
#1752 = ORIENTED_EDGE ( 'NONE', *, *, #1550, .F. ) ;
#1753 = CARTESIAN_POINT ( 'NONE',  ( 0.0000000000000000000, 0.0000000000000000000, 0.7051461789529179791 ) ) ;
#1754 = CIRCLE ( 'NONE', #2235, 0.2500000000000000000 ) ;
#1755 = PRODUCT_DEFINITION_SHAPE ( 'NONE', 'NONE',  #3302 ) ;
#1756 = ADVANCED_FACE ( 'NONE', ( #1888 ), #3024, .T. ) ;
#1757 = DIRECTION ( 'NONE',  ( -1.000000000000000000, 0.0000000000000000000, 0.0000000000000000000 ) ) ;
#1758 = ORIENTED_EDGE ( 'NONE', *, *, #3081, .F. ) ;
#1759 = AXIS2_PLACEMENT_3D ( 'NONE', #1459, #3355, #840 ) ;
#1760 = VECTOR ( 'NONE', #2528, 1000.000000000000000 ) ;
#1761 = FILL_AREA_STYLE ('',( #3187 ) ) ;
#1762 = CARTESIAN_POINT ( 'NONE',  ( -1.000000000000000000, 0.0000000000000000000, 0.4948538210470819765 ) ) ;
#1763 =( GEOMETRIC_REPRESENTATION_CONTEXT ( 3 ) GLOBAL_UNCERTAINTY_ASSIGNED_CONTEXT ( ( #650 ) ) GLOBAL_UNIT_ASSIGNED_CONTEXT ( ( #246, #2832, #301 ) ) REPRESENTATION_CONTEXT ( 'NONE', 'WORKASPACE' ) );
#1764 = EDGE_LOOP ( 'NONE', ( #1363, #2466, #3402, #1254 ) ) ;
#1765 = ORIENTED_EDGE ( 'NONE', *, *, #1200, .F. ) ;
#1766 = AXIS2_PLACEMENT_3D ( 'NONE', #1845, #2970, #901 ) ;
#1767 = DIRECTION ( 'NONE',  ( 0.0000000000000000000, 0.0000000000000000000, -1.000000000000000000 ) ) ;
#1768 = CARTESIAN_POINT ( 'NONE',  ( 0.9000000000000000222, 1.500000000000000000, 0.1300000000000000044 ) ) ;
#1769 = CIRCLE ( 'NONE', #1470, 0.01000000000000002623 ) ;
#1770 = CIRCLE ( 'NONE', #2068, 0.01000000000000002623 ) ;
#1771 = DIRECTION ( 'NONE',  ( -0.0000000000000000000, -0.0000000000000000000, -1.000000000000000000 ) ) ;
#1772 = DIRECTION ( 'NONE',  ( 0.8137334712067356701, 0.0000000000000000000, 0.5812381937190955750 ) ) ;
#1773 = VERTEX_POINT ( 'NONE', #524 ) ;
#1774 = CYLINDRICAL_SURFACE ( 'NONE', #1210, 0.01000000000000002623 ) ;
#1775 = DIRECTION ( 'NONE',  ( -0.0000000000000000000, -0.0000000000000000000, -1.000000000000000000 ) ) ;
#1776 = EDGE_LOOP ( 'NONE', ( #112, #445, #1295, #3105 ) ) ;
#1777 = ADVANCED_FACE ( 'NONE', ( #1906 ), #3602, .F. ) ;
#1778 = EDGE_CURVE ( 'NONE', #3255, #3567, #696, .T. ) ;
#1779 = CARTESIAN_POINT ( 'NONE',  ( 0.9899999999999999911, 1.212400331155879702E-16, 0.7051461789529179791 ) ) ;
#1780 = DIRECTION ( 'NONE',  ( 0.0000000000000000000, 1.000000000000000000, 0.0000000000000000000 ) ) ;
#1781 = ORIENTED_EDGE ( 'NONE', *, *, #2992, .F. ) ;
#1782 = ORIENTED_EDGE ( 'NONE', *, *, #1323, .F. ) ;
#1783 = DIRECTION ( 'NONE',  ( 0.0000000000000000000, 0.0000000000000000000, 1.000000000000000000 ) ) ;
#1784 = DIRECTION ( 'NONE',  ( 0.0000000000000000000, 0.0000000000000000000, -1.000000000000000000 ) ) ;
#1785 = CARTESIAN_POINT ( 'NONE',  ( 1.290000000000000036, 1.050000000000000044, 0.3399999999999999689 ) ) ;
#1786 = CYLINDRICAL_SURFACE ( 'NONE', #1462, 0.009999999999999998473 ) ;
#1787 = DIRECTION ( 'NONE',  ( -0.0000000000000000000, -0.0000000000000000000, -1.000000000000000000 ) ) ;
#1788 = ORIENTED_EDGE ( 'NONE', *, *, #2808, .T. ) ;
#1789 = LINE ( 'NONE', #3454, #2865 ) ;
#1790 = FILL_AREA_STYLE ('',( #994 ) ) ;
#1791 = ORIENTED_EDGE ( 'NONE', *, *, #645, .F. ) ;
#1792 = ADVANCED_FACE ( 'NONE', ( #1089 ), #38, .T. ) ;
#1793 = DIRECTION ( 'NONE',  ( 0.0000000000000000000, -1.000000000000000000, 0.0000000000000000000 ) ) ;
#1794 = PRESENTATION_STYLE_ASSIGNMENT (( #667 ) ) ;
#1795 = CARTESIAN_POINT ( 'NONE',  ( -1.300000000000000044, -0.3099999999999999423, 0.0000000000000000000 ) ) ;
#1796 = EDGE_LOOP ( 'NONE', ( #3283, #2054, #3154, #1424 ) ) ;
#1797 = FACE_OUTER_BOUND ( 'NONE', #1796, .T. ) ;
#1798 = CIRCLE ( 'NONE', #2093, 0.2500000000000000000 ) ;
#1799 = DIRECTION ( 'NONE',  ( 0.0000000000000000000, 0.0000000000000000000, 1.000000000000000000 ) ) ;
#1800 = CARTESIAN_POINT ( 'NONE',  ( -0.9000000000000000222, 1.500000000000000000, -0.01000000000000000021 ) ) ;
#1801 = DIRECTION ( 'NONE',  ( 0.0000000000000000000, -1.000000000000000000, 0.0000000000000000000 ) ) ;
#1802 = CARTESIAN_POINT ( 'NONE',  ( 1.050000000000000044, 1.300000000000000266, 0.0000000000000000000 ) ) ;
#1803 = ORIENTED_EDGE ( 'NONE', *, *, #3388, .T. ) ;
#1804 = AXIS2_PLACEMENT_3D ( 'NONE', #1439, #908, #2551 ) ;
#1805 = CARTESIAN_POINT ( 'NONE',  ( 0.9299999999999998268, 0.0000000000000000000, 0.5499999999999999334 ) ) ;
#1806 = ORIENTED_EDGE ( 'NONE', *, *, #1579, .F. ) ;
#1807 = VECTOR ( 'NONE', #1913, 1000.000000000000000 ) ;
#1808 = CIRCLE ( 'NONE', #523, 0.01000000000000002623 ) ;
#1809 = DIRECTION ( 'NONE',  ( -1.000000000000000000, 0.0000000000000000000, 0.0000000000000000000 ) ) ;
#1810 = CARTESIAN_POINT ( 'NONE',  ( 0.9547687608549735305, 0.2973507437955060229, 0.4868776685373055746 ) ) ;
#1811 = ORIENTED_EDGE ( 'NONE', *, *, #1818, .F. ) ;
#1812 = ORIENTED_EDGE ( 'NONE', *, *, #2675, .F. ) ;
#1813 = EDGE_CURVE ( 'NONE', #1244, #3172, #3106, .T. ) ;
#1814 = VECTOR ( 'NONE', #3333, 1000.000000000000000 ) ;
#1815 = DIRECTION ( 'NONE',  ( -1.000000000000000000, 0.0000000000000000000, -0.0000000000000000000 ) ) ;
#1816 = DIRECTION ( 'NONE',  ( -1.000000000000000000, 0.0000000000000000000, 0.0000000000000000000 ) ) ;
#1817 = DIRECTION ( 'NONE',  ( 0.0000000000000000000, -0.0000000000000000000, 1.000000000000000000 ) ) ;
#1818 = EDGE_CURVE ( 'NONE', #575, #2973, #2639, .T. ) ;
#1819 = EDGE_CURVE ( 'NONE', #1894, #346, #2461, .T. ) ;
#1820 = PRESENTATION_LAYER_ASSIGNMENT (  '', '', ( #2710 ) ) ;
#1821 = CARTESIAN_POINT ( 'NONE',  ( 0.8899999999999999023, -1.489999999999999991, 0.1300000000000000044 ) ) ;
#1822 = SURFACE_SIDE_STYLE ('',( #3470 ) ) ;
#1823 = ORIENTED_EDGE ( 'NONE', *, *, #3348, .F. ) ;
#1824 = CIRCLE ( 'NONE', #2939, 1.000000000000000000 ) ;
#1825 = CARTESIAN_POINT ( 'NONE',  ( 0.0000000000000000000, 1.489999999999999991, 0.0000000000000000000 ) ) ;
#1826 = EDGE_CURVE ( 'NONE', #642, #2718, #2696, .T. ) ;
#1827 = AXIS2_PLACEMENT_3D ( 'NONE', #3599, #2800, #569 ) ;
#1828 = DIRECTION ( 'NONE',  ( -0.0000000000000000000, 1.000000000000000000, -0.0000000000000000000 ) ) ;
#1829 = ORIENTED_EDGE ( 'NONE', *, *, #1030, .F. ) ;
#1830 = DIRECTION ( 'NONE',  ( -0.0000000000000000000, 0.0000000000000000000, 1.000000000000000000 ) ) ;
#1831 = CARTESIAN_POINT ( 'NONE',  ( -1.301011537385701633, -0.2962636696941601810, -0.009335613036431371359 ) ) ;
#1832 = CYLINDRICAL_SURFACE ( 'NONE', #2861, 0.01000000000000002623 ) ;
#1833 = ORIENTED_EDGE ( 'NONE', *, *, #1008, .T. ) ;
#1834 = EDGE_LOOP ( 'NONE', ( #2881, #2021, #2104, #257 ) ) ;
#1835 = DIRECTION ( 'NONE',  ( 1.032573497605242347E-16, -1.000000000000000000, 0.0000000000000000000 ) ) ;
#1836 = CARTESIAN_POINT ( 'NONE',  ( -1.540000000000000036, 0.0000000000000000000, 0.1400000000000000133 ) ) ;
#1837 = EDGE_CURVE ( 'NONE', #1051, #1454, #3586, .T. ) ;
#1838 = FACE_OUTER_BOUND ( 'NONE', #1776, .T. ) ;
#1839 = ORIENTED_EDGE ( 'NONE', *, *, #2749, .F. ) ;
#1840 = CARTESIAN_POINT ( 'NONE',  ( -1.050000000000000044, 1.300000000000000044, 0.0000000000000000000 ) ) ;
#1841 = ORIENTED_EDGE ( 'NONE', *, *, #2693, .F. ) ;
#1842 = ORIENTED_EDGE ( 'NONE', *, *, #3348, .T. ) ;
#1843 = LINE ( 'NONE', #423, #3396 ) ;
#1844 = CARTESIAN_POINT ( 'NONE',  ( 0.0000000000000000000, 0.0000000000000000000, 0.3499999999999999778 ) ) ;
#1845 = CARTESIAN_POINT ( 'NONE',  ( -0.8899999999999999023, -1.489999999999999991, 0.1300000000000000044 ) ) ;
#1846 = DIRECTION ( 'NONE',  ( 0.0000000000000000000, 0.0000000000000000000, -1.000000000000000000 ) ) ;
#1847 = ORIENTED_EDGE ( 'NONE', *, *, #2215, .T. ) ;
#1848 = ORIENTED_EDGE ( 'NONE', *, *, #1323, .T. ) ;
#1849 = DIRECTION ( 'NONE',  ( 0.0000000000000000000, 0.0000000000000000000, -1.000000000000000000 ) ) ;
#1850 = DIRECTION ( 'NONE',  ( 1.000000000000000000, 0.0000000000000000000, 0.0000000000000000000 ) ) ;
#1851 = DIRECTION ( 'NONE',  ( -0.0000000000000000000, -0.0000000000000000000, -1.000000000000000000 ) ) ;
#1852 = ORIENTED_EDGE ( 'NONE', *, *, #899, .F. ) ;
#1853 = CIRCLE ( 'NONE', #2223, 0.01000000000000002623 ) ;
#1854 = FACE_OUTER_BOUND ( 'NONE', #1738, .T. ) ;
#1855 = ORIENTED_EDGE ( 'NONE', *, *, #852, .T. ) ;
#1856 = DIRECTION ( 'NONE',  ( 0.0000000000000000000, 0.0000000000000000000, -1.000000000000000000 ) ) ;
#1857 = AXIS2_PLACEMENT_3D ( 'NONE', #1932, #2152, #223 ) ;
#1858 = EDGE_CURVE ( 'NONE', #683, #932, #94, .T. ) ;
#1859 = AXIS2_PLACEMENT_3D ( 'NONE', #1313, #1556, #2443 ) ;
#1860 = CARTESIAN_POINT ( 'NONE',  ( 0.8900000000000001243, -1.300000000000000266, 0.1400000000000000133 ) ) ;
#1861 = EDGE_LOOP ( 'NONE', ( #2445, #1664, #3589, #1998 ) ) ;
#1862 = ADVANCED_FACE ( 'NONE', ( #1111 ), #1056, .T. ) ;
#1863 = AXIS2_PLACEMENT_3D ( 'NONE', #1747, #2868, #585 ) ;
#1864 = DIRECTION ( 'NONE',  ( 0.0000000000000000000, 1.000000000000000000, 0.0000000000000000000 ) ) ;
#1865 = LINE ( 'NONE', #2912, #2182 ) ;
#1866 = AXIS2_PLACEMENT_3D ( 'NONE', #1800, #2921, #392 ) ;
#1867 = CARTESIAN_POINT ( 'NONE',  ( 1.540000000000000036, -0.2899999999999999800, 0.3399999999999999689 ) ) ;
#1868 = ORIENTED_EDGE ( 'NONE', *, *, #3521, .T. ) ;
#1869 = VERTEX_POINT ( 'NONE', #3097 ) ;
#1870 = EDGE_CURVE ( 'NONE', #419, #2929, #877, .T. ) ;
#1871 = AXIS2_PLACEMENT_3D ( 'NONE', #2086, #1830, #2952 ) ;
#1872 = DIRECTION ( 'NONE',  ( 0.0000000000000000000, 0.0000000000000000000, -1.000000000000000000 ) ) ;
#1873 = LINE ( 'NONE', #810, #3610 ) ;
#1874 = TOROIDAL_SURFACE ( 'NONE', #3397, 0.9899999999999999911, 0.01000000000000000021 ) ;
#1875 = DIRECTION ( 'NONE',  ( 0.0000000000000000000, 0.0000000000000000000, 1.000000000000000000 ) ) ;
#1876 = ORIENTED_EDGE ( 'NONE', *, *, #1372, .F. ) ;
#1877 = VERTEX_POINT ( 'NONE', #2604 ) ;
#1878 = CIRCLE ( 'NONE', #279, 0.01000000000000002623 ) ;
#1879 = CARTESIAN_POINT ( 'NONE',  ( 0.9000000000000000222, 1.489999999999999991, 0.1300000000000000044 ) ) ;
#1880 = CARTESIAN_POINT ( 'NONE',  ( 1.550000000000000266, 0.2899999999999999800, 0.3399999999999999689 ) ) ;
#1881 = DIRECTION ( 'NONE',  ( 0.0000000000000000000, 0.0000000000000000000, 1.000000000000000000 ) ) ;
#1882 = CIRCLE ( 'NONE', #3165, 0.01000000000000000021 ) ;
#1883 = MECHANICAL_DESIGN_GEOMETRIC_PRESENTATION_REPRESENTATION (  '', ( #2646 ), #586 ) ;
#1884 = CARTESIAN_POINT ( 'NONE',  ( 0.8899999999999999023, -1.500000000000000000, -0.01000000000000000021 ) ) ;
#1885 = ORIENTED_EDGE ( 'NONE', *, *, #692, .T. ) ;
#1886 = ORIENTED_EDGE ( 'NONE', *, *, #3129, .T. ) ;
#1887 = AXIS2_PLACEMENT_3D ( 'NONE', #2809, #1708, #610 ) ;
#1888 = FACE_OUTER_BOUND ( 'NONE', #1332, .T. ) ;
#1889 = EDGE_CURVE ( 'NONE', #3390, #3324, #865, .T. ) ;
#1890 = ADVANCED_FACE ( 'NONE', ( #3148 ), #1992, .T. ) ;
#1891 = CARTESIAN_POINT ( 'NONE',  ( 0.4499999999999999001, -0.2926794919243111970, -3.388131789017201356E-18 ) ) ;
#1892 = AXIS2_PLACEMENT_3D ( 'NONE', #1844, #3065, #3314 ) ;
#1893 = DIRECTION ( 'NONE',  ( -0.0000000000000000000, -0.0000000000000000000, -1.000000000000000000 ) ) ;
#1894 = VERTEX_POINT ( 'NONE', #893 ) ;
#1895 = ORIENTED_EDGE ( 'NONE', *, *, #1728, .T. ) ;
#1896 = FACE_OUTER_BOUND ( 'NONE', #2029, .T. ) ;
#1897 = SURFACE_STYLE_USAGE ( .BOTH. , #508 ) ;
#1898 = DIRECTION ( 'NONE',  ( -1.000000000000000000, 0.0000000000000000000, 0.0000000000000000000 ) ) ;
#1899 = ORIENTED_EDGE ( 'NONE', *, *, #8, .F. ) ;
#1900 = DIRECTION ( 'NONE',  ( 0.0000000000000000000, 0.0000000000000000000, -1.000000000000000000 ) ) ;
#1901 = SURFACE_STYLE_FILL_AREA ( #3295 ) ;
#1902 = FILL_AREA_STYLE ('',( #536 ) ) ;
#1903 = FACE_OUTER_BOUND ( 'NONE', #3509, .T. ) ;
#1904 = ORIENTED_EDGE ( 'NONE', *, *, #2700, .T. ) ;
#1905 = ORIENTED_EDGE ( 'NONE', *, *, #1412, .T. ) ;
#1906 = FACE_OUTER_BOUND ( 'NONE', #1596, .T. ) ;
#1907 = CARTESIAN_POINT ( 'NONE',  ( 1.050000000000000044, -1.050000000000000044, 0.0000000000000000000 ) ) ;
#1908 = ORIENTED_EDGE ( 'NONE', *, *, #2672, .T. ) ;
#1909 = ORIENTED_EDGE ( 'NONE', *, *, #91, .F. ) ;
#1910 = EDGE_CURVE ( 'NONE', #842, #2498, #1978, .T. ) ;
#1911 = PLANE ( 'NONE',  #1529 ) ;
#1912 = DIRECTION ( 'NONE',  ( -1.000000000000000000, 0.0000000000000000000, 0.0000000000000000000 ) ) ;
#1913 = DIRECTION ( 'NONE',  ( 1.000000000000000000, 0.0000000000000000000, 0.0000000000000000000 ) ) ;
#1914 = ORIENTED_EDGE ( 'NONE', *, *, #1500, .T. ) ;
#1915 = ADVANCED_FACE ( 'NONE', ( #628 ), #873, .T. ) ;
#1916 = DIRECTION ( 'NONE',  ( -0.0000000000000000000, -0.0000000000000000000, -1.000000000000000000 ) ) ;
#1917 = VERTEX_POINT ( 'NONE', #574 ) ;
#1918 =( LENGTH_UNIT ( ) NAMED_UNIT ( * ) SI_UNIT ( .MILLI., .METRE. ) );
#1919 = FACE_OUTER_BOUND ( 'NONE', #3512, .T. ) ;
#1920 = DIRECTION ( 'NONE',  ( -1.000000000000000000, 9.637352644315598694E-16, 0.0000000000000000000 ) ) ;
#1921 = VERTEX_POINT ( 'NONE', #1703 ) ;
#1922 = TOROIDAL_SURFACE ( 'NONE', #2798, 0.8599999999999999867, 0.01000000000000000021 ) ;
#1923 = ORIENTED_EDGE ( 'NONE', *, *, #900, .T. ) ;
#1924 = PRESENTATION_LAYER_ASSIGNMENT (  '', '', ( #27 ) ) ;
#1925 = DIRECTION ( 'NONE',  ( 1.000000000000000000, 0.0000000000000000000, 0.0000000000000000000 ) ) ;
#1926 = FACE_OUTER_BOUND ( 'NONE', #572, .T. ) ;
#1928 = ORIENTED_EDGE ( 'NONE', *, *, #138, .T. ) ;
#1927 = CIRCLE ( 'NONE', #3096, 0.009999999999999998473 ) ;
#1929 = ORIENTED_EDGE ( 'NONE', *, *, #1435, .T. ) ;
#1930 = AXIS2_PLACEMENT_3D ( 'NONE', #1592, #797, #195 ) ;
#1931 = LINE ( 'NONE', #2780, #1709 ) ;
#1932 = CARTESIAN_POINT ( 'NONE',  ( 0.4499999999999999001, 0.2999999999999999889, -0.01000000000000000021 ) ) ;
#1933 = EDGE_CURVE ( 'NONE', #3016, #812, #2823, .T. ) ;
#1934 = VERTEX_POINT ( 'NONE', #1145 ) ;
#1935 = AXIS2_PLACEMENT_3D ( 'NONE', #1607, #2430, #2447 ) ;
#1936 = DIRECTION ( 'NONE',  ( -9.637352644315598694E-16, 1.000000000000000000, 0.0000000000000000000 ) ) ;
#1937 = SHAPE_DEFINITION_REPRESENTATION ( #1755, #448 ) ;
#1938 = LINE ( 'NONE', #1101, #1562 ) ;
#1939 = FACE_OUTER_BOUND ( 'NONE', #723, .T. ) ;
#1940 = VECTOR ( 'NONE', #1491, 1000.000000000000000 ) ;
#1941 = CARTESIAN_POINT ( 'NONE',  ( -1.540000000000000036, -0.2999999999999999889, 0.1300000000000000044 ) ) ;
#1942 = DIRECTION ( 'NONE',  ( -1.000000000000000000, 0.0000000000000000000, 0.0000000000000000000 ) ) ;
#1943 = EDGE_LOOP ( 'NONE', ( #341, #1113, #380, #1019 ) ) ;
#1944 = CIRCLE ( 'NONE', #3399, 0.01000000000000002623 ) ;
#1945 = ORIENTED_EDGE ( 'NONE', *, *, #514, .F. ) ;
#1946 = AXIS2_PLACEMENT_3D ( 'NONE', #2846, #5, #3126 ) ;
#1947 = CYLINDRICAL_SURFACE ( 'NONE', #2289, 0.01000000000000002623 ) ;
#1948 = DIRECTION ( 'NONE',  ( 0.0000000000000000000, 0.0000000000000000000, -1.000000000000000000 ) ) ;
#1949 = TOROIDAL_SURFACE ( 'NONE', #345, 0.8599999999999999867, 0.01000000000000000021 ) ;
#1950 = VERTEX_POINT ( 'NONE', #3134 ) ;
#1951 = VECTOR ( 'NONE', #1772, 999.9999999999998863 ) ;
#1952 = CARTESIAN_POINT ( 'NONE',  ( 0.4399999999999998357, -0.3013397459621555696, -0.004999999999999993165 ) ) ;
#1953 = VERTEX_POINT ( 'NONE', #2588 ) ;
#1954 = SURFACE_STYLE_FILL_AREA ( #2010 ) ;
#1955 = DIRECTION ( 'NONE',  ( -1.000000000000000000, 0.0000000000000000000, 0.0000000000000000000 ) ) ;
#1956 = LINE ( 'NONE', #305, #1749 ) ;
#1957 = PRODUCT_RELATED_PRODUCT_CATEGORY ( 'part', '', ( #3045 ) ) ;
#1958 = EDGE_CURVE ( 'NONE', #527, #2521, #14, .T. ) ;
#1959 = CARTESIAN_POINT ( 'NONE',  ( 0.9543736354501795027, -0.2986158309365908314, 0.4851860724396201419 ) ) ;
#1960 = DIRECTION ( 'NONE',  ( 0.0000000000000000000, 1.000000000000000000, 0.0000000000000000000 ) ) ;
#1961 = ORIENTED_EDGE ( 'NONE', *, *, #599, .F. ) ;
#1962 = ORIENTED_EDGE ( 'NONE', *, *, #1104, .T. ) ;
#1963 = CARTESIAN_POINT ( 'NONE',  ( 1.540000000000000036, -0.2999999999999999889, 0.3399999999999999689 ) ) ;
#1964 = ORIENTED_EDGE ( 'NONE', *, *, #738, .T. ) ;
#1965 = CARTESIAN_POINT ( 'NONE',  ( 0.8900000000000014566, -8.577243853440897491E-16, 0.1400000000000000133 ) ) ;
#1966 = CARTESIAN_POINT ( 'NONE',  ( 0.8499999999999999778, 1.040949779275250140E-16, 0.3600000000000000977 ) ) ;
#1967 = ORIENTED_EDGE ( 'NONE', *, *, #2628, .F. ) ;
#1968 = DIRECTION ( 'NONE',  ( 0.0000000000000000000, 1.000000000000000000, 0.0000000000000000000 ) ) ;
#1969 = DIRECTION ( 'NONE',  ( 1.000000000000000000, 9.637352644315598694E-16, 0.0000000000000000000 ) ) ;
#1970 =( LENGTH_UNIT ( ) NAMED_UNIT ( * ) SI_UNIT ( .MILLI., .METRE. ) );
#1971 = CARTESIAN_POINT ( 'NONE',  ( -1.302641415914550738, -0.3022233270866688803, -0.003697891597559367464 ) ) ;
#1972 = SPHERICAL_SURFACE ( 'NONE', #1235, 0.01000000000000000021 ) ;
#1973 = EDGE_LOOP ( 'NONE', ( #1020, #1430, #1142, #3381 ) ) ;
#1974 = CARTESIAN_POINT ( 'NONE',  ( -0.9100000000000002531, 1.300000000000000044, 0.0000000000000000000 ) ) ;
#1975 = EDGE_CURVE ( 'NONE', #3319, #1308, #2172, .T. ) ;
#1976 = VERTEX_POINT ( 'NONE', #1736 ) ;
#1977 = TOROIDAL_SURFACE ( 'NONE', #2389, 0.02000000000000000042, 0.01000000000000000021 ) ;
#1978 = LINE ( 'NONE', #1193, #753 ) ;
#1979 = ORIENTED_EDGE ( 'NONE', *, *, #3344, .F. ) ;
#1980 = ADVANCED_FACE ( 'NONE', ( #2840 ), #310, .T. ) ;
#1981 = ORIENTED_EDGE ( 'NONE', *, *, #487, .T. ) ;
#1982 = CIRCLE ( 'NONE', #2454, 0.01000000000000002623 ) ;
#1983 = DIRECTION ( 'NONE',  ( 0.0000000000000000000, -1.000000000000000000, 0.0000000000000000000 ) ) ;
#1984 = CIRCLE ( 'NONE', #148, 0.01000000000000002623 ) ;
#1985 = DIRECTION ( 'NONE',  ( -0.0000000000000000000, -0.0000000000000000000, -1.000000000000000000 ) ) ;
#1986 = EDGE_CURVE ( 'NONE', #3138, #1493, #326, .T. ) ;
#1987 = ORIENTED_EDGE ( 'NONE', *, *, #3407, .F. ) ;
#1988 = DIRECTION ( 'NONE',  ( 0.0000000000000000000, 1.000000000000000000, 0.0000000000000000000 ) ) ;
#1989 = DIRECTION ( 'NONE',  ( -0.0000000000000000000, 0.0000000000000000000, -1.000000000000000000 ) ) ;
#1990 = VECTOR ( 'NONE', #3193, 1000.000000000000000 ) ;
#1991 = DIRECTION ( 'NONE',  ( -0.0000000000000000000, -0.0000000000000000000, -1.000000000000000000 ) ) ;
#1992 = CONICAL_SURFACE ( 'NONE', #1282, 1.000000000000000000, 0.9505468408120761881 ) ;
#1993 = LINE ( 'NONE', #1680, #1519 ) ;
#1994 = DIRECTION ( 'NONE',  ( 0.0000000000000000000, 0.0000000000000000000, 1.000000000000000000 ) ) ;
#1995 = ORIENTED_EDGE ( 'NONE', *, *, #1544, .T. ) ;
#1996 = CARTESIAN_POINT ( 'NONE',  ( -1.550000000000000266, -0.2958578643762690974, -0.009999999999999970718 ) ) ;
#1998 = ORIENTED_EDGE ( 'NONE', *, *, #3498, .T. ) ;
#1997 = CIRCLE ( 'NONE', #462, 0.2500000000000002220 ) ;
#1999 = VECTOR ( 'NONE', #283, 1000.000000000000000 ) ;
#2000 = CARTESIAN_POINT ( 'NONE',  ( -0.9000000000000000222, 1.489999999999999991, -0.01000000000000000021 ) ) ;
#2001 = ORIENTED_EDGE ( 'NONE', *, *, #3498, .F. ) ;
#2002 = VERTEX_POINT ( 'NONE', #3419 ) ;
#2003 = VECTOR ( 'NONE', #1936, 1000.000000000000000 ) ;
#2004 = EDGE_CURVE ( 'NONE', #3238, #527, #2869, .T. ) ;
#2005 = DIRECTION ( 'NONE',  ( 1.000000000000000000, 0.0000000000000000000, 0.0000000000000000000 ) ) ;
#2006 = CIRCLE ( 'NONE', #1175, 0.009999999999999998473 ) ;
#2007 = CARTESIAN_POINT ( 'NONE',  ( 0.4469839360068858514, -0.2972731695377097694, -0.008924410300048708777 ) ) ;
#2008 = ORIENTED_EDGE ( 'NONE', *, *, #1387, .F. ) ;
#2009 = CIRCLE ( 'NONE', #1062, 0.01000000000000002623 ) ;
#2010 = FILL_AREA_STYLE ('',( #550 ) ) ;
#2011 = CARTESIAN_POINT ( 'NONE',  ( 1.540000000000000036, 0.2899999999999999800, 0.4799999999999999822 ) ) ;
#2012 = DIRECTION ( 'NONE',  ( 1.000000000000000000, 0.0000000000000000000, 0.0000000000000000000 ) ) ;
#2013 = CARTESIAN_POINT ( 'NONE',  ( 0.9545736403195967945, -0.2979751083697766978, 0.4860330462114453298 ) ) ;
#2014 = CARTESIAN_POINT ( 'NONE',  ( -0.8899999999999999023, -1.489999999999999991, 0.0000000000000000000 ) ) ;
#2015 = ORIENTED_EDGE ( 'NONE', *, *, #1986, .T. ) ;
#2016 = FACE_OUTER_BOUND ( 'NONE', #1619, .T. ) ;
#2017 = CARTESIAN_POINT ( 'NONE',  ( 1.550000000000000266, -0.2899999999999999800, 0.3499999999999999778 ) ) ;
#2018 = VERTEX_POINT ( 'NONE', #2032 ) ;
#2019 = LINE ( 'NONE', #1965, #2770 ) ;
#2020 = DIRECTION ( 'NONE',  ( 1.000000000000000000, -0.0000000000000000000, -0.0000000000000000000 ) ) ;
#2021 = ORIENTED_EDGE ( 'NONE', *, *, #3249, .T. ) ;
#2022 = EDGE_CURVE ( 'NONE', #3609, #876, #3082, .T. ) ;
#2023 = CARTESIAN_POINT ( 'NONE',  ( -1.049999999999999600, -1.290000000000000258, 0.3399999999999999689 ) ) ;
#2024 = DIRECTION ( 'NONE',  ( 0.0000000000000000000, 0.0000000000000000000, 1.000000000000000000 ) ) ;
#2025 = DIRECTION ( 'NONE',  ( -0.0000000000000000000, -1.000000000000000000, -0.0000000000000000000 ) ) ;
#2026 = EDGE_CURVE ( 'NONE', #932, #155, #1406, .T. ) ;
#2027 = CARTESIAN_POINT ( 'NONE',  ( -1.290000000000000036, 1.050000000000000044, 0.3499999999999999778 ) ) ;
#2028 = CARTESIAN_POINT ( 'NONE',  ( 0.4499999999999999001, -0.2926794919243111970, -3.388131789017201356E-18 ) ) ;
#2029 = EDGE_LOOP ( 'NONE', ( #1373, #2194, #3478, #1829 ) ) ;
#2030 = DIRECTION ( 'NONE',  ( 0.0000000000000000000, 1.000000000000000000, 0.0000000000000000000 ) ) ;
#2031 = ADVANCED_FACE ( 'NONE', ( #1130 ), #946, .T. ) ;
#2032 = CARTESIAN_POINT ( 'NONE',  ( 1.540000000000000036, -0.2999999999999999889, 0.4799999999999999822 ) ) ;
#2033 = ORIENTED_EDGE ( 'NONE', *, *, #2725, .T. ) ;
#2034 = CIRCLE ( 'NONE', #2974, 0.01000000000000002623 ) ;
#2035 = DIRECTION ( 'NONE',  ( -0.0000000000000000000, -0.0000000000000000000, 1.000000000000000000 ) ) ;
#2036 = LINE ( 'NONE', #1795, #975 ) ;
#2037 = AXIS2_PLACEMENT_3D ( 'NONE', #2609, #1780, #653 ) ;
#2038 = ORIENTED_EDGE ( 'NONE', *, *, #1274, .T. ) ;
#2039 = EDGE_CURVE ( 'NONE', #2872, #2242, #3456, .T. ) ;
#2040 = DIRECTION ( 'NONE',  ( 0.0000000000000000000, -0.0000000000000000000, 1.000000000000000000 ) ) ;
#2041 = CARTESIAN_POINT ( 'NONE',  ( 0.9100000000000000311, 1.300000000000000266, 0.0000000000000000000 ) ) ;
#2042 = VECTOR ( 'NONE', #120, 1000.000000000000000 ) ;
#2043 = ADVANCED_FACE ( 'NONE', ( #959 ), #636, .T. ) ;
#2044 = EDGE_CURVE ( 'NONE', #3244, #235, #411, .T. ) ;
#2045 = AXIS2_PLACEMENT_3D ( 'NONE', #750, #1875, #1319 ) ;
#2046 = CYLINDRICAL_SURFACE ( 'NONE', #823, 1.000000000000000000 ) ;
#2047 = DIRECTION ( 'NONE',  ( -1.000000000000000000, -1.032573497605242717E-16, 0.0000000000000000000 ) ) ;
#2048 = VERTEX_POINT ( 'NONE', #2083 ) ;
#2049 = DIRECTION ( 'NONE',  ( -1.000000000000000000, -1.032573497605242347E-16, -0.0000000000000000000 ) ) ;
#2050 = TOROIDAL_SURFACE ( 'NONE', #2105, 0.02000000000000000042, 0.01000000000000000021 ) ;
#2051 = LINE ( 'NONE', #3166, #1940 ) ;
#2052 = ORIENTED_EDGE ( 'NONE', *, *, #1008, .F. ) ;
#2053 = VECTOR ( 'NONE', #766, 1000.000000000000000 ) ;
#2054 = ORIENTED_EDGE ( 'NONE', *, *, #3081, .T. ) ;
#2055 = AXIS2_PLACEMENT_3D ( 'NONE', #739, #1344, #2478 ) ;
#2056 = LINE ( 'NONE', #1220, #2159 ) ;
#2057 = CIRCLE ( 'NONE', #1520, 0.01000000000000002623 ) ;
#2058 = ORIENTED_EDGE ( 'NONE', *, *, #881, .F. ) ;
#2059 = ORIENTED_EDGE ( 'NONE', *, *, #790, .F. ) ;
#2060 = CIRCLE ( 'NONE', #401, 0.8499999999999999778 ) ;
#2061 = FACE_OUTER_BOUND ( 'NONE', #2730, .T. ) ;
#2062 = AXIS2_PLACEMENT_3D ( 'NONE', #298, #3373, #1 ) ;
#2063 = AXIS2_PLACEMENT_3D ( 'NONE', #1733, #1437, #2601 ) ;
#2064 = CARTESIAN_POINT ( 'NONE',  ( 0.0000000000000000000, 0.0000000000000000000, 1.250000000000000000 ) ) ;
#2065 = ORIENTED_EDGE ( 'NONE', *, *, #1609, .T. ) ;
#2066 = DIRECTION ( 'NONE',  ( 0.0000000000000000000, 1.000000000000000000, -0.0000000000000000000 ) ) ;
#2067 = EDGE_CURVE ( 'NONE', #3259, #3519, #2117, .T. ) ;
#2068 = AXIS2_PLACEMENT_3D ( 'NONE', #372, #2636, #3195 ) ;
#2069 = DIRECTION ( 'NONE',  ( -1.000000000000000000, 2.710505431213753985E-15, 0.0000000000000000000 ) ) ;
#2070 = ORIENTED_EDGE ( 'NONE', *, *, #1093, .T. ) ;
#2071 = EDGE_CURVE ( 'NONE', #649, #2763, #3159, .T. ) ;
#2072 = LINE ( 'NONE', #2368, #983 ) ;
#2073 = CARTESIAN_POINT ( 'NONE',  ( -0.8900000000000013456, -8.577243853440896505E-16, 0.1400000000000000133 ) ) ;
#2074 =( NAMED_UNIT ( * ) PLANE_ANGLE_UNIT ( ) SI_UNIT ( $, .RADIAN. ) );
#2075 = ORIENTED_EDGE ( 'NONE', *, *, #603, .F. ) ;
#2076 = ORIENTED_EDGE ( 'NONE', *, *, #319, .F. ) ;
#2077 = DIRECTION ( 'NONE',  ( 0.0000000000000000000, 0.0000000000000000000, -1.000000000000000000 ) ) ;
#2078 = DIRECTION ( 'NONE',  ( 0.0000000000000000000, 0.0000000000000000000, 1.000000000000000000 ) ) ;
#2079 = CARTESIAN_POINT ( 'NONE',  ( 1.300000000000000266, -1.050000000000000044, 0.3399999999999999689 ) ) ;
#2080 = DIRECTION ( 'NONE',  ( -0.0000000000000000000, -0.0000000000000000000, -1.000000000000000000 ) ) ;
#2081 = ORIENTED_EDGE ( 'NONE', *, *, #1479, .T. ) ;
#2082 = DIRECTION ( 'NONE',  ( 0.0000000000000000000, 0.0000000000000000000, -1.000000000000000000 ) ) ;
#2083 = CARTESIAN_POINT ( 'NONE',  ( 1.530808498934191509E-17, 0.0000000000000000000, 1.250000000000000000 ) ) ;
#2084 = EDGE_CURVE ( 'NONE', #746, #2408, #2813, .T. ) ;
#2085 = ORIENTED_EDGE ( 'NONE', *, *, #514, .T. ) ;
#2086 = CARTESIAN_POINT ( 'NONE',  ( 0.0000000000000000000, 0.0000000000000000000, 0.4899999999999999911 ) ) ;
#2087 = CARTESIAN_POINT ( 'NONE',  ( 0.0000000000000000000, 0.0000000000000000000, 1.250000000000000000 ) ) ;
#2088 = ADVANCED_FACE ( 'NONE', ( #2329 ), #436, .T. ) ;
#2089 = SURFACE_STYLE_USAGE ( .BOTH. , #1017 ) ;
#2090 = LINE ( 'NONE', #1517, #624 ) ;
#2091 = ORIENTED_EDGE ( 'NONE', *, *, #881, .T. ) ;
#2092 = EDGE_CURVE ( 'NONE', #2002, #1869, #2051, .T. ) ;
#2093 = AXIS2_PLACEMENT_3D ( 'NONE', #2201, #3312, #3252 ) ;
#2094 = CYLINDRICAL_SURFACE ( 'NONE', #2746, 0.01000000000000002623 ) ;
#2095 = DIRECTION ( 'NONE',  ( 0.0000000000000000000, 0.0000000000000000000, 1.000000000000000000 ) ) ;
#2096 = VECTOR ( 'NONE', #2540, 1000.000000000000000 ) ;
#2097 = CARTESIAN_POINT ( 'NONE',  ( 0.8399999999999999689, 1.034826545279513511E-16, 0.3499999999999999778 ) ) ;
#2098 = LINE ( 'NONE', #134, #1005 ) ;
#2099 = ORIENTED_EDGE ( 'NONE', *, *, #3080, .T. ) ;
#2100 = CIRCLE ( 'NONE', #3152, 0.01000000000000002623 ) ;
#2101 = CARTESIAN_POINT ( 'NONE',  ( 1.540000000000000036, 0.0000000000000000000, 0.4799999999999999822 ) ) ;
#2102 = CIRCLE ( 'NONE', #981, 0.01000000000000002623 ) ;
#2103 = DIRECTION ( 'NONE',  ( -1.000000000000000000, 0.0000000000000000000, 0.0000000000000000000 ) ) ;
#2104 = ORIENTED_EDGE ( 'NONE', *, *, #3541, .T. ) ;
#2105 = AXIS2_PLACEMENT_3D ( 'NONE', #2998, #2708, #2153 ) ;
#2106 = AXIS2_PLACEMENT_3D ( 'NONE', #544, #198, #239 ) ;
#2107 = FACE_OUTER_BOUND ( 'NONE', #2610, .T. ) ;
#2108 = CARTESIAN_POINT ( 'NONE',  ( 0.9559805703048355197, 0.2934299732468403366, 0.4893933638278671339 ) ) ;
#2109 = CARTESIAN_POINT ( 'NONE',  ( 0.8900000000000001243, 1.310000000000000053, 0.1500000000000000222 ) ) ;
#2110 = ORIENTED_EDGE ( 'NONE', *, *, #3479, .F. ) ;
#2111 = ORIENTED_EDGE ( 'NONE', *, *, #646, .F. ) ;
#2112 = CIRCLE ( 'NONE', #698, 0.8499999999999999778 ) ;
#2113 = ADVANCED_FACE ( 'NONE', ( #3180 ), #3547, .F. ) ;
#2114 = ADVANCED_FACE ( 'NONE', ( #196 ), #1325, .T. ) ;
#2115 = FILL_AREA_STYLE ('',( #3524 ) ) ;
#2116 = AXIS2_PLACEMENT_3D ( 'NONE', #1610, #1321, #2434 ) ;
#2117 =( BOUNDED_CURVE ( )  B_SPLINE_CURVE ( 3, ( #1236, #158, #2890, #3490 ),
 .UNSPECIFIED., .F., .T. ) 
 B_SPLINE_CURVE_WITH_KNOTS ( ( 4, 4 ),
 ( 3.141592653589793116, 4.712388980384689674 ),
 .UNSPECIFIED. ) 
 CURVE ( )  GEOMETRIC_REPRESENTATION_ITEM ( )  RATIONAL_B_SPLINE_CURVE ( ( 1.000000000000000000, 0.8047378541243649375, 0.8047378541243649375, 1.000000000000000000 ) ) 
 REPRESENTATION_ITEM ( '' )  );
#2118 = LINE ( 'NONE', #92, #2683 ) ;
#2119 = CARTESIAN_POINT ( 'NONE',  ( 1.050000000000000044, -1.300000000000000266, 0.3399999999999999689 ) ) ;
#2120 = CIRCLE ( 'NONE', #530, 0.02000000000000005246 ) ;
#2121 = CARTESIAN_POINT ( 'NONE',  ( 0.9899999999999999911, 1.212400331155879702E-16, 0.4948538210470819765 ) ) ;
#2122 = ORIENTED_EDGE ( 'NONE', *, *, #1778, .F. ) ;
#2123 = CIRCLE ( 'NONE', #889, 0.2500000000000000000 ) ;
#2124 = FACE_OUTER_BOUND ( 'NONE', #3049, .T. ) ;
#2125 = AXIS2_PLACEMENT_3D ( 'NONE', #3077, #3092, #1669 ) ;
#2126 = SURFACE_STYLE_FILL_AREA ( #1790 ) ;
#2127 = ORIENTED_EDGE ( 'NONE', *, *, #1061, .T. ) ;
#2128 = ORIENTED_EDGE ( 'NONE', *, *, #55, .T. ) ;
#2129 = DIRECTION ( 'NONE',  ( 0.0000000000000000000, -0.0000000000000000000, -1.000000000000000000 ) ) ;
#2130 = DIRECTION ( 'NONE',  ( -1.000000000000000000, 0.0000000000000000000, 0.0000000000000000000 ) ) ;
#2131 = CARTESIAN_POINT ( 'NONE',  ( -1.302470003318044300, -0.3007674131679657914, -0.005991309478374557199 ) ) ;
#2132 = DIRECTION ( 'NONE',  ( -0.0000000000000000000, -0.0000000000000000000, -1.000000000000000000 ) ) ;
#2133 = ORIENTED_EDGE ( 'NONE', *, *, #58, .T. ) ;
#2134 = ORIENTED_EDGE ( 'NONE', *, *, #1889, .T. ) ;
#2135 =( NAMED_UNIT ( * ) PLANE_ANGLE_UNIT ( ) SI_UNIT ( $, .RADIAN. ) );
#2136 = PLANE ( 'NONE',  #618 ) ;
#2137 = ADVANCED_FACE ( 'NONE', ( #2771 ), #2717, .T. ) ;
#2138 = CARTESIAN_POINT ( 'NONE',  ( 0.8899999999999999023, -1.489999999999999991, -0.01000000000000000021 ) ) ;
#2139 = DIRECTION ( 'NONE',  ( 0.0000000000000000000, 0.0000000000000000000, 1.000000000000000000 ) ) ;
#2140 = PRESENTATION_STYLE_ASSIGNMENT (( #1375 ) ) ;
#2141 = CARTESIAN_POINT ( 'NONE',  ( 0.0000000000000000000, 0.0000000000000000000, 1.250000000000000000 ) ) ;
#2142 = CARTESIAN_POINT ( 'NONE',  ( -1.300000000000000044, -0.3099999999999999423, 0.0000000000000000000 ) ) ;
#2143 = ORIENTED_EDGE ( 'NONE', *, *, #388, .T. ) ;
#2144 = EDGE_CURVE ( 'NONE', #1726, #1551, #180, .T. ) ;
#2145 = VERTEX_POINT ( 'NONE', #1860 ) ;
#2146 = DIRECTION ( 'NONE',  ( 9.637352644315598694E-16, -1.000000000000000000, 0.0000000000000000000 ) ) ;
#2147 = PRESENTATION_STYLE_ASSIGNMENT (( #2089 ) ) ;
#2148 = CARTESIAN_POINT ( 'NONE',  ( 0.4399999999999998357, -0.2899999999999999245, -0.01000000000000000021 ) ) ;
#2149 = ORIENTED_EDGE ( 'NONE', *, *, #2481, .F. ) ;
#2150 = ORIENTED_EDGE ( 'NONE', *, *, #3237, .T. ) ;
#2151 = CARTESIAN_POINT ( 'NONE',  ( -1.300000000000000044, 0.2899999999999999800, 0.1400000000000000133 ) ) ;
#2152 = DIRECTION ( 'NONE',  ( 0.0000000000000000000, -1.000000000000000000, -0.0000000000000000000 ) ) ;
#2153 = DIRECTION ( 'NONE',  ( -1.000000000000000000, 0.0000000000000000000, 0.0000000000000000000 ) ) ;
#2154 = ORIENTED_EDGE ( 'NONE', *, *, #2501, .F. ) ;
#2155 = CYLINDRICAL_SURFACE ( 'NONE', #2816, 0.009999999999999998473 ) ;
#2156 = DIRECTION ( 'NONE',  ( 0.0000000000000000000, 0.0000000000000000000, 1.000000000000000000 ) ) ;
#2157 =( NAMED_UNIT ( * ) PLANE_ANGLE_UNIT ( ) SI_UNIT ( $, .RADIAN. ) );
#2158 = CARTESIAN_POINT ( 'NONE',  ( 0.0000000000000000000, 0.0000000000000000000, 0.5029911557591489890 ) ) ;
#2159 = VECTOR ( 'NONE', #3500, 1000.000000000000000 ) ;
#2160 = EDGE_CURVE ( 'NONE', #98, #3277, #3054, .T. ) ;
#2161 = EDGE_CURVE ( 'NONE', #582, #168, #3164, .T. ) ;
#2162 = VECTOR ( 'NONE', #269, 1000.000000000000000 ) ;
#2163 = DIRECTION ( 'NONE',  ( 0.0000000000000000000, 0.0000000000000000000, 1.000000000000000000 ) ) ;
#2164 = ORIENTED_EDGE ( 'NONE', *, *, #2693, .T. ) ;
#2165 = AXIS2_PLACEMENT_3D ( 'NONE', #2474, #213, #1628 ) ;
#2166 = CARTESIAN_POINT ( 'NONE',  ( -1.050000000000000044, 1.289999999999999813, 0.3499999999999999778 ) ) ;
#2167 = CARTESIAN_POINT ( 'NONE',  ( 0.9000000000000005773, -1.050000000000000266, 0.0000000000000000000 ) ) ;
#2168 = VECTOR ( 'NONE', #2357, 1000.000000000000000 ) ;
#2169 = LINE ( 'NONE', #3282, #1099 ) ;
#2170 = VERTEX_POINT ( 'NONE', #1941 ) ;
#2171 = ORIENTED_EDGE ( 'NONE', *, *, #2044, .F. ) ;
#2172 = CIRCLE ( 'NONE', #928, 0.8599999999999999867 ) ;
#2173 = CARTESIAN_POINT ( 'NONE',  ( 0.9000000000000003553, 1.050000000000000044, -0.01000000000000000021 ) ) ;
#2174 = DIRECTION ( 'NONE',  ( -0.0000000000000000000, -0.0000000000000000000, -1.000000000000000000 ) ) ;
#2175 = AXIS2_PLACEMENT_3D ( 'NONE', #3064, #818, #3040 ) ;
#2176 = DIRECTION ( 'NONE',  ( -0.0000000000000000000, -0.0000000000000000000, -1.000000000000000000 ) ) ;
#2177 = ORIENTED_EDGE ( 'NONE', *, *, #1343, .T. ) ;
#2178 = VECTOR ( 'NONE', #1248, 1000.000000000000000 ) ;
#2179 = CARTESIAN_POINT ( 'NONE',  ( -1.540000000000000036, 0.2899999999999999800, 0.1300000000000000044 ) ) ;
#2180 = ORIENTED_EDGE ( 'NONE', *, *, #3033, .T. ) ;
#2181 = DIRECTION ( 'NONE',  ( 0.0000000000000000000, 1.000000000000000000, 0.0000000000000000000 ) ) ;
#2182 = VECTOR ( 'NONE', #3621, 1000.000000000000000 ) ;
#2183 = CIRCLE ( 'NONE', #532, 0.01000000000000002623 ) ;
#2184 = CARTESIAN_POINT ( 'NONE',  ( 0.0000000000000000000, 0.0000000000000000000, 0.3600000000000000977 ) ) ;
#2185 = EDGE_LOOP ( 'NONE', ( #1833, #1040, #2171, #1132 ) ) ;
#2186 = ADVANCED_FACE ( 'NONE', ( #759 ), #2469, .F. ) ;
#2187 = EDGE_CURVE ( 'NONE', #2877, #837, #3569, .T. ) ;
#2188 = EDGE_LOOP ( 'NONE', ( #735, #3553, #2694, #1608 ) ) ;
#2189 = CIRCLE ( 'NONE', #535, 0.009999999999999998473 ) ;
#2190 = CARTESIAN_POINT ( 'NONE',  ( -1.540000000000000036, -0.2899999999999999245, -0.01000000000000000021 ) ) ;
#2191 = CARTESIAN_POINT ( 'NONE',  ( -0.9000000000000002442, 1.310000000000000053, 0.1400000000000000133 ) ) ;
#2192 = CARTESIAN_POINT ( 'NONE',  ( 1.550000000000000266, -0.2900000000000000355, 0.3399999999999999689 ) ) ;
#2193 = ADVANCED_FACE ( 'NONE', ( #1903 ), #215, .T. ) ;
#2194 = ORIENTED_EDGE ( 'NONE', *, *, #3564, .F. ) ;
#2195 = ORIENTED_EDGE ( 'NONE', *, *, #2961, .T. ) ;
#2196 = CARTESIAN_POINT ( 'NONE',  ( 0.9570266453970860399, 0.2899999999999999800, 0.4899999999999999911 ) ) ;
#2197 = DIRECTION ( 'NONE',  ( 0.0000000000000000000, 0.0000000000000000000, -1.000000000000000000 ) ) ;
#2198 = CARTESIAN_POINT ( 'NONE',  ( -0.9100000000000002531, 1.310000000000000053, 0.0000000000000000000 ) ) ;
#2199 = VERTEX_POINT ( 'NONE', #1613 ) ;
#2200 = CARTESIAN_POINT ( 'NONE',  ( 0.9000000000000002442, 1.310000000000000275, 0.1300000000000000044 ) ) ;
#2201 = CARTESIAN_POINT ( 'NONE',  ( 0.0000000000000000000, 0.0000000000000000000, 1.000000000000000000 ) ) ;
#2202 = DIRECTION ( 'NONE',  ( -0.0000000000000000000, -1.000000000000000000, -0.0000000000000000000 ) ) ;
#2203 = DIRECTION ( 'NONE',  ( 0.0000000000000000000, 0.0000000000000000000, -1.000000000000000000 ) ) ;
#2204 = ORIENTED_EDGE ( 'NONE', *, *, #784, .T. ) ;
#2205 = VERTEX_POINT ( 'NONE', #798 ) ;
#2206 = EDGE_CURVE ( 'NONE', #419, #2627, #781, .T. ) ;
#2207 = CARTESIAN_POINT ( 'NONE',  ( -1.050000000000000044, -1.050000000000000044, 0.0000000000000000000 ) ) ;
#2208 = ORIENTED_EDGE ( 'NONE', *, *, #2067, .F. ) ;
#2209 = ORIENTED_EDGE ( 'NONE', *, *, #2742, .F. ) ;
#2210 = ADVANCED_FACE ( 'NONE', ( #1070 ), #1700, .T. ) ;
#2211 = ADVANCED_FACE ( 'NONE', ( #1919 ), #1874, .T. ) ;
#2212 = DIRECTION ( 'NONE',  ( -1.000000000000000000, 0.0000000000000000000, 0.0000000000000000000 ) ) ;
#2213 = DIRECTION ( 'NONE',  ( -1.000000000000000000, 0.0000000000000000000, 0.0000000000000000000 ) ) ;
#2214 = EDGE_LOOP ( 'NONE', ( #2224, #2387, #2399, #976, #1357, #2619, #3310 ) ) ;
#2215 = EDGE_CURVE ( 'NONE', #1161, #334, #1085, .T. ) ;
#2216 = DIRECTION ( 'NONE',  ( -0.0000000000000000000, -1.000000000000000000, 0.0000000000000000000 ) ) ;
#2217 = CARTESIAN_POINT ( 'NONE',  ( -1.550000000000000266, 0.2899999999999999800, 0.1300000000000000044 ) ) ;
#2218 = PLANE ( 'NONE',  #3389 ) ;
#2219 = CIRCLE ( 'NONE', #807, 1.000000000000000000 ) ;
#2220 = CARTESIAN_POINT ( 'NONE',  ( 0.9000000000000003553, 1.050000000000001821, 0.0000000000000000000 ) ) ;
#2221 = LINE ( 'NONE', #2260, #651 ) ;
#2222 = ORIENTED_EDGE ( 'NONE', *, *, #393, .T. ) ;
#2223 = AXIS2_PLACEMENT_3D ( 'NONE', #2011, #3630, #1417 ) ;
#2224 = ORIENTED_EDGE ( 'NONE', *, *, #2965, .T. ) ;
#2225 = AXIS2_PLACEMENT_3D ( 'NONE', #951, #1480, #385 ) ;
#2226 = DIRECTION ( 'NONE',  ( -1.000000000000000000, 0.0000000000000000000, 0.0000000000000000000 ) ) ;
#2227 = DIRECTION ( 'NONE',  ( -1.000000000000000000, 0.0000000000000000000, 0.0000000000000000000 ) ) ;
#2229 = EDGE_LOOP ( 'NONE', ( #1518, #1407, #408, #2058 ) ) ;
#2228 = AXIS2_PLACEMENT_3D ( 'NONE', #2971, #2737, #1846 ) ;
#2230 = MECHANICAL_DESIGN_GEOMETRIC_PRESENTATION_REPRESENTATION (  '', ( #152 ), #2980 ) ;
#2231 = DIRECTION ( 'NONE',  ( -1.032573497605242717E-16, 1.000000000000000000, 0.0000000000000000000 ) ) ;
#2232 = CARTESIAN_POINT ( 'NONE',  ( -1.300000000000000044, -0.3099999999999999423, 0.0000000000000000000 ) ) ;
#2233 = ORIENTED_EDGE ( 'NONE', *, *, #1298, .F. ) ;
#2234 = EDGE_CURVE ( 'NONE', #427, #77, #631, .T. ) ;
#2235 = AXIS2_PLACEMENT_3D ( 'NONE', #2968, #2697, #3480 ) ;
#2236 = PRESENTATION_STYLE_ASSIGNMENT (( #1100 ) ) ;
#2237 = DIRECTION ( 'NONE',  ( 0.0000000000000000000, 0.0000000000000000000, -1.000000000000000000 ) ) ;
#2238 = CARTESIAN_POINT ( 'NONE',  ( 0.9000000000000000222, 1.500000000000000000, 0.1299999999999999489 ) ) ;
#2239 = AXIS2_PLACEMENT_3D ( 'NONE', #1288, #479, #2733 ) ;
#2240 = LINE ( 'NONE', #1732, #2294 ) ;
#2241 = DIRECTION ( 'NONE',  ( 0.0000000000000000000, 0.0000000000000000000, 1.000000000000000000 ) ) ;
#2242 = VERTEX_POINT ( 'NONE', #2817 ) ;
#2243 = TOROIDAL_SURFACE ( 'NONE', #2412, 0.2600000000000000089, 0.01000000000000000021 ) ;
#2244 = ORIENTED_EDGE ( 'NONE', *, *, #2501, .T. ) ;
#2245 = AXIS2_PLACEMENT_3D ( 'NONE', #256, #1384, #2515 ) ;
#2246 = CARTESIAN_POINT ( 'NONE',  ( 0.9970710678118654968, 1.221059891718234588E-16, 1.182928932188134441 ) ) ;
#2247 = CARTESIAN_POINT ( 'NONE',  ( 0.8900000000000013456, 8.577243853440896505E-16, 0.1400000000000000133 ) ) ;
#2248 = PRESENTATION_LAYER_ASSIGNMENT (  '', '', ( #945 ) ) ;
#2249 = ORIENTED_EDGE ( 'NONE', *, *, #2500, .F. ) ;
#2250 = AXIS2_PLACEMENT_3D ( 'NONE', #929, #2369, #2953 ) ;
#2251 = DIRECTION ( 'NONE',  ( 9.637352644315598694E-16, 1.000000000000000000, -0.0000000000000000000 ) ) ;
#2252 = CARTESIAN_POINT ( 'NONE',  ( -0.9000000000000000222, -1.489999999999999991, 0.0000000000000000000 ) ) ;
#2253 = ORIENTED_EDGE ( 'NONE', *, *, #2084, .F. ) ;
#2254 = EDGE_CURVE ( 'NONE', #3277, #2724, #2548, .T. ) ;
#2255 = CARTESIAN_POINT ( 'NONE',  ( -0.8900000000000001243, 1.309999999999999831, 0.1400000000000000133 ) ) ;
#2256 = FACE_OUTER_BOUND ( 'NONE', #1427, .T. ) ;
#2257 = DIRECTION ( 'NONE',  ( 0.0000000000000000000, 1.000000000000000000, 0.0000000000000000000 ) ) ;
#2258 = EDGE_CURVE ( 'NONE', #3532, #894, #577, .T. ) ;
#2259 = CARTESIAN_POINT ( 'NONE',  ( 0.9539961377857675284, -0.2998191106898299707, 0.4821778403109034383 ) ) ;
#2260 = CARTESIAN_POINT ( 'NONE',  ( -1.550000000000000266, 0.2999999999999999889, 0.1300000000000000044 ) ) ;
#2261 = ORIENTED_EDGE ( 'NONE', *, *, #1870, .T. ) ;
#2262 = FACE_OUTER_BOUND ( 'NONE', #776, .T. ) ;
#2263 = VERTEX_POINT ( 'NONE', #3143 ) ;
#2264 = EDGE_CURVE ( 'NONE', #1934, #1539, #2272, .T. ) ;
#2265 = CARTESIAN_POINT ( 'NONE',  ( -0.9100000000000002531, 1.300000000000000044, 0.0000000000000000000 ) ) ;
#2266 = ORIENTED_EDGE ( 'NONE', *, *, #813, .F. ) ;
#2267 = ORIENTED_EDGE ( 'NONE', *, *, #1958, .F. ) ;
#2268 = DIRECTION ( 'NONE',  ( 1.000000000000000000, -5.421010862427507971E-15, 0.0000000000000000000 ) ) ;
#2269 = DIRECTION ( 'NONE',  ( -0.0000000000000000000, -0.0000000000000000000, -1.000000000000000000 ) ) ;
#2270 = VERTEX_POINT ( 'NONE', #24 ) ;
#2271 = CARTESIAN_POINT ( 'NONE',  ( -1.000000000000000000, 0.0000000000000000000, 1.175857864376268935 ) ) ;
#2272 = LINE ( 'NONE', #2836, #1760 ) ;
#2273 = LINE ( 'NONE', #660, #1951 ) ;
#2274 = ORIENTED_EDGE ( 'NONE', *, *, #71, .T. ) ;
#2275 = PLANE ( 'NONE',  #208 ) ;
#2276 = EDGE_CURVE ( 'NONE', #740, #837, #2240, .T. ) ;
#2277 = ADVANCED_FACE ( 'NONE', ( #2851 ), #935, .T. ) ;
#2278 = CIRCLE ( 'NONE', #2568, 0.9258578643762689353 ) ;
#2279 = DIRECTION ( 'NONE',  ( -0.0000000000000000000, -0.0000000000000000000, -1.000000000000000000 ) ) ;
#2280 = ORIENTED_EDGE ( 'NONE', *, *, #1054, .F. ) ;
#2281 = ORIENTED_EDGE ( 'NONE', *, *, #302, .T. ) ;
#2282 =( GEOMETRIC_REPRESENTATION_CONTEXT ( 3 ) GLOBAL_UNCERTAINTY_ASSIGNED_CONTEXT ( ( #463 ) ) GLOBAL_UNIT_ASSIGNED_CONTEXT ( ( #2741, #205, #1006 ) ) REPRESENTATION_CONTEXT ( 'NONE', 'WORKASPACE' ) );
#2283 = DIRECTION ( 'NONE',  ( -1.000000000000000000, 0.0000000000000000000, 0.0000000000000000000 ) ) ;
#2284 = VECTOR ( 'NONE', #2981, 1000.000000000000000 ) ;
#2285 = CARTESIAN_POINT ( 'NONE',  ( -0.8899999999999999023, -1.489999999999999991, 0.0000000000000000000 ) ) ;
#2286 = ORIENTED_EDGE ( 'NONE', *, *, #2481, .T. ) ;
#2287 = AXIS2_PLACEMENT_3D ( 'NONE', #3015, #2492, #2470 ) ;
#2288 = CARTESIAN_POINT ( 'NONE',  ( -0.8899999999999999023, -1.500000000000000000, 0.1300000000000000044 ) ) ;
#2289 = AXIS2_PLACEMENT_3D ( 'NONE', #803, #183, #1925 ) ;
#2290 = DIRECTION ( 'NONE',  ( 1.000000000000000000, 0.0000000000000000000, 0.0000000000000000000 ) ) ;
#2291 = SPHERICAL_SURFACE ( 'NONE', #229, 0.2500000000000000000 ) ;
#2292 = ORIENTED_EDGE ( 'NONE', *, *, #987, .F. ) ;
#2293 = DIRECTION ( 'NONE',  ( -1.000000000000000000, 0.0000000000000000000, 0.0000000000000000000 ) ) ;
#2294 = VECTOR ( 'NONE', #1399, 1000.000000000000000 ) ;
#2295 = AXIS2_PLACEMENT_3D ( 'NONE', #2179, #2216, #3327 ) ;
#2296 = EDGE_CURVE ( 'NONE', #3238, #1953, #1993, .T. ) ;
#2297 = EDGE_LOOP ( 'NONE', ( #3022, #1369, #3360, #3291 ) ) ;
#2298 = AXIS2_PLACEMENT_3D ( 'NONE', #1329, #804, #2227 ) ;
#2299 = CARTESIAN_POINT ( 'NONE',  ( 0.8899999999999999023, -1.489999999999999991, 0.1300000000000000044 ) ) ;
#2300 = EDGE_CURVE ( 'NONE', #3532, #486, #2112, .T. ) ;
#2301 = CIRCLE ( 'NONE', #707, 0.01000000000000000021 ) ;
#2302 = ORIENTED_EDGE ( 'NONE', *, *, #1139, .T. ) ;
#2303 = CIRCLE ( 'NONE', #1827, 0.02000000000000005246 ) ;
#2304 = EDGE_CURVE ( 'NONE', #3087, #2386, #1997, .T. ) ;
#2305 = DIRECTION ( 'NONE',  ( -1.000000000000000000, -1.224646799147355426E-16, 0.0000000000000000000 ) ) ;
#2306 = CARTESIAN_POINT ( 'NONE',  ( 0.0000000000000000000, 0.0000000000000000000, 1.175857864376268935 ) ) ;
#2307 =( GEOMETRIC_REPRESENTATION_CONTEXT ( 3 ) GLOBAL_UNCERTAINTY_ASSIGNED_CONTEXT ( ( #3043 ) ) GLOBAL_UNIT_ASSIGNED_CONTEXT ( ( #2393, #989, #1028 ) ) REPRESENTATION_CONTEXT ( 'NONE', 'WORKASPACE' ) );
#2308 = DIRECTION ( 'NONE',  ( 0.0000000000000000000, 0.0000000000000000000, -1.000000000000000000 ) ) ;
#2309 = CARTESIAN_POINT ( 'NONE',  ( 0.9562291674459109103, -0.2926188294114793753, 0.4896509964585887276 ) ) ;
#2310 = CARTESIAN_POINT ( 'NONE',  ( 0.0000000000000000000, 0.0000000000000000000, 1.182928932188134441 ) ) ;
#2311 = B_SPLINE_CURVE_WITH_KNOTS ( 'NONE', 3,
 ( #3365, #3400, #2259, #2582, #1436, #1959, #2013, #43, #588, #249, #1717, #1177, #2309, #3415, #905, #1750 ),
 .UNSPECIFIED., .F., .F.,
 ( 4, 3, 3, 3, 3, 4 ),
 ( 0.0000000000000000000, 3.244421891806410638E-06, 6.484638937579543151E-06, 9.789932679116488762E-06, 1.324094222037822561E-05, 1.598599931093487467E-05 ),
 .UNSPECIFIED. ) ;
#2312 = VERTEX_POINT ( 'NONE', #568 ) ;
#2313 = DIRECTION ( 'NONE',  ( 1.000000000000000000, 0.0000000000000000000, 0.0000000000000000000 ) ) ;
#2314 = DIRECTION ( 'NONE',  ( -1.000000000000000000, 0.0000000000000000000, 0.0000000000000000000 ) ) ;
#2315 = ORIENTED_EDGE ( 'NONE', *, *, #2215, .F. ) ;
#2316 = EDGE_CURVE ( 'NONE', #200, #932, #320, .T. ) ;
#2317 = CARTESIAN_POINT ( 'NONE',  ( -1.300000000000000044, -0.2926794919243110860, 0.1400000000000000133 ) ) ;
#2318 = CARTESIAN_POINT ( 'NONE',  ( 0.9000000000000000222, -1.500000000000000000, 0.1300000000000000044 ) ) ;
#2319 = ORIENTED_EDGE ( 'NONE', *, *, #2383, .F. ) ;
#2320 = EDGE_LOOP ( 'NONE', ( #268, #2267, #124, #3135 ) ) ;
#2321 = EDGE_CURVE ( 'NONE', #3306, #1976, #2311, .T. ) ;
#2322 = ADVANCED_FACE ( 'NONE', ( #3076, #1377 ), #3616, .T. ) ;
#2323 = SPHERICAL_SURFACE ( 'NONE', #1683, 0.01000000000000000021 ) ;
#2324 =( NAMED_UNIT ( * ) PLANE_ANGLE_UNIT ( ) SI_UNIT ( $, .RADIAN. ) );
#2325 = DIRECTION ( 'NONE',  ( 0.0000000000000000000, 0.0000000000000000000, 1.000000000000000000 ) ) ;
#2326 = CARTESIAN_POINT ( 'NONE',  ( 0.4401490340008866187, -0.3098508915871228120, 0.0000000000000000000 ) ) ;
#2327 = ORIENTED_EDGE ( 'NONE', *, *, #1122, .F. ) ;
#2328 = LINE ( 'NONE', #3418, #864 ) ;
#2329 = FACE_OUTER_BOUND ( 'NONE', #366, .T. ) ;
#2330 = ORIENTED_EDGE ( 'NONE', *, *, #1655, .F. ) ;
#2331 = PRESENTATION_LAYER_ASSIGNMENT (  '', '', ( #141 ) ) ;
#2332 = CARTESIAN_POINT ( 'NONE',  ( 0.9539392014169456591, 0.2999999999999998779, 0.4799999999999999822 ) ) ;
#2333 = DIRECTION ( 'NONE',  ( -0.0000000000000000000, -0.0000000000000000000, -1.000000000000000000 ) ) ;
#2334 = AXIS2_PLACEMENT_3D ( 'NONE', #1167, #2269, #3071 ) ;
#2335 = ORIENTED_EDGE ( 'NONE', *, *, #2653, .T. ) ;
#2336 = AXIS2_PLACEMENT_3D ( 'NONE', #787, #28, #292 ) ;
#2337 = ADVANCED_FACE ( 'NONE', ( #395 ), #2046, .T. ) ;
#2338 = CARTESIAN_POINT ( 'NONE',  ( 1.290000000000000036, 1.050000000000000044, 0.3499999999999999778 ) ) ;
#2339 = EDGE_CURVE ( 'NONE', #1051, #1894, #2761, .T. ) ;
#2340 = FACE_OUTER_BOUND ( 'NONE', #274, .T. ) ;
#2341 = VECTOR ( 'NONE', #2391, 1000.000000000000000 ) ;
#2342 = DIRECTION ( 'NONE',  ( -0.0000000000000000000, 1.000000000000000000, -0.0000000000000000000 ) ) ;
#2343 = CARTESIAN_POINT ( 'NONE',  ( 0.4441329290906862459, -0.3058256050809512461, 0.0000000000000000000 ) ) ;
#2344 = ORIENTED_EDGE ( 'NONE', *, *, #254, .F. ) ;
#2345 = EDGE_CURVE ( 'NONE', #1877, #105, #2705, .T. ) ;
#2346 = CARTESIAN_POINT ( 'NONE',  ( -0.9299999999999998268, 1.138921523207038426E-16, 0.0000000000000000000 ) ) ;
#2347 = AXIS2_PLACEMENT_3D ( 'NONE', #253, #1349, #2484 ) ;
#2348 = CARTESIAN_POINT ( 'NONE',  ( -1.300000000000000044, -0.3097018577960362617, 0.1302981426982234292 ) ) ;
#2349 = ORIENTED_EDGE ( 'NONE', *, *, #3521, .F. ) ;
#2350 = UNCERTAINTY_MEASURE_WITH_UNIT (LENGTH_MEASURE( 1.000000000000000082E-05 ), #1918, 'distance_accuracy_value', 'NONE');
#2351 = DIRECTION ( 'NONE',  ( -1.000000000000000000, 0.0000000000000000000, 0.0000000000000000000 ) ) ;
#2352 = CARTESIAN_POINT ( 'NONE',  ( 0.9545288678198955434, 0.2981191183259535027, 0.4859546343316119565 ) ) ;
#2353 = DIRECTION ( 'NONE',  ( 1.000000000000000000, -0.0000000000000000000, 0.0000000000000000000 ) ) ;
#2354 = ORIENTED_EDGE ( 'NONE', *, *, #2254, .T. ) ;
#2355 = ORIENTED_EDGE ( 'NONE', *, *, #2187, .T. ) ;
#2356 = DIRECTION ( 'NONE',  ( -1.000000000000000000, 0.0000000000000000000, 0.0000000000000000000 ) ) ;
#2357 = DIRECTION ( 'NONE',  ( 9.637352644315598694E-16, -1.000000000000000000, 0.0000000000000000000 ) ) ;
#2358 = CIRCLE ( 'NONE', #3292, 0.2600000000000000089 ) ;
#2359 = ADVANCED_FACE ( 'NONE', ( #1207 ), #1786, .T. ) ;
#2360 = AXIS2_PLACEMENT_3D ( 'NONE', #2014, #3430, #25 ) ;
#2361 = FACE_OUTER_BOUND ( 'NONE', #546, .T. ) ;
#2362 = FACE_OUTER_BOUND ( 'NONE', #2373, .T. ) ;
#2363 = ORIENTED_EDGE ( 'NONE', *, *, #3593, .F. ) ;
#2364 = CARTESIAN_POINT ( 'NONE',  ( -1.310000000000000053, -0.2899999999999999800, 0.1300000000000000044 ) ) ;
#2365 = CARTESIAN_POINT ( 'NONE',  ( -1.300000000000000044, -0.2976794919243112014, 0.1391064244001664063 ) ) ;
#2366 = ORIENTED_EDGE ( 'NONE', *, *, #3285, .T. ) ;
#2367 = EDGE_CURVE ( 'NONE', #98, #3189, #3429, .T. ) ;
#2368 = CARTESIAN_POINT ( 'NONE',  ( -1.300000000000000266, 1.050000000000000044, 0.0000000000000000000 ) ) ;
#2369 = DIRECTION ( 'NONE',  ( 0.0000000000000000000, 0.0000000000000000000, 1.000000000000000000 ) ) ;
#2370 = DIRECTION ( 'NONE',  ( -1.000000000000000000, 0.0000000000000000000, 0.0000000000000000000 ) ) ;
#2371 = CARTESIAN_POINT ( 'NONE',  ( -1.310000000000000053, -0.2999999999999999889, 0.0000000000000000000 ) ) ;
#2372 = VERTEX_POINT ( 'NONE', #2392 ) ;
#2373 = EDGE_LOOP ( 'NONE', ( #2091, #1670, #1929, #805 ) ) ;
#2374 = DIRECTION ( 'NONE',  ( 1.000000000000000000, 0.0000000000000000000, 0.0000000000000000000 ) ) ;
#2375 = CARTESIAN_POINT ( 'NONE',  ( -1.290000000000000036, 1.050000000000000044, 0.3399999999999999689 ) ) ;
#2376 = CARTESIAN_POINT ( 'NONE',  ( -1.300000000000000044, 0.2999999999999999334, 0.3499999999999999778 ) ) ;
#2377 = DIRECTION ( 'NONE',  ( 0.0000000000000000000, 0.0000000000000000000, -1.000000000000000000 ) ) ;
#2378 = ORIENTED_EDGE ( 'NONE', *, *, #2961, .F. ) ;
#2379 = DIRECTION ( 'NONE',  ( 0.0000000000000000000, 0.0000000000000000000, -1.000000000000000000 ) ) ;
#2380 = CARTESIAN_POINT ( 'NONE',  ( -1.300000000000000044, -0.3095526747613693286, 0.1304471020026614358 ) ) ;
#2381 = ORIENTED_EDGE ( 'NONE', *, *, #2675, .T. ) ;
#2382 = EDGE_CURVE ( 'NONE', #2909, #2444, #2655, .T. ) ;
#2383 = EDGE_CURVE ( 'NONE', #2641, #612, #3513, .T. ) ;
#2384 = CARTESIAN_POINT ( 'NONE',  ( 0.8894003300729653727, -0.2999999999999999889, 0.3399999999999999689 ) ) ;
#2385 = CARTESIAN_POINT ( 'NONE',  ( -1.300234049311397522, -0.2935427578035858520, -0.009962668966755476932 ) ) ;
#2386 = VERTEX_POINT ( 'NONE', #355 ) ;
#2387 = ORIENTED_EDGE ( 'NONE', *, *, #1521, .T. ) ;
#2388 = DIRECTION ( 'NONE',  ( 0.0000000000000000000, 0.0000000000000000000, -1.000000000000000000 ) ) ;
#2389 = AXIS2_PLACEMENT_3D ( 'NONE', #551, #1835, #657 ) ;
#2390 = DIRECTION ( 'NONE',  ( 1.000000000000000000, 9.637352644315535585E-16, 0.0000000000000000000 ) ) ;
#2391 = DIRECTION ( 'NONE',  ( 1.000000000000000000, 0.0000000000000000000, 0.0000000000000000000 ) ) ;
#2392 = CARTESIAN_POINT ( 'NONE',  ( 0.2600000000000000089, 3.184081677783118684E-17, 0.3500000000000000333 ) ) ;
#2393 =( LENGTH_UNIT ( ) NAMED_UNIT ( * ) SI_UNIT ( .MILLI., .METRE. ) );
#2394 = ORIENTED_EDGE ( 'NONE', *, *, #50, .F. ) ;
#2395 = CIRCLE ( 'NONE', #922, 0.009999999999999998473 ) ;
#2396 = CARTESIAN_POINT ( 'NONE',  ( -0.8899999999999999023, 1.489999999999999991, 0.1300000000000000044 ) ) ;
#2397 = CIRCLE ( 'NONE', #1510, 0.01000000000000002623 ) ;
#2398 =( NAMED_UNIT ( * ) PLANE_ANGLE_UNIT ( ) SI_UNIT ( $, .RADIAN. ) );
#2399 = ORIENTED_EDGE ( 'NONE', *, *, #3408, .T. ) ;
#2400 = AXIS2_PLACEMENT_3D ( 'NONE', #2422, #1218, #3495 ) ;
#2401 = EDGE_CURVE ( 'NONE', #3255, #2170, #2874, .T. ) ;
#2402 = VECTOR ( 'NONE', #2876, 1000.000000000000000 ) ;
#2403 = LINE ( 'NONE', #1016, #273 ) ;
#2404 = CARTESIAN_POINT ( 'NONE',  ( 0.9539392014169456591, 0.2999999999999998779, 0.4799999999999999822 ) ) ;
#2405 =( NAMED_UNIT ( * ) SI_UNIT ( $, .STERADIAN. ) SOLID_ANGLE_UNIT ( ) );
#2406 = CARTESIAN_POINT ( 'NONE',  ( 0.0000000000000000000, -1.489999999999999991, 0.1400000000000000133 ) ) ;
#2407 = ORIENTED_EDGE ( 'NONE', *, *, #2917, .T. ) ;
#2408 = VERTEX_POINT ( 'NONE', #659 ) ;
#2409 = AXIS2_PLACEMENT_3D ( 'NONE', #1106, #552, #3233 ) ;
#2410 = EDGE_CURVE ( 'NONE', #3538, #921, #988, .T. ) ;
#2411 = CARTESIAN_POINT ( 'NONE',  ( -0.8899999999999999023, 1.489999999999999991, 0.1300000000000000044 ) ) ;
#2412 = AXIS2_PLACEMENT_3D ( 'NONE', #2732, #1646, #2747 ) ;
#2413 = FACE_OUTER_BOUND ( 'NONE', #3207, .T. ) ;
#2414 = DIRECTION ( 'NONE',  ( 0.0000000000000000000, 0.0000000000000000000, 1.000000000000000000 ) ) ;
#2415 = VECTOR ( 'NONE', #3025, 1000.000000000000000 ) ;
#2416 = DIRECTION ( 'NONE',  ( 0.0000000000000000000, -1.000000000000000000, 0.0000000000000000000 ) ) ;
#2417 = ORIENTED_EDGE ( 'NONE', *, *, #3347, .F. ) ;
#2418 = MECHANICAL_DESIGN_GEOMETRIC_PRESENTATION_REPRESENTATION (  '', ( #945 ), #226 ) ;
#2419 = LINE ( 'NONE', #1840, #817 ) ;
#2420 = CIRCLE ( 'NONE', #833, 0.9970710678118654968 ) ;
#2421 = CARTESIAN_POINT ( 'NONE',  ( -1.300378412806747708, -0.3072478554713885535, -0.0003861713925390524642 ) ) ;
#2422 = CARTESIAN_POINT ( 'NONE',  ( 0.9258578643762689353, 0.0000000000000000000, 1.239999999999999991 ) ) ;
#2423 = DIRECTION ( 'NONE',  ( -1.000000000000000000, 1.224646799147353207E-16, 0.0000000000000000000 ) ) ;
#2424 = DIRECTION ( 'NONE',  ( -0.0000000000000000000, -0.0000000000000000000, -1.000000000000000000 ) ) ;
#2425 = DIRECTION ( 'NONE',  ( 1.000000000000000000, 0.0000000000000000000, 0.0000000000000000000 ) ) ;
#2426 = ORIENTED_EDGE ( 'NONE', *, *, #3080, .F. ) ;
#2427 = ORIENTED_EDGE ( 'NONE', *, *, #2632, .F. ) ;
#2428 = FACE_OUTER_BOUND ( 'NONE', #794, .T. ) ;
#2429 = CARTESIAN_POINT ( 'NONE',  ( -1.539999999999999591, 0.2899999999999999245, 0.1300000000000000044 ) ) ;
#2430 = DIRECTION ( 'NONE',  ( 0.0000000000000000000, 0.0000000000000000000, 1.000000000000000000 ) ) ;
#2431 = EDGE_CURVE ( 'NONE', #2498, #3306, #2870, .T. ) ;
#2432 = EDGE_LOOP ( 'NONE', ( #1271, #2863, #433, #131 ) ) ;
#2433 = ADVANCED_FACE ( 'NONE', ( #2361 ), #971, .T. ) ;
#2434 = DIRECTION ( 'NONE',  ( -1.000000000000000000, 0.0000000000000000000, 0.0000000000000000000 ) ) ;
#2435 = CARTESIAN_POINT ( 'NONE',  ( 0.0000000000000000000, 0.0000000000000000000, 0.0000000000000000000 ) ) ;
#2436 = FILL_AREA_STYLE_COLOUR ( '', #1267 ) ;
#2437 = CARTESIAN_POINT ( 'NONE',  ( 0.8958578643762690197, 1.495857864376268997, 0.1400000000000000133 ) ) ;
#2438 = DIRECTION ( 'NONE',  ( 0.0000000000000000000, 1.000000000000000000, -0.0000000000000000000 ) ) ;
#2439 = ORIENTED_EDGE ( 'NONE', *, *, #2382, .F. ) ;
#2440 = VERTEX_POINT ( 'NONE', #2097 ) ;
#2441 = FACE_OUTER_BOUND ( 'NONE', #1147, .T. ) ;
#2442 = DIRECTION ( 'NONE',  ( 1.000000000000000000, 0.0000000000000000000, 0.0000000000000000000 ) ) ;
#2443 = DIRECTION ( 'NONE',  ( 0.0000000000000000000, 0.0000000000000000000, -1.000000000000000000 ) ) ;
#2444 = VERTEX_POINT ( 'NONE', #1472 ) ;
#2445 = ORIENTED_EDGE ( 'NONE', *, *, #538, .F. ) ;
#2446 = LINE ( 'NONE', #3321, #106 ) ;
#2447 = DIRECTION ( 'NONE',  ( -1.000000000000000000, 0.0000000000000000000, 0.0000000000000000000 ) ) ;
#2448 = ORIENTED_EDGE ( 'NONE', *, *, #1457, .F. ) ;
#2449 = CIRCLE ( 'NONE', #3200, 0.01000000000000002623 ) ;
#2450 = EDGE_CURVE ( 'NONE', #88, #921, #3469, .T. ) ;
#2451 = DIRECTION ( 'NONE',  ( 1.000000000000000000, 0.0000000000000000000, 0.0000000000000000000 ) ) ;
#2452 = EDGE_LOOP ( 'NONE', ( #1895, #219, #2734, #592 ) ) ;
#2453 = SPHERICAL_SURFACE ( 'NONE', #3619, 0.01000000000000000021 ) ;
#2454 = AXIS2_PLACEMENT_3D ( 'NONE', #2491, #2686, #172 ) ;
#2455 = EDGE_CURVE ( 'NONE', #1454, #2641, #2471, .T. ) ;
#2456 = AXIS2_PLACEMENT_3D ( 'NONE', #1867, #1294, #2425 ) ;
#2457 = DIRECTION ( 'NONE',  ( 1.000000000000000000, 0.0000000000000000000, 0.0000000000000000000 ) ) ;
#2458 = VERTEX_POINT ( 'NONE', #2079 ) ;
#2459 = EDGE_LOOP ( 'NONE', ( #2674, #3284, #387, #2110 ) ) ;
#2460 = CIRCLE ( 'NONE', #1863, 0.8499999999999999778 ) ;
#2461 = LINE ( 'NONE', #218, #933 ) ;
#2462 = SURFACE_STYLE_FILL_AREA ( #1077 ) ;
#2463 = AXIS2_PLACEMENT_3D ( 'NONE', #2687, #414, #132 ) ;
#2464 = DIRECTION ( 'NONE',  ( 1.000000000000000000, 1.032573497605242347E-16, 0.0000000000000000000 ) ) ;
#2465 = ORIENTED_EDGE ( 'NONE', *, *, #664, .F. ) ;
#2466 = ORIENTED_EDGE ( 'NONE', *, *, #1364, .F. ) ;
#2467 = AXIS2_PLACEMENT_3D ( 'NONE', #1673, #1328, #1864 ) ;
#2468 = CARTESIAN_POINT ( 'NONE',  ( 0.0000000000000000000, 0.0000000000000000000, 0.3499999999999999778 ) ) ;
#2469 = TOROIDAL_SURFACE ( 'NONE', #3448, 0.2600000000000000089, 0.01000000000000000021 ) ;
#2470 = DIRECTION ( 'NONE',  ( 0.0000000000000000000, 0.0000000000000000000, 1.000000000000000000 ) ) ;
#2471 = CIRCLE ( 'NONE', #761, 0.01000000000000002623 ) ;
#2472 = DIRECTION ( 'NONE',  ( 0.0000000000000000000, 0.0000000000000000000, -1.000000000000000000 ) ) ;
#2473 = ORIENTED_EDGE ( 'NONE', *, *, #3227, .T. ) ;
#2474 = CARTESIAN_POINT ( 'NONE',  ( 1.540000000000000036, 0.2999999999999999889, 0.3499999999999999778 ) ) ;
#2475 = AXIS2_PLACEMENT_3D ( 'NONE', #3139, #615, #1745 ) ;
#2476 = EDGE_CURVE ( 'NONE', #2838, #498, #883, .T. ) ;
#2477 = TOROIDAL_SURFACE ( 'NONE', #2825, 0.9899999999999999911, 0.01000000000000000021 ) ;
#2478 = DIRECTION ( 'NONE',  ( 1.000000000000000000, 0.0000000000000000000, 0.0000000000000000000 ) ) ;
#2479 = EDGE_LOOP ( 'NONE', ( #2774, #3190, #2565, #2075 ) ) ;
#2480 = ORIENTED_EDGE ( 'NONE', *, *, #2707, .F. ) ;
#2481 = EDGE_CURVE ( 'NONE', #2386, #3078, #2925, .T. ) ;
#2482 = EDGE_CURVE ( 'NONE', #575, #876, #1526, .T. ) ;
#2483 = MECHANICAL_DESIGN_GEOMETRIC_PRESENTATION_REPRESENTATION (  '', ( #1418 ), #1713 ) ;
#2484 = DIRECTION ( 'NONE',  ( 0.0000000000000000000, 0.0000000000000000000, -1.000000000000000000 ) ) ;
#2485 = DIRECTION ( 'NONE',  ( 1.032573497605242347E-16, -1.000000000000000000, 0.0000000000000000000 ) ) ;
#2486 = AXIS2_PLACEMENT_3D ( 'NONE', #972, #1507, #3234 ) ;
#2487 = ORIENTED_EDGE ( 'NONE', *, *, #2296, .F. ) ;
#2488 = ORIENTED_EDGE ( 'NONE', *, *, #3522, .T. ) ;
#2489 = ADVANCED_FACE ( 'NONE', ( #1545 ), #2243, .F. ) ;
#2490 = DIRECTION ( 'NONE',  ( -0.0000000000000000000, -0.0000000000000000000, -1.000000000000000000 ) ) ;
#2491 = CARTESIAN_POINT ( 'NONE',  ( 0.9000000000000000222, 1.489999999999999991, 0.0000000000000000000 ) ) ;
#2492 = DIRECTION ( 'NONE',  ( 0.0000000000000000000, 1.000000000000000000, 0.0000000000000000000 ) ) ;
#2493 = VERTEX_POINT ( 'NONE', #2600 ) ;
#2494 = CARTESIAN_POINT ( 'NONE',  ( -0.9958123819371911267, 1.219518446090682714E-16, 0.6970088442408507445 ) ) ;
#2495 = CARTESIAN_POINT ( 'NONE',  ( 1.540000000000000036, -0.2999999999999999889, 0.3399999999999999689 ) ) ;
#2496 = CARTESIAN_POINT ( 'NONE',  ( 0.0000000000000000000, 0.0000000000000000000, 0.7051461789529179791 ) ) ;
#2497 = FACE_OUTER_BOUND ( 'NONE', #2801, .T. ) ;
#2498 = VERTEX_POINT ( 'NONE', #2711 ) ;
#2499 = DIRECTION ( 'NONE',  ( -1.000000000000000000, -1.224646799147343346E-16, 0.0000000000000000000 ) ) ;
#2500 = EDGE_CURVE ( 'NONE', #471, #1118, #3250, .T. ) ;
#2501 = EDGE_CURVE ( 'NONE', #1540, #575, #795, .T. ) ;
#2502 =( LENGTH_UNIT ( ) NAMED_UNIT ( * ) SI_UNIT ( .MILLI., .METRE. ) );
#2503 = ORIENTED_EDGE ( 'NONE', *, *, #1414, .T. ) ;
#2504 = DIRECTION ( 'NONE',  ( 1.000000000000000000, 0.0000000000000000000, 0.0000000000000000000 ) ) ;
#2505 = CARTESIAN_POINT ( 'NONE',  ( 0.4496343304408237374, -0.2926794919243111970, -0.01000000000000000021 ) ) ;
#2506 = EDGE_LOOP ( 'NONE', ( #1508, #2864, #2488, #1908, #1039, #422, #1135, #1852, #1723, #2570, #1995, #1847, #3618, #111, #1209, #333, #480, #2280, #3572, #3437, #1489, #1250, #2657 ) ) ;
#2507 = CARTESIAN_POINT ( 'NONE',  ( 0.0000000000000000000, 0.2899999999999999800, 0.4899999999999999911 ) ) ;
#2508 = DIRECTION ( 'NONE',  ( 1.000000000000000000, 0.0000000000000000000, 0.0000000000000000000 ) ) ;
#2509 = CARTESIAN_POINT ( 'NONE',  ( -1.302516381416579438, -0.3025148040823903983, -0.003368873242426931054 ) ) ;
#2510 = CARTESIAN_POINT ( 'NONE',  ( 0.9539875641020415520, 0.2998461731327100033, 0.4817472479142798636 ) ) ;
#2511 = ORIENTED_EDGE ( 'NONE', *, *, #3588, .F. ) ;
#2512 = AXIS2_PLACEMENT_3D ( 'NONE', #110, #2624, #1740 ) ;
#2513 = VECTOR ( 'NONE', #426, 1000.000000000000000 ) ;
#2514 = LINE ( 'NONE', #1599, #1046 ) ;
#2515 = DIRECTION ( 'NONE',  ( -1.000000000000000000, 0.0000000000000000000, 0.0000000000000000000 ) ) ;
#2516 = ORIENTED_EDGE ( 'NONE', *, *, #2856, .F. ) ;
#2517 = EDGE_CURVE ( 'NONE', #346, #612, #1944, .T. ) ;
#2518 = VECTOR ( 'NONE', #1226, 1000.000000000000000 ) ;
#2519 = CARTESIAN_POINT ( 'NONE',  ( -0.2500000000000000000, 0.0000000000000000000, 1.000000000000000000 ) ) ;
#2520 = CARTESIAN_POINT ( 'NONE',  ( 0.0000000000000000000, 0.0000000000000000000, 1.250000000000000000 ) ) ;
#2521 = VERTEX_POINT ( 'NONE', #1359 ) ;
#2522 = AXIS2_PLACEMENT_3D ( 'NONE', #2552, #1425, #3116 ) ;
#2523 = EDGE_CURVE ( 'NONE', #1551, #3316, #1882, .T. ) ;
#2524 = VECTOR ( 'NONE', #465, 999.9999999999998863 ) ;
#2525 = DIRECTION ( 'NONE',  ( 0.0000000000000000000, 0.0000000000000000000, 1.000000000000000000 ) ) ;
#2526 = EDGE_CURVE ( 'NONE', #1950, #2458, #754, .T. ) ;
#2527 = VECTOR ( 'NONE', #3486, 1000.000000000000000 ) ;
#2528 = DIRECTION ( 'NONE',  ( -1.000000000000000000, -0.0000000000000000000, -0.0000000000000000000 ) ) ;
#2529 = CARTESIAN_POINT ( 'NONE',  ( 0.0000000000000000000, 0.0000000000000000000, 1.179999999999999938 ) ) ;
#2530 = VERTEX_POINT ( 'NONE', #2494 ) ;
#2531 = LINE ( 'NONE', #3305, #1636 ) ;
#2532 = EDGE_LOOP ( 'NONE', ( #245, #1183, #2038, #1923 ) ) ;
#2533 = CIRCLE ( 'NONE', #1766, 0.01000000000000002623 ) ;
#2534 = CARTESIAN_POINT ( 'NONE',  ( 1.050000000000000044, -1.300000000000000266, 0.0000000000000000000 ) ) ;
#2535 = ORIENTED_EDGE ( 'NONE', *, *, #1609, .F. ) ;
#2536 = VECTOR ( 'NONE', #3409, 1000.000000000000000 ) ;
#2537 = ORIENTED_EDGE ( 'NONE', *, *, #302, .F. ) ;
#2538 = VECTOR ( 'NONE', #1575, 1000.000000000000000 ) ;
#2539 = CARTESIAN_POINT ( 'NONE',  ( -0.9258578643762689353, 1.138178650354979602E-16, 1.250000000000000000 ) ) ;
#2540 = DIRECTION ( 'NONE',  ( 1.000000000000000000, -0.0000000000000000000, -0.0000000000000000000 ) ) ;
#2541 = ORIENTED_EDGE ( 'NONE', *, *, #2431, .T. ) ;
#2542 = PRODUCT_DEFINITION_FORMATION_WITH_SPECIFIED_SOURCE ( 'ANY', '', #3045, .NOT_KNOWN. ) ;
#2543 = PLANE ( 'NONE',  #1946 ) ;
#2544 = ADVANCED_FACE ( 'NONE', ( #1854 ), #1067, .T. ) ;
#2545 = FACE_OUTER_BOUND ( 'NONE', #3023, .T. ) ;
#2546 = EDGE_CURVE ( 'NONE', #2372, #582, #703, .T. ) ;
#2547 = CARTESIAN_POINT ( 'NONE',  ( -0.9100000000000002531, 1.310000000000000053, 0.1300000000000000044 ) ) ;
#2548 = LINE ( 'NONE', #2027, #39 ) ;
#2549 = CARTESIAN_POINT ( 'NONE',  ( 0.4404471020026601846, -0.3095526747613683849, 0.0000000000000000000 ) ) ;
#2550 = ORIENTED_EDGE ( 'NONE', *, *, #1484, .F. ) ;
#2551 = DIRECTION ( 'NONE',  ( -1.000000000000000000, 0.0000000000000000000, 0.0000000000000000000 ) ) ;
#2552 = CARTESIAN_POINT ( 'NONE',  ( -0.8899999999999999023, -1.489999999999999991, 0.0000000000000000000 ) ) ;
#2553 = EDGE_LOOP ( 'NONE', ( #32, #2417, #2122, #1876 ) ) ;
#2554 = ORIENTED_EDGE ( 'NONE', *, *, #2850, .T. ) ;
#2555 = DIRECTION ( 'NONE',  ( 0.0000000000000000000, 0.0000000000000000000, 1.000000000000000000 ) ) ;
#2556 = PRESENTATION_STYLE_ASSIGNMENT (( #1710 ) ) ;
#2557 = ORIENTED_EDGE ( 'NONE', *, *, #3140, .F. ) ;
#2558 = DIRECTION ( 'NONE',  ( 1.000000000000000000, 0.0000000000000000000, 0.0000000000000000000 ) ) ;
#2559 = CARTESIAN_POINT ( 'NONE',  ( 0.9539392014169456591, 0.2999999999999998779, 1.250000000000000000 ) ) ;
#2560 = LINE ( 'NONE', #59, #447 ) ;
#2561 = ADVANCED_FACE ( 'NONE', ( #3544 ), #3035, .T. ) ;
#2562 = ADVANCED_FACE ( 'NONE', ( #456 ), #1027, .T. ) ;
#2563 = CARTESIAN_POINT ( 'NONE',  ( -1.301312200325090762, -0.3048429701622814014, -0.001432325605618480846 ) ) ;
#2564 = CARTESIAN_POINT ( 'NONE',  ( 0.9100000000000002531, 1.300000000000000266, 0.1300000000000000044 ) ) ;
#2565 = ORIENTED_EDGE ( 'NONE', *, *, #2476, .F. ) ;
#2566 = DIRECTION ( 'NONE',  ( -1.000000000000000000, 0.0000000000000000000, 0.0000000000000000000 ) ) ;
#2567 = ADVANCED_FACE ( 'NONE', ( #1047 ), #2155, .T. ) ;
#2568 = AXIS2_PLACEMENT_3D ( 'NONE', #6, #2796, #847 ) ;
#2569 = DIRECTION ( 'NONE',  ( -0.0000000000000000000, -0.0000000000000000000, -1.000000000000000000 ) ) ;
#2570 = ORIENTED_EDGE ( 'NONE', *, *, #2276, .T. ) ;
#2571 = ORIENTED_EDGE ( 'NONE', *, *, #492, .F. ) ;
#2572 = DIRECTION ( 'NONE',  ( 0.0000000000000000000, 1.000000000000000000, 0.0000000000000000000 ) ) ;
#2573 = CIRCLE ( 'NONE', #565, 0.01000000000000002623 ) ;
#2574 = PLANE ( 'NONE',  #2225 ) ;
#2575 = ORIENTED_EDGE ( 'NONE', *, *, #1093, .F. ) ;
#2576 = MECHANICAL_DESIGN_GEOMETRIC_PRESENTATION_REPRESENTATION (  '', ( #517 ), #1102 ) ;
#2577 = CARTESIAN_POINT ( 'NONE',  ( 1.050000000000000044, 1.050000000000000044, 0.0000000000000000000 ) ) ;
#2578 = CARTESIAN_POINT ( 'NONE',  ( 1.540000000000000036, 0.2999999999999999889, 0.3399999999999999689 ) ) ;
#2579 = CIRCLE ( 'NONE', #1583, 0.9958123819371909047 ) ;
#2580 = CARTESIAN_POINT ( 'NONE',  ( -1.540000000000000036, 0.2899999999999999800, 0.1300000000000000044 ) ) ;
#2581 = AXIS2_PLACEMENT_3D ( 'NONE', #3279, #1074, #2226 ) ;
#2582 = CARTESIAN_POINT ( 'NONE',  ( 0.9541041329697469431, -0.2994750464594583828, 0.4831974200185671364 ) ) ;
#2583 = CARTESIAN_POINT ( 'NONE',  ( -1.299999999999999822, -1.050000000000000266, 0.3499999999999999778 ) ) ;
#2584 = ORIENTED_EDGE ( 'NONE', *, *, #275, .T. ) ;
#2585 = DIRECTION ( 'NONE',  ( 1.224646799147353207E-16, 1.000000000000000000, -0.0000000000000000000 ) ) ;
#2586 = EDGE_CURVE ( 'NONE', #669, #2983, #2057, .T. ) ;
#2587 = VECTOR ( 'NONE', #60, 1000.000000000000000 ) ;
#2588 = CARTESIAN_POINT ( 'NONE',  ( 0.9000000000000000222, 1.500000000000000000, 0.1299999999999999489 ) ) ;
#2589 = VERTEX_POINT ( 'NONE', #2200 ) ;
#2590 = EDGE_CURVE ( 'NONE', #1921, #88, #1287, .T. ) ;
#2591 = ADVANCED_FACE ( 'NONE', ( #1838 ), #3293, .T. ) ;
#2592 = TOROIDAL_SURFACE ( 'NONE', #2245, 0.9899999999999999911, 0.01000000000000000021 ) ;
#2593 = DIRECTION ( 'NONE',  ( 0.0000000000000000000, 0.0000000000000000000, -1.000000000000000000 ) ) ;
#2594 = COLOUR_RGB ( '',1.000000000000000000, 0.9058823529411764719, 0.9411764705882352811 ) ;
#2595 = LINE ( 'NONE', #634, #2752 ) ;
#2596 = ORIENTED_EDGE ( 'NONE', *, *, #768, .F. ) ;
#2597 = CIRCLE ( 'NONE', #1531, 0.2500000000000000000 ) ;
#2598 = CARTESIAN_POINT ( 'NONE',  ( -1.539999999999999591, 0.2899999999999999800, -0.01000000000000000021 ) ) ;
#2599 = MECHANICAL_DESIGN_GEOMETRIC_PRESENTATION_REPRESENTATION (  '', ( #1181 ), #1358 ) ;
#2600 = CARTESIAN_POINT ( 'NONE',  ( 0.4496343304408237374, -0.2926794919243111970, -0.01000000000000000021 ) ) ;
#2601 = DIRECTION ( 'NONE',  ( -1.000000000000000000, 0.0000000000000000000, 0.0000000000000000000 ) ) ;
#2602 = EDGE_LOOP ( 'NONE', ( #926, #1478, #3010, #1967 ) ) ;
#2603 = CARTESIAN_POINT ( 'NONE',  ( -0.9258578643762689353, 1.133848870073802159E-16, 1.239999999999999991 ) ) ;
#2604 = CARTESIAN_POINT ( 'NONE',  ( 0.9000000000000000222, -1.489999999999999991, 0.1300000000000000044 ) ) ;
#2605 = EDGE_LOOP ( 'NONE', ( #2826, #1170, #729, #2127, #181, #3623, #3162, #1758, #26, #1614 ) ) ;
#2606 = UNCERTAINTY_MEASURE_WITH_UNIT (LENGTH_MEASURE( 1.000000000000000082E-05 ), #3545, 'distance_accuracy_value', 'NONE');
#2607 = EDGE_CURVE ( 'NONE', #498, #2530, #1563, .T. ) ;
#2608 = CARTESIAN_POINT ( 'NONE',  ( 0.8499999999999999778, 1.040949779275250140E-16, 1.250000000000000000 ) ) ;
#2609 = CARTESIAN_POINT ( 'NONE',  ( 0.8894003300729653727, 0.2999999999999999889, 0.3399999999999999689 ) ) ;
#2610 = EDGE_LOOP ( 'NONE', ( #1603, #2249, #1131, #2059 ) ) ;
#2611 = ADVANCED_FACE ( 'NONE', ( #2689 ), #493, .T. ) ;
#2612 =( LENGTH_UNIT ( ) NAMED_UNIT ( * ) SI_UNIT ( .MILLI., .METRE. ) );
#2613 = DIRECTION ( 'NONE',  ( -1.000000000000000000, 0.0000000000000000000, 0.0000000000000000000 ) ) ;
#2614 = CARTESIAN_POINT ( 'NONE',  ( -1.050000000000000044, -1.050000000000000044, 0.3499999999999999778 ) ) ;
#2615 = CARTESIAN_POINT ( 'NONE',  ( -1.550000000000000266, 0.2999999999999999889, -0.01000000000000000021 ) ) ;
#2616 = CARTESIAN_POINT ( 'NONE',  ( 0.0000000000000000000, 0.0000000000000000000, 1.000000000000000000 ) ) ;
#2617 = ORIENTED_EDGE ( 'NONE', *, *, #672, .T. ) ;
#2618 = DIRECTION ( 'NONE',  ( -1.000000000000000000, 0.0000000000000000000, 0.0000000000000000000 ) ) ;
#2619 = ORIENTED_EDGE ( 'NONE', *, *, #3325, .T. ) ;
#2620 = ORIENTED_EDGE ( 'NONE', *, *, #603, .T. ) ;
#2621 = VECTOR ( 'NONE', #2766, 1000.000000000000000 ) ;
#2622 = DIRECTION ( 'NONE',  ( 0.0000000000000000000, 0.0000000000000000000, -1.000000000000000000 ) ) ;
#2623 = CARTESIAN_POINT ( 'NONE',  ( 0.9563164206596898032, 0.2923357891380459206, 0.4897929035762529359 ) ) ;
#2624 = DIRECTION ( 'NONE',  ( 0.0000000000000000000, 1.000000000000000000, 0.0000000000000000000 ) ) ;
#2626 = ORIENTED_EDGE ( 'NONE', *, *, #1819, .F. ) ;
#2625 = CIRCLE ( 'NONE', #204, 0.01000000000000002623 ) ;
#2627 = VERTEX_POINT ( 'NONE', #3073 ) ;
#2628 = EDGE_CURVE ( 'NONE', #826, #642, #1727, .T. ) ;
#2629 = CARTESIAN_POINT ( 'NONE',  ( -0.8900000000000001243, 1.310000000000000053, 0.1300000000000000044 ) ) ;
#2630 = CARTESIAN_POINT ( 'NONE',  ( 1.050000000000000044, 1.290000000000000036, 0.3499999999999999778 ) ) ;
#2631 = LINE ( 'NONE', #1836, #1990 ) ;
#2632 = EDGE_CURVE ( 'NONE', #77, #649, #600, .T. ) ;
#2633 = CIRCLE ( 'NONE', #1930, 0.01000000000000002623 ) ;
#2634 = VECTOR ( 'NONE', #3229, 1000.000000000000000 ) ;
#2635 = DIRECTION ( 'NONE',  ( 1.000000000000000000, 0.0000000000000000000, 0.0000000000000000000 ) ) ;
#2636 = DIRECTION ( 'NONE',  ( -1.000000000000000000, -9.637352644315598694E-16, -0.0000000000000000000 ) ) ;
#2637 = ORIENTED_EDGE ( 'NONE', *, *, #3124, .T. ) ;
#2638 = EDGE_CURVE ( 'NONE', #2242, #3641, #3221, .T. ) ;
#2639 = CIRCLE ( 'NONE', #2467, 0.01000000000000002623 ) ;
#2640 = CARTESIAN_POINT ( 'NONE',  ( -1.050000000000000044, 1.050000000000000044, 0.3399999999999999689 ) ) ;
#2641 = VERTEX_POINT ( 'NONE', #2783 ) ;
#2642 = LINE ( 'NONE', #107, #1105 ) ;
#2643 = FACE_OUTER_BOUND ( 'NONE', #3443, .T. ) ;
#2644 = CARTESIAN_POINT ( 'NONE',  ( 0.0000000000000000000, 0.0000000000000000000, 0.3499999999999999778 ) ) ;
#2645 = CARTESIAN_POINT ( 'NONE',  ( -1.300000000000000044, 0.2999999999999999334, 0.1300000000000000044 ) ) ;
#2646 = STYLED_ITEM ( 'NONE', ( #713 ), #2942 ) ;
#2647 = ORIENTED_EDGE ( 'NONE', *, *, #1818, .T. ) ;
#2648 = AXIS2_PLACEMENT_3D ( 'NONE', #1605, #773, #1335 ) ;
#2649 = FACE_OUTER_BOUND ( 'NONE', #1314, .T. ) ;
#2650 = LINE ( 'NONE', #1246, #1092 ) ;
#2651 = CARTESIAN_POINT ( 'NONE',  ( -1.000000000000000000, 0.0000000000000000000, 0.7051461789529179791 ) ) ;
#2652 = AXIS2_PLACEMENT_3D ( 'NONE', #267, #1920, #250 ) ;
#2653 = EDGE_CURVE ( 'NONE', #1894, #1051, #464, .T. ) ;
#2654 = ADVANCED_FACE ( 'NONE', ( #3376 ), #2795, .F. ) ;
#2655 = LINE ( 'NONE', #97, #2527 ) ;
#2656 = DIRECTION ( 'NONE',  ( 1.000000000000000000, 0.0000000000000000000, 0.0000000000000000000 ) ) ;
#2657 = ORIENTED_EDGE ( 'NONE', *, *, #1858, .F. ) ;
#2658 = CARTESIAN_POINT ( 'NONE',  ( 1.050000000000000044, -1.300000000000000266, 0.0000000000000000000 ) ) ;
#2659 = VERTEX_POINT ( 'NONE', #2255 ) ;
#2660 = DIRECTION ( 'NONE',  ( 2.065146995210484448E-16, -1.000000000000000000, 0.0000000000000000000 ) ) ;
#2661 = LINE ( 'NONE', #2608, #109 ) ;
#2662 = DIRECTION ( 'NONE',  ( 0.0000000000000000000, 0.0000000000000000000, 1.000000000000000000 ) ) ;
#2663 = FACE_OUTER_BOUND ( 'NONE', #2695, .T. ) ;
#2664 = ORIENTED_EDGE ( 'NONE', *, *, #2022, .F. ) ;
#2665 = CARTESIAN_POINT ( 'NONE',  ( 0.0000000000000000000, 0.0000000000000000000, 0.4948538210470819765 ) ) ;
#2666 = FACE_OUTER_BOUND ( 'NONE', #3260, .T. ) ;
#2667 = CYLINDRICAL_SURFACE ( 'NONE', #3565, 0.009999999999999998473 ) ;
#2668 = CARTESIAN_POINT ( 'NONE',  ( -1.550000000000000266, 0.2899999999999999800, -0.01000000000000000021 ) ) ;
#2669 = DIRECTION ( 'NONE',  ( 1.000000000000000000, 0.0000000000000000000, 0.0000000000000000000 ) ) ;
#2670 = ORIENTED_EDGE ( 'NONE', *, *, #3303, .T. ) ;
#2671 = CARTESIAN_POINT ( 'NONE',  ( 1.300000000000000266, 1.050000000000000044, 0.3399999999999999689 ) ) ;
#2672 = EDGE_CURVE ( 'NONE', #2916, #3609, #1172, .T. ) ;
#2673 = CARTESIAN_POINT ( 'NONE',  ( -1.300000000000000044, -0.2926794919243110860, 0.1400000000000000133 ) ) ;
#2674 = ORIENTED_EDGE ( 'NONE', *, *, #367, .F. ) ;
#2675 = EDGE_CURVE ( 'NONE', #721, #2791, #1878, .T. ) ;
#2676 = FACE_OUTER_BOUND ( 'NONE', #1265, .T. ) ;
#2677 = CARTESIAN_POINT ( 'NONE',  ( -0.9000000000000000222, 1.489999999999999991, -0.01000000000000000021 ) ) ;
#2678 = CARTESIAN_POINT ( 'NONE',  ( 0.0000000000000000000, 0.0000000000000000000, 0.5029911557591489890 ) ) ;
#2679 = CARTESIAN_POINT ( 'NONE',  ( -1.299999999999999822, -1.050000000000000266, 0.0000000000000000000 ) ) ;
#2680 = ORIENTED_EDGE ( 'NONE', *, *, #1598, .T. ) ;
#2681 = ORIENTED_EDGE ( 'NONE', *, *, #1274, .F. ) ;
#2682 = EDGE_CURVE ( 'NONE', #1551, #2929, #3108, .T. ) ;
#2683 = VECTOR ( 'NONE', #2040, 1000.000000000000000 ) ;
#2684 = SURFACE_STYLE_USAGE ( .BOTH. , #934 ) ;
#2685 = AXIS2_PLACEMENT_3D ( 'NONE', #1464, #611, #68 ) ;
#2686 = DIRECTION ( 'NONE',  ( 1.000000000000000000, 9.637352644315598694E-16, 0.0000000000000000000 ) ) ;
#2687 = CARTESIAN_POINT ( 'NONE',  ( 0.9899999999999999911, 1.212400331155879702E-16, 1.175857864376268935 ) ) ;
#2688 = VECTOR ( 'NONE', #1336, 1000.000000000000000 ) ;
#2689 = FACE_OUTER_BOUND ( 'NONE', #822, .T. ) ;
#2690 = ORIENTED_EDGE ( 'NONE', *, *, #1457, .T. ) ;
#2691 = DIRECTION ( 'NONE',  ( -1.000000000000000000, 0.0000000000000000000, 0.0000000000000000000 ) ) ;
#2692 = DIRECTION ( 'NONE',  ( -0.0000000000000000000, -0.0000000000000000000, -1.000000000000000000 ) ) ;
#2693 = EDGE_CURVE ( 'NONE', #486, #2440, #1525, .T. ) ;
#2694 = ORIENTED_EDGE ( 'NONE', *, *, #214, .F. ) ;
#2695 = EDGE_LOOP ( 'NONE', ( #3245, #3543, #609, #69, #280, #1527 ) ) ;
#2696 = CIRCLE ( 'NONE', #2347, 0.01000000000000002623 ) ;
#2697 = DIRECTION ( 'NONE',  ( 0.0000000000000000000, 0.0000000000000000000, 1.000000000000000000 ) ) ;
#2698 = ADVANCED_FACE ( 'NONE', ( #1416 ), #2543, .F. ) ;
#2699 = DIRECTION ( 'NONE',  ( 1.224646799147353207E-16, 1.000000000000000000, -0.0000000000000000000 ) ) ;
#2700 = EDGE_CURVE ( 'NONE', #2929, #3072, #815, .T. ) ;
#2701 = CARTESIAN_POINT ( 'NONE',  ( 1.550000000000000266, 0.2899999999999999800, 0.4799999999999999822 ) ) ;
#2702 = CYLINDRICAL_SURFACE ( 'NONE', #2456, 0.01000000000000002623 ) ;
#2703 = ORIENTED_EDGE ( 'NONE', *, *, #2264, .T. ) ;
#2704 = ORIENTED_EDGE ( 'NONE', *, *, #2304, .F. ) ;
#2705 = CIRCLE ( 'NONE', #1165, 0.009999999999999998473 ) ;
#2706 = CYLINDRICAL_SURFACE ( 'NONE', #48, 0.01000000000000002623 ) ;
#2707 = EDGE_CURVE ( 'NONE', #721, #3069, #533, .T. ) ;
#2708 = DIRECTION ( 'NONE',  ( 0.0000000000000000000, 0.0000000000000000000, -1.000000000000000000 ) ) ;
#2709 = ORIENTED_EDGE ( 'NONE', *, *, #162, .F. ) ;
#2710 = STYLED_ITEM ( 'NONE', ( #3356 ), #2835 ) ;
#2711 = CARTESIAN_POINT ( 'NONE',  ( 0.9539392014169456591, -0.2999999999999998779, 0.3500000000000001443 ) ) ;
#2712 = CARTESIAN_POINT ( 'NONE',  ( 0.4499999999999999001, 0.2999999999999999334, 0.0000000000000000000 ) ) ;
#2713 = ORIENTED_EDGE ( 'NONE', *, *, #3522, .F. ) ;
#2714 = AXIS2_PLACEMENT_3D ( 'NONE', #3539, #547, #3358 ) ;
#2715 = CARTESIAN_POINT ( 'NONE',  ( 0.8999999999999999112, 1.500000000000000222, 0.1358578643762690386 ) ) ;
#2716 = AXIS2_PLACEMENT_3D ( 'NONE', #441, #2241, #2818 ) ;
#2717 = PLANE ( 'NONE',  #879 ) ;
#2718 = VERTEX_POINT ( 'NONE', #2271 ) ;
#2719 = VERTEX_POINT ( 'NONE', #584 ) ;
#2720 = DIRECTION ( 'NONE',  ( -9.637352644315598694E-16, -1.000000000000000000, 0.0000000000000000000 ) ) ;
#2721 = DIRECTION ( 'NONE',  ( -1.000000000000000000, 0.0000000000000000000, 0.0000000000000000000 ) ) ;
#2722 = CARTESIAN_POINT ( 'NONE',  ( 0.9000000000000000222, -1.489999999999999991, -0.01000000000000000021 ) ) ;
#2723 = EDGE_LOOP ( 'NONE', ( #845, #2427, #2209, #174 ) ) ;
#2724 = VERTEX_POINT ( 'NONE', #3611 ) ;
#2725 = EDGE_CURVE ( 'NONE', #2440, #894, #765, .T. ) ;
#2726 = EDGE_CURVE ( 'NONE', #200, #869, #1706, .T. ) ;
#2727 = CARTESIAN_POINT ( 'NONE',  ( 0.0000000000000000000, 0.0000000000000000000, 1.175857864376268935 ) ) ;
#2728 = DIRECTION ( 'NONE',  ( 0.0000000000000000000, 0.0000000000000000000, -1.000000000000000000 ) ) ;
#2729 = LINE ( 'NONE', #3558, #1216 ) ;
#2730 = EDGE_LOOP ( 'NONE', ( #1279, #3600, #1914, #898, #526, #2355 ) ) ;
#2731 = ADVANCED_FACE ( 'NONE', ( #1292 ), #383, .T. ) ;
#2732 = CARTESIAN_POINT ( 'NONE',  ( 0.0000000000000000000, 0.0000000000000000000, 0.3600000000000000977 ) ) ;
#2733 = DIRECTION ( 'NONE',  ( 0.0000000000000000000, 1.000000000000000000, 0.0000000000000000000 ) ) ;
#2734 = ORIENTED_EDGE ( 'NONE', *, *, #1688, .T. ) ;
#2735 = DIRECTION ( 'NONE',  ( -0.0000000000000000000, 0.0000000000000000000, 1.000000000000000000 ) ) ;
#2736 =( NAMED_UNIT ( * ) PLANE_ANGLE_UNIT ( ) SI_UNIT ( $, .RADIAN. ) );
#2737 = DIRECTION ( 'NONE',  ( 0.0000000000000000000, 1.000000000000000000, 0.0000000000000000000 ) ) ;
#2738 = ORIENTED_EDGE ( 'NONE', *, *, #2401, .F. ) ;
#2739 = EDGE_LOOP ( 'NONE', ( #1066, #3464, #241, #2681 ) ) ;
#2740 = DIRECTION ( 'NONE',  ( -1.000000000000000000, 0.0000000000000000000, 0.0000000000000000000 ) ) ;
#2741 =( LENGTH_UNIT ( ) NAMED_UNIT ( * ) SI_UNIT ( .MILLI., .METRE. ) );
#2742 = EDGE_CURVE ( 'NONE', #746, #77, #454, .T. ) ;
#2743 = CARTESIAN_POINT ( 'NONE',  ( -0.8899999999999999023, 1.500000000000000000, 0.0000000000000000000 ) ) ;
#2744 = ORIENTED_EDGE ( 'NONE', *, *, #3475, .T. ) ;
#2745 = B_SPLINE_CURVE_WITH_KNOTS ( 'NONE', 3,
 ( #1554, #1241, #2623, #2108, #85, #686, #1219, #1810, #2352, #404, #1378, #725, #2510, #3617, #3041, #2404 ),
 .UNSPECIFIED., .F., .F.,
 ( 4, 3, 3, 3, 3, 4 ),
 ( 0.0000000000000000000, 3.636893869500092868E-06, 7.278159980497716697E-06, 1.084421739062981649E-05, 1.425122980217281286E-05, 1.598630098424344819E-05 ),
 .UNSPECIFIED. ) ;
#2746 = AXIS2_PLACEMENT_3D ( 'NONE', #2598, #1485, #2374 ) ;
#2747 = DIRECTION ( 'NONE',  ( -1.000000000000000000, 0.0000000000000000000, 0.0000000000000000000 ) ) ;
#2748 = CARTESIAN_POINT ( 'NONE',  ( -1.300000000000000266, 1.050000000000000044, 0.3399999999999999689 ) ) ;
#2749 = EDGE_CURVE ( 'NONE', #1454, #346, #1410, .T. ) ;
#2750 = SURFACE_STYLE_FILL_AREA ( #1902 ) ;
#2751 = AXIS2_PLACEMENT_3D ( 'NONE', #2520, #1985, #314 ) ;
#2752 = VECTOR ( 'NONE', #56, 1000.000000000000000 ) ;
#2753 = DIRECTION ( 'NONE',  ( -1.000000000000000000, 0.0000000000000000000, 0.0000000000000000000 ) ) ;
#2754 = EDGE_LOOP ( 'NONE', ( #957, #3050 ) ) ;
#2755 = AXIS2_PLACEMENT_3D ( 'NONE', #3216, #2082, #2618 ) ;
#2756 = DIRECTION ( 'NONE',  ( -1.000000000000000000, 0.0000000000000000000, -0.0000000000000000000 ) ) ;
#2757 = DIRECTION ( 'NONE',  ( 0.0000000000000000000, 0.0000000000000000000, 1.000000000000000000 ) ) ;
#2758 = EDGE_LOOP ( 'NONE', ( #1365, #3113, #1558, #1582 ) ) ;
#2759 = ORIENTED_EDGE ( 'NONE', *, *, #3450, .T. ) ;
#2760 = AXIS2_PLACEMENT_3D ( 'NONE', #824, #3068, #3046 ) ;
#2761 = CIRCLE ( 'NONE', #637, 0.9299999999999998268 ) ;
#2762 = DIRECTION ( 'NONE',  ( -1.000000000000000000, -1.032573497605242347E-16, 0.0000000000000000000 ) ) ;
#2763 = VERTEX_POINT ( 'NONE', #999 ) ;
#2764 = VECTOR ( 'NONE', #316, 1000.000000000000000 ) ;
#2765 = DIRECTION ( 'NONE',  ( -1.000000000000000000, -0.0000000000000000000, -0.0000000000000000000 ) ) ;
#2766 = DIRECTION ( 'NONE',  ( -0.0000000000000000000, -0.0000000000000000000, -1.000000000000000000 ) ) ;
#2767 = AXIS2_PLACEMENT_3D ( 'NONE', #2934, #2424, #2721 ) ;
#2768 = EDGE_CURVE ( 'NONE', #315, #1441, #2060, .T. ) ;
#2769 = EDGE_CURVE ( 'NONE', #140, #1711, #1600, .T. ) ;
#2770 = VECTOR ( 'NONE', #2251, 1000.000000000000000 ) ;
#2771 = FACE_OUTER_BOUND ( 'NONE', #3520, .T. ) ;
#2772 = DIRECTION ( 'NONE',  ( -0.0000000000000000000, 1.000000000000000000, 0.0000000000000000000 ) ) ;
#2773 = ORIENTED_EDGE ( 'NONE', *, *, #1684, .F. ) ;
#2774 = ORIENTED_EDGE ( 'NONE', *, *, #2339, .T. ) ;
#2775 = AXIS2_PLACEMENT_3D ( 'NONE', #2529, #290, #2130 ) ;
#2776 = CARTESIAN_POINT ( 'NONE',  ( -1.540000000000000036, -0.2899999999999999800, 0.1300000000000000044 ) ) ;
#2777 = DIRECTION ( 'NONE',  ( 0.0000000000000000000, 0.0000000000000000000, -1.000000000000000000 ) ) ;
#2778 = VERTEX_POINT ( 'NONE', #184 ) ;
#2779 = ORIENTED_EDGE ( 'NONE', *, *, #2144, .F. ) ;
#2780 = CARTESIAN_POINT ( 'NONE',  ( 0.8894003300729653727, -0.2999999999999999889, 0.4799999999999999822 ) ) ;
#2781 = CARTESIAN_POINT ( 'NONE',  ( 0.4405163117012126373, -0.3011513316285575059, -0.005312996520378913089 ) ) ;
#2782 = ORIENTED_EDGE ( 'NONE', *, *, #3033, .F. ) ;
#2783 = CARTESIAN_POINT ( 'NONE',  ( 1.000000000000000000, 1.224646799147353207E-16, 0.4948538210470819765 ) ) ;
#2784 = CYLINDRICAL_SURFACE ( 'NONE', #86, 0.9299999999999998268 ) ;
#2785 = DIRECTION ( 'NONE',  ( 2.065146995210484448E-16, -1.000000000000000000, 0.0000000000000000000 ) ) ;
#2786 = EDGE_LOOP ( 'NONE', ( #782, #1289, #1302, #2535 ) ) ;
#2787 = EDGE_CURVE ( 'NONE', #1244, #2627, #2533, .T. ) ;
#2788 = ORIENTED_EDGE ( 'NONE', *, *, #466, .F. ) ;
#2789 = DIRECTION ( 'NONE',  ( -0.8137334712067356701, 0.0000000000000000000, -0.5812381937190955750 ) ) ;
#2790 = DIRECTION ( 'NONE',  ( 1.000000000000000000, 0.0000000000000000000, 0.0000000000000000000 ) ) ;
#2791 = VERTEX_POINT ( 'NONE', #2701 ) ;
#2792 = DIRECTION ( 'NONE',  ( -0.0000000000000000000, -0.0000000000000000000, -1.000000000000000000 ) ) ;
#2793 = DIRECTION ( 'NONE',  ( -0.0000000000000000000, 0.0000000000000000000, -1.000000000000000000 ) ) ;
#2794 = ORIENTED_EDGE ( 'NONE', *, *, #1521, .F. ) ;
#2795 = PLANE ( 'NONE',  #161 ) ;
#2796 = DIRECTION ( 'NONE',  ( 0.0000000000000000000, 0.0000000000000000000, 1.000000000000000000 ) ) ;
#2797 = DIRECTION ( 'NONE',  ( -1.000000000000000000, -1.032573497605242347E-16, 0.0000000000000000000 ) ) ;
#2798 = AXIS2_PLACEMENT_3D ( 'NONE', #303, #616, #2866 ) ;
#2799 = DIRECTION ( 'NONE',  ( -0.0000000000000000000, -0.0000000000000000000, -1.000000000000000000 ) ) ;
#2800 = DIRECTION ( 'NONE',  ( -1.032573497605242347E-16, 1.000000000000000000, -0.0000000000000000000 ) ) ;
#2801 = EDGE_LOOP ( 'NONE', ( #53, #2150, #623 ) ) ;
#2802 = AXIS2_PLACEMENT_3D ( 'NONE', #3517, #743, #3009 ) ;
#2803 = CARTESIAN_POINT ( 'NONE',  ( 1.545857864376269264, -0.3000000000000000444, 0.3400000000000000244 ) ) ;
#2804 = DIRECTION ( 'NONE',  ( 0.0000000000000000000, 0.0000000000000000000, -1.000000000000000000 ) ) ;
#2806 = ORIENTED_EDGE ( 'NONE', *, *, #3384, .T. ) ;
#2805 = CIRCLE ( 'NONE', #1213, 0.01000000000000002623 ) ;
#2807 = ADVANCED_FACE ( 'NONE', ( #3535 ), #167, .T. ) ;
#2808 = EDGE_CURVE ( 'NONE', #2627, #452, #1865, .T. ) ;
#2809 = CARTESIAN_POINT ( 'NONE',  ( -1.050000000000000044, -1.050000000000000044, 0.3399999999999999689 ) ) ;
#2810 = DIRECTION ( 'NONE',  ( 1.000000000000000000, 0.0000000000000000000, 0.0000000000000000000 ) ) ;
#2811 = ORIENTED_EDGE ( 'NONE', *, *, #3549, .T. ) ;
#2812 = AXIS2_PLACEMENT_3D ( 'NONE', #785, #3007, #482 ) ;
#2813 = CIRCLE ( 'NONE', #1342, 0.02000000000000005246 ) ;
#2814 = CARTESIAN_POINT ( 'NONE',  ( 0.8399999999999999689, 1.028703311283776635E-16, 0.3600000000000000977 ) ) ;
#2815 = CARTESIAN_POINT ( 'NONE',  ( 0.0000000000000000000, 0.0000000000000000000, 1.239999999999999991 ) ) ;
#2816 = AXIS2_PLACEMENT_3D ( 'NONE', #1879, #2451, #3561 ) ;
#2817 = CARTESIAN_POINT ( 'NONE',  ( 1.300000000000000266, 1.050000000000000044, 0.0000000000000000000 ) ) ;
#2818 = DIRECTION ( 'NONE',  ( -1.000000000000000000, 0.0000000000000000000, 0.0000000000000000000 ) ) ;
#2819 = ORIENTED_EDGE ( 'NONE', *, *, #139, .F. ) ;
#2820 = DIRECTION ( 'NONE',  ( -0.0000000000000000000, 0.0000000000000000000, -1.000000000000000000 ) ) ;
#2821 = ORIENTED_EDGE ( 'NONE', *, *, #3504, .F. ) ;
#2822 = AXIS2_PLACEMENT_3D ( 'NONE', #313, #2572, #35 ) ;
#2823 = LINE ( 'NONE', #2265, #2402 ) ;
#2824 = ORIENTED_EDGE ( 'NONE', *, *, #344, .F. ) ;
#2825 = AXIS2_PLACEMENT_3D ( 'NONE', #2727, #1872, #3013 ) ;
#2826 = ORIENTED_EDGE ( 'NONE', *, *, #3129, .F. ) ;
#2827 = VECTOR ( 'NONE', #3223, 1000.000000000000000 ) ;
#2828 = CYLINDRICAL_SURFACE ( 'NONE', #2062, 0.01000000000000002623 ) ;
#2829 = CARTESIAN_POINT ( 'NONE',  ( -1.050000000000000044, -0.2926794919243111970, 0.0000000000000000000 ) ) ;
#2830 = ORIENTED_EDGE ( 'NONE', *, *, #254, .T. ) ;
#2831 = EDGE_CURVE ( 'NONE', #3087, #216, #1055, .T. ) ;
#2832 =( NAMED_UNIT ( * ) PLANE_ANGLE_UNIT ( ) SI_UNIT ( $, .RADIAN. ) );
#2833 = DIRECTION ( 'NONE',  ( 0.0000000000000000000, 1.000000000000000000, 0.0000000000000000000 ) ) ;
#2834 = CYLINDRICAL_SURFACE ( 'NONE', #1573, 0.2500000000000000000 ) ;
#2835 = ADVANCED_FACE ( 'NONE', ( #1926 ), #1634, .T. ) ;
#2836 = CARTESIAN_POINT ( 'NONE',  ( -0.9000000000000000222, 1.500000000000000000, 0.0000000000000000000 ) ) ;
#2837 = CARTESIAN_POINT ( 'NONE',  ( 0.0000000000000000000, 0.2899999999999999800, 0.1400000000000000133 ) ) ;
#2838 = VERTEX_POINT ( 'NONE', #545 ) ;
#2839 = CARTESIAN_POINT ( 'NONE',  ( 0.0000000000000000000, 0.0000000000000000000, 0.3500000000000000333 ) ) ;
#2840 = FACE_OUTER_BOUND ( 'NONE', #1179, .T. ) ;
#2841 = ORIENTED_EDGE ( 'NONE', *, *, #2951, .F. ) ;
#2842 = ORIENTED_EDGE ( 'NONE', *, *, #3062, .F. ) ;
#2843 = DIRECTION ( 'NONE',  ( -1.000000000000000000, -1.224646799147349509E-16, 0.0000000000000000000 ) ) ;
#2844 = CARTESIAN_POINT ( 'NONE',  ( 0.4446849465177212246, -0.2992250694361296981, -0.007696376225044259702 ) ) ;
#2845 = ORIENTED_EDGE ( 'NONE', *, *, #1387, .T. ) ;
#2846 = CARTESIAN_POINT ( 'NONE',  ( 0.0000000000000000000, 0.0000000000000000000, 0.1400000000000000133 ) ) ;
#2847 = FACE_OUTER_BOUND ( 'NONE', #2188, .T. ) ;
#2848 = SPHERICAL_SURFACE ( 'NONE', #1639, 0.01000000000000000021 ) ;
#2849 = EDGE_CURVE ( 'NONE', #2659, #1497, #1227, .T. ) ;
#2850 = EDGE_CURVE ( 'NONE', #3573, #2002, #3304, .T. ) ;
#2851 = FACE_OUTER_BOUND ( 'NONE', #2915, .T. ) ;
#2852 = CARTESIAN_POINT ( 'NONE',  ( 0.4496690026908816140, -0.2960826189956032306, 0.0000000000000000000 ) ) ;
#2853 = VERTEX_POINT ( 'NONE', #3047 ) ;
#2854 = LINE ( 'NONE', #323, #2284 ) ;
#2855 = AXIS2_PLACEMENT_3D ( 'NONE', #457, #756, #1084 ) ;
#2856 = EDGE_CURVE ( 'NONE', #740, #1497, #825, .T. ) ;
#2857 =( GEOMETRIC_REPRESENTATION_CONTEXT ( 3 ) GLOBAL_UNCERTAINTY_ASSIGNED_CONTEXT ( ( #2606 ) ) GLOBAL_UNIT_ASSIGNED_CONTEXT ( ( #3545, #2157, #3562 ) ) REPRESENTATION_CONTEXT ( 'NONE', 'WORKASPACE' ) );
#2858 = CARTESIAN_POINT ( 'NONE',  ( 0.4499999999999999001, 0.2999999999999999889, -0.01000000000000000021 ) ) ;
#2859 = ORIENTED_EDGE ( 'NONE', *, *, #3549, .F. ) ;
#2860 = LINE ( 'NONE', #1148, #769 ) ;
#2861 = AXIS2_PLACEMENT_3D ( 'NONE', #1601, #484, #1058 ) ;
#2862 = CARTESIAN_POINT ( 'NONE',  ( 0.9299999999999998268, 0.0000000000000000000, 0.0000000000000000000 ) ) ;
#2863 = ORIENTED_EDGE ( 'NONE', *, *, #2992, .T. ) ;
#2864 = ORIENTED_EDGE ( 'NONE', *, *, #1381, .T. ) ;
#2865 = VECTOR ( 'NONE', #702, 1000.000000000000000 ) ;
#2866 = DIRECTION ( 'NONE',  ( 1.000000000000000000, 0.0000000000000000000, 0.0000000000000000000 ) ) ;
#2867 = CIRCLE ( 'NONE', #389, 0.2500000000000000000 ) ;
#2868 = DIRECTION ( 'NONE',  ( 0.0000000000000000000, 0.0000000000000000000, 1.000000000000000000 ) ) ;
#2869 = CIRCLE ( 'NONE', #1759, 0.01000000000000002623 ) ;
#2870 = LINE ( 'NONE', #2904, #1465 ) ;
#2871 = SPHERICAL_SURFACE ( 'NONE', #1293, 0.01000000000000000021 ) ;
#2872 = VERTEX_POINT ( 'NONE', #786 ) ;
#2873 = DIRECTION ( 'NONE',  ( -1.000000000000000000, 1.224646799147343346E-16, 0.0000000000000000000 ) ) ;
#2874 = CIRCLE ( 'NONE', #2995, 0.009999999999999998473 ) ;
#2875 = EDGE_CURVE ( 'NONE', #2778, #2872, #103, .T. ) ;
#2876 = DIRECTION ( 'NONE',  ( -0.0000000000000000000, -0.0000000000000000000, -1.000000000000000000 ) ) ;
#2877 = VERTEX_POINT ( 'NONE', #3338 ) ;
#2878 = EDGE_CURVE ( 'NONE', #3215, #3244, #2120, .T. ) ;
#2879 =( LENGTH_UNIT ( ) NAMED_UNIT ( * ) SI_UNIT ( .MILLI., .METRE. ) );
#2880 = AXIS2_PLACEMENT_3D ( 'NONE', #3392, #1409, #880 ) ;
#2881 = ORIENTED_EDGE ( 'NONE', *, *, #2607, .F. ) ;
#2882 = CIRCLE ( 'NONE', #2360, 0.01000000000000002623 ) ;
#2883 = SURFACE_STYLE_FILL_AREA ( #2115 ) ;
#2884 = LINE ( 'NONE', #3467, #974 ) ;
#2885 = CARTESIAN_POINT ( 'NONE',  ( 0.9258578643762689353, 0.0000000000000000000, 1.250000000000000000 ) ) ;
#2886 = DIRECTION ( 'NONE',  ( -1.000000000000000000, 0.0000000000000000000, 0.0000000000000000000 ) ) ;
#2887 = CARTESIAN_POINT ( 'NONE',  ( -0.8899999999999999023, -1.489999999999999991, 0.1300000000000000044 ) ) ;
#2888 = ORIENTED_EDGE ( 'NONE', *, *, #287, .F. ) ;
#2889 = CARTESIAN_POINT ( 'NONE',  ( -1.300000000000000044, 0.2999999999999999334, 0.0000000000000000000 ) ) ;
#2890 = CARTESIAN_POINT ( 'NONE',  ( 1.550000000000000044, 0.2958578643762689864, 0.3441421356237309159 ) ) ;
#2891 = EDGE_CURVE ( 'NONE', #2589, #334, #525, .T. ) ;
#2892 = ORIENTED_EDGE ( 'NONE', *, *, #347, .T. ) ;
#2893 = UNCERTAINTY_MEASURE_WITH_UNIT (LENGTH_MEASURE( 1.000000000000000082E-05 ), #2990, 'distance_accuracy_value', 'NONE');
#2894 = FACE_OUTER_BOUND ( 'NONE', #990, .T. ) ;
#2895 = DIRECTION ( 'NONE',  ( 0.0000000000000000000, 0.0000000000000000000, 1.000000000000000000 ) ) ;
#2896 = ADVANCED_FACE ( 'NONE', ( #240 ), #2592, .T. ) ;
#2897 = LINE ( 'NONE', #2862, #918 ) ;
#2898 = ORIENTED_EDGE ( 'NONE', *, *, #1368, .T. ) ;
#2899 = ORIENTED_EDGE ( 'NONE', *, *, #1184, .T. ) ;
#2900 = DIRECTION ( 'NONE',  ( 1.032573497605242347E-16, -1.000000000000000000, 0.0000000000000000000 ) ) ;
#2901 = ADVANCED_FACE ( 'NONE', ( #557 ), #272, .F. ) ;
#2902 = DIRECTION ( 'NONE',  ( -0.0000000000000000000, 0.0000000000000000000, -1.000000000000000000 ) ) ;
#2903 = CARTESIAN_POINT ( 'NONE',  ( -1.540000000000000036, 0.2999999999999999889, 0.1300000000000000044 ) ) ;
#2904 = CARTESIAN_POINT ( 'NONE',  ( 0.9539392014169456591, -0.2999999999999998779, 1.250000000000000000 ) ) ;
#2905 = LINE ( 'NONE', #920, #709 ) ;
#2906 = VERTEX_POINT ( 'NONE', #1036 ) ;
#2907 = DIRECTION ( 'NONE',  ( 1.000000000000000000, 0.0000000000000000000, -0.0000000000000000000 ) ) ;
#2908 = CARTESIAN_POINT ( 'NONE',  ( 1.300000000000000266, 1.050000000000000044, 0.0000000000000000000 ) ) ;
#2909 = VERTEX_POINT ( 'NONE', #2167 ) ;
#2910 = AXIS2_PLACEMENT_3D ( 'NONE', #114, #1503, #1799 ) ;
#2911 = CYLINDRICAL_SURFACE ( 'NONE', #153, 1.000000000000000000 ) ;
#2912 = CARTESIAN_POINT ( 'NONE',  ( -0.9000000000000003553, -1.050000000000000044, 0.1300000000000000044 ) ) ;
#2913 = LINE ( 'NONE', #3442, #562 ) ;
#2915 = EDGE_LOOP ( 'NONE', ( #357, #2926, #1033, #2704 ) ) ;
#2914 = AXIS2_PLACEMENT_3D ( 'NONE', #2429, #1300, #150 ) ;
#2916 = VERTEX_POINT ( 'NONE', #1891 ) ;
#2917 = EDGE_CURVE ( 'NONE', #2312, #554, #3008, .T. ) ;
#2918 = AXIS2_PLACEMENT_3D ( 'NONE', #3026, #3224, #443 ) ;
#2919 = DIRECTION ( 'NONE',  ( 1.000000000000000000, 1.032573497605242347E-16, 0.0000000000000000000 ) ) ;
#2920 = DIRECTION ( 'NONE',  ( -0.0000000000000000000, 1.000000000000000000, -0.0000000000000000000 ) ) ;
#2921 = DIRECTION ( 'NONE',  ( 1.000000000000000000, -9.637352644315598694E-16, 0.0000000000000000000 ) ) ;
#2922 = COLOUR_RGB ( '',1.000000000000000000, 0.9058823529411764719, 0.9411764705882352811 ) ;
#2923 = ADVANCED_FACE ( 'NONE', ( #1797 ), #3518, .F. ) ;
#2924 = VECTOR ( 'NONE', #3211, 1000.000000000000000 ) ;
#2925 = LINE ( 'NONE', #417, #2178 ) ;
#2926 = ORIENTED_EDGE ( 'NONE', *, *, #1479, .F. ) ;
#2927 = DIRECTION ( 'NONE',  ( 1.000000000000000000, 1.032573497605242594E-16, -0.0000000000000000000 ) ) ;
#2928 =( LENGTH_UNIT ( ) NAMED_UNIT ( * ) SI_UNIT ( .MILLI., .METRE. ) );
#2929 = VERTEX_POINT ( 'NONE', #1201 ) ;
#2930 = AXIS2_PLACEMENT_3D ( 'NONE', #3130, #1140, #621 ) ;
#2931 = VECTOR ( 'NONE', #2945, 1000.000000000000000 ) ;
#2932 = CARTESIAN_POINT ( 'NONE',  ( 0.0000000000000000000, 0.0000000000000000000, 0.6970088442408507445 ) ) ;
#2933 =( NAMED_UNIT ( * ) SI_UNIT ( $, .STERADIAN. ) SOLID_ANGLE_UNIT ( ) );
#2934 = CARTESIAN_POINT ( 'NONE',  ( -1.050000000000000044, -1.050000000000000044, 0.3499999999999999778 ) ) ;
#2935 = CARTESIAN_POINT ( 'NONE',  ( 0.0000000000000000000, 0.0000000000000000000, 0.3399999999999999689 ) ) ;
#2936 = PRESENTATION_LAYER_ASSIGNMENT (  '', '', ( #3576 ) ) ;
#2937 = ORIENTED_EDGE ( 'NONE', *, *, #29, .T. ) ;
#2938 = ORIENTED_EDGE ( 'NONE', *, *, #8, .T. ) ;
#2939 = AXIS2_PLACEMENT_3D ( 'NONE', #2665, #2388, #2996 ) ;
#2940 = PLANE ( 'NONE',  #3578 ) ;
#2941 = CARTESIAN_POINT ( 'NONE',  ( 1.540000000000000036, 0.2899999999999999800, 0.4799999999999999822 ) ) ;
#2942 = ADVANCED_FACE ( 'NONE', ( #2649 ), #2940, .F. ) ;
#2943 = CARTESIAN_POINT ( 'NONE',  ( 0.8499999999999999778, 1.040949779275250140E-16, 1.239999999999999991 ) ) ;
#2944 = VECTOR ( 'NONE', #424, 1000.000000000000000 ) ;
#2945 = DIRECTION ( 'NONE',  ( -0.0000000000000000000, -0.0000000000000000000, -1.000000000000000000 ) ) ;
#2946 = EDGE_LOOP ( 'NONE', ( #3178, #2164, #1987, #3372 ) ) ;
#2947 = EDGE_CURVE ( 'NONE', #1711, #642, #288, .T. ) ;
#2948 = CARTESIAN_POINT ( 'NONE',  ( -0.8900000000000001243, -1.300000000000000266, 0.1300000000000000044 ) ) ;
#2949 = CARTESIAN_POINT ( 'NONE',  ( -1.300000000000000044, -0.2998644005134666335, 0.1383366811617667558 ) ) ;
#2950 = ORIENTED_EDGE ( 'NONE', *, *, #2917, .F. ) ;
#2951 = EDGE_CURVE ( 'NONE', #2916, #1493, #3523, .T. ) ;
#2952 = DIRECTION ( 'NONE',  ( 1.000000000000000000, 0.0000000000000000000, 0.0000000000000000000 ) ) ;
#2953 = DIRECTION ( 'NONE',  ( -1.000000000000000000, 0.0000000000000000000, 0.0000000000000000000 ) ) ;
#2954 = CARTESIAN_POINT ( 'NONE',  ( -1.301635684529955928, -0.2982998224006839783, -0.008347543631073562134 ) ) ;
#2955 = DIRECTION ( 'NONE',  ( -1.000000000000000000, -0.0000000000000000000, -0.0000000000000000000 ) ) ;
#2956 = ORIENTED_EDGE ( 'NONE', *, *, #852, .F. ) ;
#2957 = ORIENTED_EDGE ( 'NONE', *, *, #13, .F. ) ;
#2958 = SURFACE_STYLE_FILL_AREA ( #671 ) ;
#2959 = DIRECTION ( 'NONE',  ( 0.0000000000000000000, 1.000000000000000000, 0.0000000000000000000 ) ) ;
#2960 = CYLINDRICAL_SURFACE ( 'NONE', #3506, 0.01000000000000002623 ) ;
#2961 = EDGE_CURVE ( 'NONE', #3238, #1869, #2006, .T. ) ;
#2962 = DIRECTION ( 'NONE',  ( 1.000000000000000000, -0.0000000000000000000, 0.0000000000000000000 ) ) ;
#2963 = ORIENTED_EDGE ( 'NONE', *, *, #3142, .T. ) ;
#2964 = ADVANCED_FACE ( 'NONE', ( #3191 ), #113, .F. ) ;
#2965 = EDGE_CURVE ( 'NONE', #612, #2641, #1824, .T. ) ;
#2966 = CARTESIAN_POINT ( 'NONE',  ( -1.300000000000000044, -0.3019026382112036666, 0.1371190200713615359 ) ) ;
#2967 = EDGE_LOOP ( 'NONE', ( #1474, #2938, #2439, #654 ) ) ;
#2968 = CARTESIAN_POINT ( 'NONE',  ( 0.0000000000000000000, 0.0000000000000000000, 0.3600000000000000977 ) ) ;
#2969 = DIRECTION ( 'NONE',  ( 1.000000000000000000, 0.0000000000000000000, 0.0000000000000000000 ) ) ;
#2970 = DIRECTION ( 'NONE',  ( -0.0000000000000000000, -0.0000000000000000000, -1.000000000000000000 ) ) ;
#2971 = CARTESIAN_POINT ( 'NONE',  ( 0.8900000000000003464, -1.050000000000000044, 0.0000000000000000000 ) ) ;
#2972 = VERTEX_POINT ( 'NONE', #1021 ) ;
#2973 = VERTEX_POINT ( 'NONE', #2151 ) ;
#2974 = AXIS2_PLACEMENT_3D ( 'NONE', #369, #3210, #1784 ) ;
#2975 = CYLINDRICAL_SURFACE ( 'NONE', #2714, 0.9299999999999998268 ) ;
#2976 = AXIS2_PLACEMENT_3D ( 'NONE', #749, #473, #2197 ) ;
#2977 = ORIENTED_EDGE ( 'NONE', *, *, #304, .T. ) ;
#2978 = CARTESIAN_POINT ( 'NONE',  ( -0.9299999999999998268, 1.138921523207038426E-16, 0.6500000000000000222 ) ) ;
#2979 = ORIENTED_EDGE ( 'NONE', *, *, #1139, .F. ) ;
#2980 =( GEOMETRIC_REPRESENTATION_CONTEXT ( 3 ) GLOBAL_UNCERTAINTY_ASSIGNED_CONTEXT ( ( #1195 ) ) GLOBAL_UNIT_ASSIGNED_CONTEXT ( ( #1970, #2324, #3427 ) ) REPRESENTATION_CONTEXT ( 'NONE', 'WORKASPACE' ) );
#2981 = DIRECTION ( 'NONE',  ( -0.0000000000000000000, -0.0000000000000000000, 1.000000000000000000 ) ) ;
#2982 = DIRECTION ( 'NONE',  ( -0.0000000000000000000, -0.0000000000000000000, -1.000000000000000000 ) ) ;
#2983 = VERTEX_POINT ( 'NONE', #171 ) ;
#2984 = ADVANCED_FACE ( 'NONE', ( #791 ), #1354, .T. ) ;
#2985 = ADVANCED_FACE ( 'NONE', ( #1896 ), #2477, .T. ) ;
#2987 = ORIENTED_EDGE ( 'NONE', *, *, #2455, .T. ) ;
#2986 = VECTOR ( 'NONE', #1273, 1000.000000000000000 ) ;
#2988 = AXIS2_PLACEMENT_3D ( 'NONE', #1214, #1269, #421 ) ;
#2989 = DIRECTION ( 'NONE',  ( 1.000000000000000000, 0.0000000000000000000, 0.0000000000000000000 ) ) ;
#2990 =( LENGTH_UNIT ( ) NAMED_UNIT ( * ) SI_UNIT ( .MILLI., .METRE. ) );
#2991 = FACE_OUTER_BOUND ( 'NONE', #1638, .T. ) ;
#2992 = EDGE_CURVE ( 'NONE', #2853, #2170, #188, .T. ) ;
#2993 = ORIENTED_EDGE ( 'NONE', *, *, #361, .T. ) ;
#2994 = EDGE_LOOP ( 'NONE', ( #1392, #1630, #259, #2015, #2617, #2503, #3346, #2133 ) ) ;
#2995 = AXIS2_PLACEMENT_3D ( 'NONE', #1487, #75, #1506 ) ;
#2996 = DIRECTION ( 'NONE',  ( -1.000000000000000000, 0.0000000000000000000, 0.0000000000000000000 ) ) ;
#2997 = CYLINDRICAL_SURFACE ( 'NONE', #3382, 0.01000000000000002623 ) ;
#2998 = CARTESIAN_POINT ( 'NONE',  ( -1.310000000000000053, -0.3099999999999999423, 0.0000000000000000000 ) ) ;
#2999 = ORIENTED_EDGE ( 'NONE', *, *, #2431, .F. ) ;
#3000 = CARTESIAN_POINT ( 'NONE',  ( 1.540000000000000036, -0.2899999999999999800, 0.4799999999999999822 ) ) ;
#3001 = VECTOR ( 'NONE', #2792, 1000.000000000000000 ) ;
#3002 = CARTESIAN_POINT ( 'NONE',  ( 0.9000000000000003553, 1.040000000000000036, 0.0000000000000000000 ) ) ;
#3003 = CIRCLE ( 'NONE', #406, 0.2400000000000001854 ) ;
#3004 = ORIENTED_EDGE ( 'NONE', *, *, #3248, .F. ) ;
#3005 = ORIENTED_EDGE ( 'NONE', *, *, #2092, .F. ) ;
#3006 = ADVANCED_FACE ( 'NONE', ( #3052 ), #2706, .F. ) ;
#3007 = DIRECTION ( 'NONE',  ( 9.637352644315598694E-16, -1.000000000000000000, 0.0000000000000000000 ) ) ;
#3008 = LINE ( 'NONE', #483, #3061 ) ;
#3009 = DIRECTION ( 'NONE',  ( 9.637352644315598694E-16, -1.000000000000000000, 0.0000000000000000000 ) ) ;
#3010 = ORIENTED_EDGE ( 'NONE', *, *, #2947, .T. ) ;
#3011 = ORIENTED_EDGE ( 'NONE', *, *, #347, .F. ) ;
#3012 = EDGE_CURVE ( 'NONE', #3259, #3324, #2446, .T. ) ;
#3013 = DIRECTION ( 'NONE',  ( -1.000000000000000000, 0.0000000000000000000, 0.0000000000000000000 ) ) ;
#3014 = LINE ( 'NONE', #1355, #376 ) ;
#3015 = CARTESIAN_POINT ( 'NONE',  ( 1.290000000000000036, 1.050000000000000044, 0.3399999999999999689 ) ) ;
#3016 = VERTEX_POINT ( 'NONE', #3262 ) ;
#3017 = ADVANCED_FACE ( 'NONE', ( #1299 ), #1911, .F. ) ;
#3018 = DIRECTION ( 'NONE',  ( -0.8137334712067356701, 9.965360908723937382E-17, 0.5812381937190955750 ) ) ;
#3019 = LINE ( 'NONE', #494, #1032 ) ;
#3020 = DIRECTION ( 'NONE',  ( 1.000000000000000000, 0.0000000000000000000, 0.0000000000000000000 ) ) ;
#3021 = CARTESIAN_POINT ( 'NONE',  ( -0.9000000000000000222, -1.489999999999999991, -0.01000000000000000021 ) ) ;
#3022 = ORIENTED_EDGE ( 'NONE', *, *, #2321, .F. ) ;
#3023 = EDGE_LOOP ( 'NONE', ( #2266, #19, #2065, #34 ) ) ;
#3024 = CYLINDRICAL_SURFACE ( 'NONE', #2812, 0.01000000000000002623 ) ;
#3025 = DIRECTION ( 'NONE',  ( -9.637352644315598694E-16, 1.000000000000000000, -0.0000000000000000000 ) ) ;
#3026 = CARTESIAN_POINT ( 'NONE',  ( 0.0000000000000000000, 0.0000000000000000000, 1.247071067811865497 ) ) ;
#3027 = VERTEX_POINT ( 'NONE', #2173 ) ;
#3028 = ORIENTED_EDGE ( 'NONE', *, *, #2726, .F. ) ;
#3029 = CARTESIAN_POINT ( 'NONE',  ( -0.8900000000000003464, -1.050000000000000044, -0.01000000000000000021 ) ) ;
#3030 = FACE_OUTER_BOUND ( 'NONE', #665, .T. ) ;
#3031 = FACE_OUTER_BOUND ( 'NONE', #3537, .T. ) ;
#3032 = ORIENTED_EDGE ( 'NONE', *, *, #2768, .T. ) ;
#3033 = EDGE_CURVE ( 'NONE', #98, #1773, #2123, .T. ) ;
#3034 = CIRCLE ( 'NONE', #1445, 0.01000000000000002623 ) ;
#3035 = CYLINDRICAL_SURFACE ( 'NONE', #400, 1.000000000000000000 ) ;
#3036 = LINE ( 'NONE', #1647, #2621 ) ;
#3037 = DIRECTION ( 'NONE',  ( -0.0000000000000000000, -0.0000000000000000000, 1.000000000000000000 ) ) ;
#3038 = AXIS2_PLACEMENT_3D ( 'NONE', #2829, #2810, #18 ) ;
#3039 = TOROIDAL_SURFACE ( 'NONE', #1804, 0.2400000000000002132, 0.01000000000000000021 ) ;
#3040 = DIRECTION ( 'NONE',  ( 0.0000000000000000000, 0.0000000000000000000, -1.000000000000000000 ) ) ;
#3041 = CARTESIAN_POINT ( 'NONE',  ( 0.9539392014169457701, 0.3000000000000027645, 0.4805848909611931674 ) ) ;
#3042 = ORIENTED_EDGE ( 'NONE', *, *, #3604, .F. ) ;
#3043 = UNCERTAINTY_MEASURE_WITH_UNIT (LENGTH_MEASURE( 1.000000000000000082E-05 ), #2393, 'distance_accuracy_value', 'NONE');
#3044 = VECTOR ( 'NONE', #662, 1000.000000000000000 ) ;
#3045 = PRODUCT ( 'User Library-20279-001', 'User Library-20279-001', '', ( #3294 ) ) ;
#3046 = DIRECTION ( 'NONE',  ( 1.000000000000000000, 0.0000000000000000000, 0.0000000000000000000 ) ) ;
#3047 = CARTESIAN_POINT ( 'NONE',  ( -1.310000000000000053, -0.2999999999999999889, 0.1300000000000000044 ) ) ;
#3048 = VECTOR ( 'NONE', #173, 1000.000000000000000 ) ;
#3049 = EDGE_LOOP ( 'NONE', ( #1146, #1278, #2892, #1737 ) ) ;
#3050 = ORIENTED_EDGE ( 'NONE', *, *, #714, .T. ) ;
#3051 = CONICAL_SURFACE ( 'NONE', #2581, 1.000000000000000000, 0.9505468408120761881 ) ;
#3052 = FACE_OUTER_BOUND ( 'NONE', #1861, .T. ) ;
#3053 = CARTESIAN_POINT ( 'NONE',  ( 0.4408051302265464377, -0.3010425912285329964, -0.005486388547806298616 ) ) ;
#3054 = CIRCLE ( 'NONE', #3627, 0.01000000000000002623 ) ;
#3055 = ORIENTED_EDGE ( 'NONE', *, *, #1544, .F. ) ;
#3056 = COLOUR_RGB ( '',1.000000000000000000, 0.9058823529411764719, 0.9411764705882352811 ) ;
#3057 = ADVANCED_FACE ( 'NONE', ( #2428 ), #1662, .T. ) ;
#3058 = DIRECTION ( 'NONE',  ( -1.000000000000000000, -0.0000000000000000000, 0.0000000000000000000 ) ) ;
#3059 = CARTESIAN_POINT ( 'NONE',  ( -1.310000000000000053, -0.3099999999999999423, 0.1300000000000000044 ) ) ;
#3060 = PRESENTATION_STYLE_ASSIGNMENT (( #1069 ) ) ;
#3061 = VECTOR ( 'NONE', #3466, 1000.000000000000000 ) ;
#3062 = EDGE_CURVE ( 'NONE', #582, #2372, #2358, .T. ) ;
#3063 = AXIS2_PLACEMENT_3D ( 'NONE', #1676, #3625, #2843 ) ;
#3064 = CARTESIAN_POINT ( 'NONE',  ( -1.550000000000000266, 0.2999999999999999889, -0.01000000000000000021 ) ) ;
#3065 = DIRECTION ( 'NONE',  ( 0.0000000000000000000, 0.0000000000000000000, 1.000000000000000000 ) ) ;
#3066 = EDGE_LOOP ( 'NONE', ( #2963, #947, #3595 ) ) ;
#3067 = VERTEX_POINT ( 'NONE', #3308 ) ;
#3068 = DIRECTION ( 'NONE',  ( -0.0000000000000000000, -0.0000000000000000000, 1.000000000000000000 ) ) ;
#3069 = VERTEX_POINT ( 'NONE', #2196 ) ;
#3070 = CARTESIAN_POINT ( 'NONE',  ( -1.310000000000000053, -0.2899999999999999800, 0.1400000000000000133 ) ) ;
#3071 = DIRECTION ( 'NONE',  ( -1.000000000000000000, 0.0000000000000000000, 0.0000000000000000000 ) ) ;
#3072 = VERTEX_POINT ( 'NONE', #3029 ) ;
#3073 = CARTESIAN_POINT ( 'NONE',  ( -0.9000000000000000222, -1.489999999999999991, 0.1300000000000000044 ) ) ;
#3074 = FACE_OUTER_BOUND ( 'NONE', #2459, .T. ) ;
#3075 = CARTESIAN_POINT ( 'NONE',  ( -1.540000000000000036, -0.2899999999999999800, 0.1300000000000000044 ) ) ;
#3076 = FACE_BOUND ( 'NONE', #2754, .T. ) ;
#3077 = CARTESIAN_POINT ( 'NONE',  ( 0.0000000000000000000, 0.0000000000000000000, 0.3600000000000000977 ) ) ;
#3078 = VERTEX_POINT ( 'NONE', #748 ) ;
#3079 = ORIENTED_EDGE ( 'NONE', *, *, #2787, .F. ) ;
#3080 = EDGE_CURVE ( 'NONE', #2145, #3501, #2183, .T. ) ;
#3081 = EDGE_CURVE ( 'NONE', #3016, #1118, #170, .T. ) ;
#3082 = LINE ( 'NONE', #556, #157 ) ;
#3083 = DIRECTION ( 'NONE',  ( -1.000000000000000000, 0.0000000000000000000, 0.0000000000000000000 ) ) ;
#3084 = ORIENTED_EDGE ( 'NONE', *, *, #737, .T. ) ;
#3085 = DIRECTION ( 'NONE',  ( 0.0000000000000000000, 0.0000000000000000000, -1.000000000000000000 ) ) ;
#3086 = CARTESIAN_POINT ( 'NONE',  ( -0.9299999999999998268, 1.179219984648860324E-16, 0.6500000000000000222 ) ) ;
#3087 = VERTEX_POINT ( 'NONE', #808 ) ;
#3088 = CARTESIAN_POINT ( 'NONE',  ( -0.9000000000000000222, -1.489999999999999991, -0.01000000000000000021 ) ) ;
#3089 = DIRECTION ( 'NONE',  ( 9.637352644315598694E-16, -1.000000000000000000, 0.0000000000000000000 ) ) ;
#3090 = AXIS2_PLACEMENT_3D ( 'NONE', #1692, #284, #2024 ) ;
#3091 = DIRECTION ( 'NONE',  ( -1.000000000000000000, 0.0000000000000000000, 0.0000000000000000000 ) ) ;
#3092 = DIRECTION ( 'NONE',  ( -0.0000000000000000000, -0.0000000000000000000, -1.000000000000000000 ) ) ;
#3093 = ORIENTED_EDGE ( 'NONE', *, *, #904, .T. ) ;
#3094 = AXIS2_PLACEMENT_3D ( 'NONE', #1043, #2174, #1912 ) ;
#3095 = ORIENTED_EDGE ( 'NONE', *, *, #2707, .T. ) ;
#3096 = AXIS2_PLACEMENT_3D ( 'NONE', #2109, #2955, #3536 ) ;
#3097 = CARTESIAN_POINT ( 'NONE',  ( -0.8899999999999999023, 1.489999999999999991, 0.1400000000000000133 ) ) ;
#3098 = EDGE_CURVE ( 'NONE', #2018, #3306, #1931, .T. ) ;
#3099 = ORIENTED_EDGE ( 'NONE', *, *, #2234, .F. ) ;
#3100 = ORIENTED_EDGE ( 'NONE', *, *, #2367, .F. ) ;
#3101 = AXIS2_PLACEMENT_3D ( 'NONE', #2614, #2078, #674 ) ;
#3102 = CARTESIAN_POINT ( 'NONE',  ( -1.050000000000000044, 1.300000000000000044, 0.3499999999999999778 ) ) ;
#3103 = EDGE_CURVE ( 'NONE', #3172, #2627, #3632, .T. ) ;
#3104 = SURFACE_STYLE_FILL_AREA ( #858 ) ;
#3105 = ORIENTED_EDGE ( 'NONE', *, *, #58, .F. ) ;
#3106 = CIRCLE ( 'NONE', #2106, 0.009999999999999998473 ) ;
#3107 = AXIS2_PLACEMENT_3D ( 'NONE', #3379, #867, #835 ) ;
#3108 = LINE ( 'NONE', #3088, #1702 ) ;
#3109 = FACE_OUTER_BOUND ( 'NONE', #1296, .T. ) ;
#3110 = VECTOR ( 'NONE', #3214, 1000.000000000000000 ) ;
#3111 = DIRECTION ( 'NONE',  ( -1.000000000000000000, 0.0000000000000000000, 0.0000000000000000000 ) ) ;
#3112 = CARTESIAN_POINT ( 'NONE',  ( 0.8900000000000001243, 1.310000000000000053, 0.1400000000000000133 ) ) ;
#3113 = ORIENTED_EDGE ( 'NONE', *, *, #2653, .F. ) ;
#3114 = CARTESIAN_POINT ( 'NONE',  ( -1.540000000000000036, -0.2999999999999999889, 0.0000000000000000000 ) ) ;
#3115 = AXIS2_PLACEMENT_3D ( 'NONE', #3483, #1501, #1559 ) ;
#3116 = DIRECTION ( 'NONE',  ( 0.0000000000000000000, 0.0000000000000000000, -1.000000000000000000 ) ) ;
#3117 = EDGE_LOOP ( 'NONE', ( #952, #2274, #1637, #2999, #1199, #3583 ) ) ;
#3118 = CIRCLE ( 'NONE', #2716, 0.01000000000000002623 ) ;
#3119 = ORIENTED_EDGE ( 'NONE', *, *, #1813, .T. ) ;
#3120 = ADVANCED_FACE ( 'NONE', ( #3342 ), #2975, .T. ) ;
#3121 = FACE_OUTER_BOUND ( 'NONE', #1698, .T. ) ;
#3122 = CARTESIAN_POINT ( 'NONE',  ( 0.8900000000000001243, 1.300000000000000266, 0.1500000000000000222 ) ) ;
#3123 = EDGE_LOOP ( 'NONE', ( #2824, #718, #1961, #1215 ) ) ;
#3124 = EDGE_CURVE ( 'NONE', #1551, #2312, #2301, .T. ) ;
#3125 = EDGE_CURVE ( 'NONE', #105, #2145, #2019, .T. ) ;
#3126 = DIRECTION ( 'NONE',  ( -1.000000000000000000, 0.0000000000000000000, 0.0000000000000000000 ) ) ;
#3127 = CYLINDRICAL_SURFACE ( 'NONE', #679, 0.01000000000000000021 ) ;
#3128 = FACE_OUTER_BOUND ( 'NONE', #1834, .T. ) ;
#3129 = EDGE_CURVE ( 'NONE', #1773, #2972, #3136, .T. ) ;
#3130 = CARTESIAN_POINT ( 'NONE',  ( -0.8399999999999999689, 0.0000000000000000000, 0.3600000000000000977 ) ) ;
#3131 = CARTESIAN_POINT ( 'NONE',  ( 0.4422938222762261562, -0.3077031807963576671, 0.0000000000000000000 ) ) ;
#3132 = ORIENTED_EDGE ( 'NONE', *, *, #2700, .F. ) ;
#3133 = CYLINDRICAL_SURFACE ( 'NONE', #684, 0.01000000000000002623 ) ;
#3134 = CARTESIAN_POINT ( 'NONE',  ( 1.300000000000000266, -0.2999999999999999889, 0.3399999999999999689 ) ) ;
#3135 = ORIENTED_EDGE ( 'NONE', *, *, #304, .F. ) ;
#3136 = LINE ( 'NONE', #3102, #3001 ) ;
#3137 = FACE_OUTER_BOUND ( 'NONE', #2432, .T. ) ;
#3138 = VERTEX_POINT ( 'NONE', #559 ) ;
#3139 = CARTESIAN_POINT ( 'NONE',  ( 0.0000000000000000000, 0.0000000000000000000, 1.239999999999999991 ) ) ;
#3140 = EDGE_CURVE ( 'NONE', #2372, #1385, #996, .T. ) ;
#3141 = CARTESIAN_POINT ( 'NONE',  ( 0.0000000000000000000, -1.489999999999999991, 0.0000000000000000000 ) ) ;
#3142 = EDGE_CURVE ( 'NONE', #1921, #1540, #1769, .T. ) ;
#3143 = CARTESIAN_POINT ( 'NONE',  ( -1.299999999999999822, -1.050000000000000266, 0.3399999999999999689 ) ) ;
#3144 = FACE_OUTER_BOUND ( 'NONE', #3411, .T. ) ;
#3145 = VERTEX_POINT ( 'NONE', #2539 ) ;
#3146 = CARTESIAN_POINT ( 'NONE',  ( -1.545857864376268820, -0.3000000000000000444, -0.005857864376269027173 ) ) ;
#3147 = TOROIDAL_SURFACE ( 'NONE', #3094, 0.8399999999999999689, 0.01000000000000000021 ) ;
#3148 = FACE_OUTER_BOUND ( 'NONE', #973, .T. ) ;
#3149 = ORIENTED_EDGE ( 'NONE', *, *, #3142, .F. ) ;
#3150 = AXIS2_PLACEMENT_3D ( 'NONE', #502, #1893, #3258 ) ;
#3151 =( NAMED_UNIT ( * ) PLANE_ANGLE_UNIT ( ) SI_UNIT ( $, .RADIAN. ) );
#3152 = AXIS2_PLACEMENT_3D ( 'NONE', #100, #2907, #3179 ) ;
#3153 = CARTESIAN_POINT ( 'NONE',  ( 0.9000000000000000222, 1.489999999999999991, -0.01000000000000000021 ) ) ;
#3154 = ORIENTED_EDGE ( 'NONE', *, *, #578, .F. ) ;
#3155 = LINE ( 'NONE', #638, #1327 ) ;
#3156 = AXIS2_PLACEMENT_3D ( 'NONE', #1240, #3186, #3222 ) ;
#3157 = DIRECTION ( 'NONE',  ( 1.000000000000000000, 0.0000000000000000000, 0.0000000000000000000 ) ) ;
#3158 = ADVANCED_FACE ( 'NONE', ( #828 ), #1949, .T. ) ;
#3159 = CIRCLE ( 'NONE', #2988, 0.01000000000000000021 ) ;
#3160 = DIRECTION ( 'NONE',  ( 1.000000000000000000, 0.0000000000000000000, 0.0000000000000000000 ) ) ;
#3161 = CARTESIAN_POINT ( 'NONE',  ( -1.310000000000000053, -0.3099999999999999423, 0.0000000000000000000 ) ) ;
#3162 = ORIENTED_EDGE ( 'NONE', *, *, #2500, .T. ) ;
#3163 = DIRECTION ( 'NONE',  ( 0.0000000000000000000, 0.0000000000000000000, 1.000000000000000000 ) ) ;
#3164 = CIRCLE ( 'NONE', #758, 0.01000000000000002623 ) ;
#3165 = AXIS2_PLACEMENT_3D ( 'NONE', #476, #2765, #194 ) ;
#3166 = CARTESIAN_POINT ( 'NONE',  ( 0.0000000000000000000, 1.489999999999999991, 0.1400000000000000133 ) ) ;
#3167 = ORIENTED_EDGE ( 'NONE', *, *, #2316, .F. ) ;
#3168 = EDGE_CURVE ( 'NONE', #200, #2263, #831, .T. ) ;
#3169 = VECTOR ( 'NONE', #1584, 1000.000000000000000 ) ;
#3170 = DIRECTION ( 'NONE',  ( -0.0000000000000000000, -0.0000000000000000000, 1.000000000000000000 ) ) ;
#3171 = VERTEX_POINT ( 'NONE', #2519 ) ;
#3172 = VERTEX_POINT ( 'NONE', #277 ) ;
#3173 = CONICAL_SURFACE ( 'NONE', #2775, 1.000000000000000000, 0.7853981633974482790 ) ;
#3174 = CARTESIAN_POINT ( 'NONE',  ( 0.0000000000000000000, 0.0000000000000000000, 0.1400000000000000133 ) ) ;
#3175 = PLANE ( 'NONE',  #1866 ) ;
#3176 = DIRECTION ( 'NONE',  ( 0.0000000000000000000, 0.0000000000000000000, -1.000000000000000000 ) ) ;
#3177 = DIRECTION ( 'NONE',  ( 1.000000000000000000, 1.032573497605242717E-16, 0.0000000000000000000 ) ) ;
#3178 = ORIENTED_EDGE ( 'NONE', *, *, #487, .F. ) ;
#3179 = DIRECTION ( 'NONE',  ( 0.0000000000000000000, 0.0000000000000000000, -1.000000000000000000 ) ) ;
#3180 = FACE_OUTER_BOUND ( 'NONE', #884, .T. ) ;
#3181 = ORIENTED_EDGE ( 'NONE', *, *, #3629, .F. ) ;
#3182 = ADVANCED_FACE ( 'NONE', ( #1115 ), #1739, .T. ) ;
#3183 = UNCERTAINTY_MEASURE_WITH_UNIT (LENGTH_MEASURE( 1.000000000000000082E-05 ), #2612, 'distance_accuracy_value', 'NONE');
#3184 = ADVANCED_FACE ( 'NONE', ( #3121 ), #2828, .F. ) ;
#3185 = ORIENTED_EDGE ( 'NONE', *, *, #1716, .F. ) ;
#3186 = DIRECTION ( 'NONE',  ( -1.000000000000000000, -1.032573497605242347E-16, 0.0000000000000000000 ) ) ;
#3187 = FILL_AREA_STYLE_COLOUR ( '', #475 ) ;
#3188 = CARTESIAN_POINT ( 'NONE',  ( 0.0000000000000000000, 0.0000000000000000000, 1.000000000000000000 ) ) ;
#3189 = VERTEX_POINT ( 'NONE', #596 ) ;
#3190 = ORIENTED_EDGE ( 'NONE', *, *, #1048, .T. ) ;
#3191 = FACE_OUTER_BOUND ( 'NONE', #504, .T. ) ;
#3192 = CARTESIAN_POINT ( 'NONE',  ( -0.8900000000000013456, -8.577243853440896505E-16, 0.0000000000000000000 ) ) ;
#3193 = DIRECTION ( 'NONE',  ( -0.0000000000000000000, -1.000000000000000000, -0.0000000000000000000 ) ) ;
#3194 = CARTESIAN_POINT ( 'NONE',  ( 0.0000000000000000000, 0.0000000000000000000, 0.6500000000000000222 ) ) ;
#3195 = DIRECTION ( 'NONE',  ( 0.0000000000000000000, -1.000000000000000000, 0.0000000000000000000 ) ) ;
#3196 = ORIENTED_EDGE ( 'NONE', *, *, #3331, .F. ) ;
#3197 = LINE ( 'NONE', #2346, #3441 ) ;
#3198 = PRESENTATION_STYLE_ASSIGNMENT (( #104 ) ) ;
#3199 = ORIENTED_EDGE ( 'NONE', *, *, #2321, .T. ) ;
#3200 = AXIS2_PLACEMENT_3D ( 'NONE', #1203, #936, #390 ) ;
#3201 = EDGE_CURVE ( 'NONE', #669, #2018, #1119, .T. ) ;
#3202 = DIRECTION ( 'NONE',  ( 0.0000000000000000000, -1.000000000000000000, -0.0000000000000000000 ) ) ;
#3203 = SURFACE_SIDE_STYLE ('',( #127 ) ) ;
#3204 = CARTESIAN_POINT ( 'NONE',  ( -1.301323123944430726, -0.2973088985168282905, -0.008934323276884459028 ) ) ;
#3205 = DIRECTION ( 'NONE',  ( -1.000000000000000000, 0.0000000000000000000, 0.0000000000000000000 ) ) ;
#3206 = VECTOR ( 'NONE', #1411, 1000.000000000000000 ) ;
#3207 = EDGE_LOOP ( 'NONE', ( #2465, #1481, #2244, #595, #2664, #801 ) ) ;
#3208 = EDGE_CURVE ( 'NONE', #3138, #3609, #1428, .T. ) ;
#3209 = CIRCLE ( 'NONE', #3150, 0.8599999999999999867 ) ;
#3210 = DIRECTION ( 'NONE',  ( 0.0000000000000000000, -1.000000000000000000, 0.0000000000000000000 ) ) ;
#3211 = DIRECTION ( 'NONE',  ( -1.000000000000000000, 0.0000000000000000000, 0.0000000000000000000 ) ) ;
#3212 = AXIS2_PLACEMENT_3D ( 'NONE', #602, #1124, #318 ) ;
#3213 = CONICAL_SURFACE ( 'NONE', #1644, 1.000000000000000000, 0.7853981633974482790 ) ;
#3214 = DIRECTION ( 'NONE',  ( 0.0000000000000000000, 0.0000000000000000000, -1.000000000000000000 ) ) ;
#3215 = VERTEX_POINT ( 'NONE', #3070 ) ;
#3216 = CARTESIAN_POINT ( 'NONE',  ( 0.0000000000000000000, 0.0000000000000000000, 1.247071067811865497 ) ) ;
#3217 = AXIS2_PLACEMENT_3D ( 'NONE', #1633, #2756, #2735 ) ;
#3218 = CARTESIAN_POINT ( 'NONE',  ( -1.300000000000000044, -0.2943725653083156257, 0.1400000000000000133 ) ) ;
#3219 = ORIENTED_EDGE ( 'NONE', *, *, #3201, .T. ) ;
#3220 = VECTOR ( 'NONE', #1126, 1000.000000000000000 ) ;
#3221 = CIRCLE ( 'NONE', #528, 0.2500000000000002220 ) ;
#3222 = DIRECTION ( 'NONE',  ( 1.032573497605235938E-16, -1.000000000000000000, 0.0000000000000000000 ) ) ;
#3223 = DIRECTION ( 'NONE',  ( 0.0000000000000000000, 1.000000000000000000, 0.0000000000000000000 ) ) ;
#3224 = DIRECTION ( 'NONE',  ( 0.0000000000000000000, 0.0000000000000000000, -1.000000000000000000 ) ) ;
#3225 = MECHANICAL_DESIGN_GEOMETRIC_PRESENTATION_REPRESENTATION (  '', ( #3576 ), #704 ) ;
#3226 = ORIENTED_EDGE ( 'NONE', *, *, #2161, .F. ) ;
#3227 = EDGE_CURVE ( 'NONE', #2972, #3189, #1415, .T. ) ;
#3228 = CYLINDRICAL_SURFACE ( 'NONE', #915, 0.01000000000000002623 ) ;
#3229 = DIRECTION ( 'NONE',  ( 0.0000000000000000000, 0.0000000000000000000, 1.000000000000000000 ) ) ;
#3230 = EDGE_CURVE ( 'NONE', #3027, #2877, #2860, .T. ) ;
#3231 = ADVANCED_FACE ( 'NONE', ( #1166 ), #1724, .T. ) ;
#3232 = CIRCLE ( 'NONE', #1000, 0.01000000000000002623 ) ;
#3233 = DIRECTION ( 'NONE',  ( 1.000000000000000000, 0.0000000000000000000, -0.0000000000000000000 ) ) ;
#3234 = DIRECTION ( 'NONE',  ( 0.0000000000000000000, -0.0000000000000000000, 1.000000000000000000 ) ) ;
#3235 = ORIENTED_EDGE ( 'NONE', *, *, #1870, .F. ) ;
#3236 = DIRECTION ( 'NONE',  ( -1.000000000000000000, 0.0000000000000000000, 0.0000000000000000000 ) ) ;
#3237 = EDGE_CURVE ( 'NONE', #105, #1734, #2189, .T. ) ;
#3238 = VERTEX_POINT ( 'NONE', #54 ) ;
#3239 = ORIENTED_EDGE ( 'NONE', *, *, #1212, .F. ) ;
#3240 = DIRECTION ( 'NONE',  ( 0.0000000000000000000, 0.0000000000000000000, -1.000000000000000000 ) ) ;
#3241 = FACE_OUTER_BOUND ( 'NONE', #51, .T. ) ;
#3242 = CARTESIAN_POINT ( 'NONE',  ( 0.0000000000000000000, 0.0000000000000000000, 1.239999999999999991 ) ) ;
#3243 = DIRECTION ( 'NONE',  ( 0.0000000000000000000, 0.0000000000000000000, -1.000000000000000000 ) ) ;
#3244 = VERTEX_POINT ( 'NONE', #2317 ) ;
#3245 = ORIENTED_EDGE ( 'NONE', *, *, #91, .T. ) ;
#3246 =( NAMED_UNIT ( * ) PLANE_ANGLE_UNIT ( ) SI_UNIT ( $, .RADIAN. ) );
#3247 = FACE_OUTER_BOUND ( 'NONE', #966, .T. ) ;
#3248 = EDGE_CURVE ( 'NONE', #2983, #721, #142, .T. ) ;
#3249 = EDGE_CURVE ( 'NONE', #498, #2838, #294, .T. ) ;
#3250 = LINE ( 'NONE', #431, #101 ) ;
#3251 = FILL_AREA_STYLE ('',( #418 ) ) ;
#3252 = DIRECTION ( 'NONE',  ( -1.000000000000000000, 0.0000000000000000000, 0.0000000000000000000 ) ) ;
#3253 = CYLINDRICAL_SURFACE ( 'NONE', #977, 0.01000000000000000021 ) ;
#3254 = CARTESIAN_POINT ( 'NONE',  ( 0.0000000000000000000, 0.0000000000000000000, -0.01000000000000000021 ) ) ;
#3255 = VERTEX_POINT ( 'NONE', #67 ) ;
#3256 = CARTESIAN_POINT ( 'NONE',  ( 1.540000000000000036, 0.2999999999999999889, 0.4799999999999999822 ) ) ;
#3257 = CARTESIAN_POINT ( 'NONE',  ( -1.302205350898024694, -0.3000175784486743824, -0.006886609903591310415 ) ) ;
#3258 = DIRECTION ( 'NONE',  ( 1.000000000000000000, 0.0000000000000000000, 0.0000000000000000000 ) ) ;
#3259 = VERTEX_POINT ( 'NONE', #3460 ) ;
#3260 = EDGE_LOOP ( 'NONE', ( #2554, #397, #549, #806 ) ) ;
#3261 = VECTOR ( 'NONE', #1449, 1000.000000000000000 ) ;
#3262 = CARTESIAN_POINT ( 'NONE',  ( -0.9100000000000002531, 1.300000000000000044, 0.1300000000000000044 ) ) ;
#3263 = DIRECTION ( 'NONE',  ( 0.0000000000000000000, 0.0000000000000000000, -1.000000000000000000 ) ) ;
#3264 = CARTESIAN_POINT ( 'NONE',  ( 0.2500000000000000000, 3.061616997868383018E-17, 1.250000000000000000 ) ) ;
#3265 = ORIENTED_EDGE ( 'NONE', *, *, #1054, .T. ) ;
#3266 = CIRCLE ( 'NONE', #3560, 0.01000000000000002623 ) ;
#3267 = CIRCLE ( 'NONE', #1382, 0.01000000000000002623 ) ;
#3268 = DIRECTION ( 'NONE',  ( -0.0000000000000000000, -1.000000000000000000, -0.0000000000000000000 ) ) ;
#3269 = DIRECTION ( 'NONE',  ( 1.000000000000000000, 0.0000000000000000000, 0.0000000000000000000 ) ) ;
#3270 = AXIS2_PLACEMENT_3D ( 'NONE', #2396, #2066, #1881 ) ;
#3271 = FACE_OUTER_BOUND ( 'NONE', #711, .T. ) ;
#3272 = EDGE_CURVE ( 'NONE', #1659, #3172, #950, .T. ) ;
#3273 = CIRCLE ( 'NONE', #2463, 0.01000000000000002623 ) ;
#3274 = DIRECTION ( 'NONE',  ( 0.0000000000000000000, 0.0000000000000000000, -1.000000000000000000 ) ) ;
#3275 = ORIENTED_EDGE ( 'NONE', *, *, #2749, .T. ) ;
#3277 = VERTEX_POINT ( 'NONE', #3481 ) ;
#3276 = AXIS2_PLACEMENT_3D ( 'NONE', #3511, #1253, #648 ) ;
#3278 = EDGE_CURVE ( 'NONE', #1539, #2521, #1581, .T. ) ;
#3279 = CARTESIAN_POINT ( 'NONE',  ( 0.0000000000000000000, 0.0000000000000000000, 0.4999999999999998890 ) ) ;
#3280 = MANIFOLD_SOLID_BREP ( 'Fillet4', #499 ) ;
#3281 = DIRECTION ( 'NONE',  ( 0.0000000000000000000, 0.0000000000000000000, 1.000000000000000000 ) ) ;
#3282 = CARTESIAN_POINT ( 'NONE',  ( 0.9000000000000002442, 1.310000000000000053, 0.1400000000000000133 ) ) ;
#3283 = ORIENTED_EDGE ( 'NONE', *, *, #1200, .T. ) ;
#3284 = ORIENTED_EDGE ( 'NONE', *, *, #2450, .F. ) ;
#3285 = EDGE_CURVE ( 'NONE', #1441, #486, #2661, .T. ) ;
#3286 = STYLED_ITEM ( 'NONE', ( #2236 ), #2654 ) ;
#3287 = DIRECTION ( 'NONE',  ( -0.0000000000000000000, 0.0000000000000000000, -1.000000000000000000 ) ) ;
#3288 = VECTOR ( 'NONE', #442, 1000.000000000000000 ) ;
#3289 = FACE_OUTER_BOUND ( 'NONE', #2506, .T. ) ;
#3290 = FACE_OUTER_BOUND ( 'NONE', #982, .T. ) ;
#3291 = ORIENTED_EDGE ( 'NONE', *, *, #324, .F. ) ;
#3292 = AXIS2_PLACEMENT_3D ( 'NONE', #2468, #2490, #3575 ) ;
#3293 = CYLINDRICAL_SURFACE ( 'NONE', #1169, 0.01000000000000000021 ) ;
#3294 = PRODUCT_CONTEXT ( 'NONE', #3473, 'mechanical' ) ;
#3295 = FILL_AREA_STYLE ('',( #2436 ) ) ;
#3296 = CIRCLE ( 'NONE', #1892, 0.8399999999999999689 ) ;
#3297 = FACE_OUTER_BOUND ( 'NONE', #3395, .T. ) ;
#3298 = CIRCLE ( 'NONE', #2250, 1.000000000000000000 ) ;
#3299 = DIRECTION ( 'NONE',  ( 0.0000000000000000000, 0.0000000000000000000, -1.000000000000000000 ) ) ;
#3300 = VERTEX_POINT ( 'NONE', #2332 ) ;
#3301 = CYLINDRICAL_SURFACE ( 'NONE', #3624, 0.01000000000000002623 ) ;
#3302 = PRODUCT_DEFINITION ( 'UNKNOWN', '', #2542, #3369 ) ;
#3303 = EDGE_CURVE ( 'NONE', #1380, #3145, #3465, .T. ) ;
#3304 = LINE ( 'NONE', #2247, #2415 ) ;
#3305 = CARTESIAN_POINT ( 'NONE',  ( 0.9000000000000003553, -1.050000000000000044, 0.1300000000000000044 ) ) ;
#3306 = VERTEX_POINT ( 'NONE', #3497 ) ;
#3307 = ORIENTED_EDGE ( 'NONE', *, *, #2410, .F. ) ;
#3308 = CARTESIAN_POINT ( 'NONE',  ( -1.310000000000000053, -0.2999999999999999889, 0.0000000000000000000 ) ) ;
#3309 = CARTESIAN_POINT ( 'NONE',  ( -1.539999999999999591, 0.2999999999999999889, 0.1300000000000000044 ) ) ;
#3310 = ORIENTED_EDGE ( 'NONE', *, *, #555, .F. ) ;
#3311 = CARTESIAN_POINT ( 'NONE',  ( -0.9899999999999999911, 0.0000000000000000000, 0.4948538210470819765 ) ) ;
#3312 = DIRECTION ( 'NONE',  ( -0.0000000000000000000, -0.0000000000000000000, -1.000000000000000000 ) ) ;
#3313 = DIRECTION ( 'NONE',  ( -1.000000000000000000, 0.0000000000000000000, 0.0000000000000000000 ) ) ;
#3314 = DIRECTION ( 'NONE',  ( -1.000000000000000000, 0.0000000000000000000, 0.0000000000000000000 ) ) ;
#3315 = EDGE_LOOP ( 'NONE', ( #1091, #1653, #3353, #3559 ) ) ;
#3316 = VERTEX_POINT ( 'NONE', #363 ) ;
#3317 = DIRECTION ( 'NONE',  ( 1.000000000000000000, 0.0000000000000000000, 0.0000000000000000000 ) ) ;
#3318 =( NAMED_UNIT ( * ) SI_UNIT ( $, .STERADIAN. ) SOLID_ANGLE_UNIT ( ) );
#3319 = VERTEX_POINT ( 'NONE', #3421 ) ;
#3320 = ADVANCED_FACE ( 'NONE', ( #2643 ), #1495, .F. ) ;
#3321 = CARTESIAN_POINT ( 'NONE',  ( 1.540000000000000036, -0.2999999999999999889, 0.3399999999999999689 ) ) ;
#3322 = VECTOR ( 'NONE', #515, 1000.000000000000000 ) ;
#3323 = CARTESIAN_POINT ( 'NONE',  ( -0.9000000000000002442, 1.310000000000000053, 0.1300000000000000044 ) ) ;
#3324 = VERTEX_POINT ( 'NONE', #108 ) ;
#3325 = EDGE_CURVE ( 'NONE', #2719, #2270, #3298, .T. ) ;
#3326 = AXIS2_PLACEMENT_3D ( 'NONE', #1433, #1969, #887 ) ;
#3327 = DIRECTION ( 'NONE',  ( 0.0000000000000000000, 0.0000000000000000000, 1.000000000000000000 ) ) ;
#3328 = DIRECTION ( 'NONE',  ( 0.0000000000000000000, 0.0000000000000000000, 1.000000000000000000 ) ) ;
#3329 = CARTESIAN_POINT ( 'NONE',  ( -1.050000000000000044, 1.050000000000000044, 0.3499999999999999778 ) ) ;
#3330 = CIRCLE ( 'NONE', #809, 0.9958123819371909047 ) ;
#3331 = EDGE_CURVE ( 'NONE', #3069, #3300, #2745, .T. ) ;
#3332 = CIRCLE ( 'NONE', #264, 1.000000000000000000 ) ;
#3333 = DIRECTION ( 'NONE',  ( -9.637352644315598694E-16, 1.000000000000000000, 0.0000000000000000000 ) ) ;
#3334 = DIRECTION ( 'NONE',  ( -1.000000000000000000, 1.224646799147355426E-16, 0.0000000000000000000 ) ) ;
#3335 = ORIENTED_EDGE ( 'NONE', *, *, #2161, .T. ) ;
#3336 = AXIS2_PLACEMENT_3D ( 'NONE', #3075, #2181, #3020 ) ;
#3337 = DIRECTION ( 'NONE',  ( -5.421010862427507971E-15, -1.000000000000000000, 0.0000000000000000000 ) ) ;
#3338 = CARTESIAN_POINT ( 'NONE',  ( -0.9000000000000003553, 1.050000000000000044, -0.01000000000000000021 ) ) ;
#3339 = ORIENTED_EDGE ( 'NONE', *, *, #1076, .T. ) ;
#3340 = APPLICATION_CONTEXT ( 'automotive_design' ) ;
#3341 = AXIS2_PLACEMENT_3D ( 'NONE', #1440, #2569, #31 ) ;
#3342 = FACE_OUTER_BOUND ( 'NONE', #2479, .T. ) ;
#3343 = CARTESIAN_POINT ( 'NONE',  ( 0.4403442940306823705, -0.3012160964156608833, -0.005209725815661794303 ) ) ;
#3344 = EDGE_CURVE ( 'NONE', #3171, #2048, #2597, .T. ) ;
#3345 = AXIS2_PLACEMENT_3D ( 'NONE', #1629, #2203, #3313 ) ;
#3346 = ORIENTED_EDGE ( 'NONE', *, *, #2084, .T. ) ;
#3347 = EDGE_CURVE ( 'NONE', #3567, #88, #2221, .T. ) ;
#3348 = EDGE_CURVE ( 'NONE', #1088, #842, #164, .T. ) ;
#3349 = CARTESIAN_POINT ( 'NONE',  ( 1.290000000000000036, 0.2999999999999999334, 0.3399999999999999689 ) ) ;
#3350 = AXIS2_PLACEMENT_3D ( 'NONE', #1370, #3606, #1094 ) ;
#3351 = CARTESIAN_POINT ( 'NONE',  ( -1.302219166189677813, -0.3032076640756369845, -0.002586774968253315651 ) ) ;
#3352 = ORIENTED_EDGE ( 'NONE', *, *, #2004, .T. ) ;
#3353 = ORIENTED_EDGE ( 'NONE', *, *, #438, .T. ) ;
#3354 = VECTOR ( 'NONE', #700, 1000.000000000000000 ) ;
#3355 = DIRECTION ( 'NONE',  ( 0.0000000000000000000, -0.0000000000000000000, 1.000000000000000000 ) ) ;
#3356 = PRESENTATION_STYLE_ASSIGNMENT (( #1367 ) ) ;
#3357 = EDGE_LOOP ( 'NONE', ( #3431, #2511, #1404, #1157 ) ) ;
#3358 = DIRECTION ( 'NONE',  ( 1.000000000000000000, 0.0000000000000000000, 0.0000000000000000000 ) ) ;
#3359 = CARTESIAN_POINT ( 'NONE',  ( 0.4401721134806136360, -0.3012788642225553981, -0.005105450266240701453 ) ) ;
#3360 = ORIENTED_EDGE ( 'NONE', *, *, #984, .F. ) ;
#3361 = CARTESIAN_POINT ( 'NONE',  ( 0.4499999999999999001, 1.050000000000000044, 0.0000000000000000000 ) ) ;
#3362 = CARTESIAN_POINT ( 'NONE',  ( -1.300000000000000266, 1.050000000000000044, 0.3399999999999999689 ) ) ;
#3363 = DIRECTION ( 'NONE',  ( 1.000000000000000000, 0.0000000000000000000, 0.0000000000000000000 ) ) ;
#3364 = ADVANCED_FACE ( 'NONE', ( #1291 ), #52, .F. ) ;
#3365 = CARTESIAN_POINT ( 'NONE',  ( 0.9539392014169456591, -0.2999999999999998779, 0.4799999999999999822 ) ) ;
#3366 = CARTESIAN_POINT ( 'NONE',  ( -1.300000000000000266, 1.050000000000000044, 0.1400000000000000133 ) ) ;
#3367 = EDGE_LOOP ( 'NONE', ( #45, #3084, #1570, #2407 ) ) ;
#3368 = CARTESIAN_POINT ( 'NONE',  ( -0.8899999999999999023, -1.500000000000000000, -0.01000000000000000021 ) ) ;
#3369 = PRODUCT_DEFINITION_CONTEXT ( 'detailed design', #3340, 'design' ) ;
#3370 = DIRECTION ( 'NONE',  ( 0.0000000000000000000, -1.000000000000000000, -0.0000000000000000000 ) ) ;
#3371 = VERTEX_POINT ( 'NONE', #1400 ) ;
#3372 = ORIENTED_EDGE ( 'NONE', *, *, #2258, .F. ) ;
#3373 = DIRECTION ( 'NONE',  ( 0.0000000000000000000, 0.0000000000000000000, 1.000000000000000000 ) ) ;
#3374 = FILL_AREA_STYLE_COLOUR ( '', #1151 ) ;
#3375 = ORIENTED_EDGE ( 'NONE', *, *, #1778, .T. ) ;
#3376 = FACE_OUTER_BOUND ( 'NONE', #470, .T. ) ;
#3377 = DIRECTION ( 'NONE',  ( 0.0000000000000000000, 0.0000000000000000000, -1.000000000000000000 ) ) ;
#3378 = VECTOR ( 'NONE', #228, 1000.000000000000000 ) ;
#3379 = CARTESIAN_POINT ( 'NONE',  ( 1.050000000000000044, 1.050000000000000044, 0.3399999999999999689 ) ) ;
#3380 = LINE ( 'NONE', #2583, #1471 ) ;
#3381 = ORIENTED_EDGE ( 'NONE', *, *, #3541, .F. ) ;
#3382 = AXIS2_PLACEMENT_3D ( 'NONE', #1064, #3263, #429 ) ;
#3383 = CARTESIAN_POINT ( 'NONE',  ( -1.550000000000000266, -0.2900000000000000355, -0.01000000000000000021 ) ) ;
#3384 = EDGE_CURVE ( 'NONE', #1308, #315, #2009, .T. ) ;
#3385 = AXIS2_PLACEMENT_3D ( 'NONE', #1423, #1455, #2566 ) ;
#3386 = CARTESIAN_POINT ( 'NONE',  ( 1.550000000000000044, -0.2958578643762689864, 0.3441421356237309159 ) ) ;
#3387 = ORIENTED_EDGE ( 'NONE', *, *, #1275, .F. ) ;
#3388 = EDGE_CURVE ( 'NONE', #3189, #876, #520, .T. ) ;
#3390 = VERTEX_POINT ( 'NONE', #3534 ) ;
#3389 = AXIS2_PLACEMENT_3D ( 'NONE', #3329, #3613, #834 ) ;
#3391 = AXIS2_PLACEMENT_3D ( 'NONE', #2198, #3594, #1898 ) ;
#3392 = CARTESIAN_POINT ( 'NONE',  ( 1.550000000000000266, 0.2999999999999999889, 0.3399999999999999689 ) ) ;
#3393 = CARTESIAN_POINT ( 'NONE',  ( 0.8599999999999999867, 0.0000000000000000000, 1.239999999999999991 ) ) ;
#3394 = ADVANCED_FACE ( 'NONE', ( #2497 ), #1972, .T. ) ;
#3395 = EDGE_LOOP ( 'NONE', ( #3375, #2937, #2738 ) ) ;
#3396 = VECTOR ( 'NONE', #84, 1000.000000000000000 ) ;
#3397 = AXIS2_PLACEMENT_3D ( 'NONE', #2496, #3598, #1013 ) ;
#3398 = CARTESIAN_POINT ( 'NONE',  ( -1.300000000000000266, 1.050000000000000044, 0.3499999999999999778 ) ) ;
#3399 = AXIS2_PLACEMENT_3D ( 'NONE', #3311, #1284, #177 ) ;
#3400 = CARTESIAN_POINT ( 'NONE',  ( 0.9539392014169456591, -0.2999999999999999889, 0.4810814739639322490 ) ) ;
#3401 = CARTESIAN_POINT ( 'NONE',  ( 0.4491064244001662931, -0.2976794919243110904, 0.0000000000000000000 ) ) ;
#3402 = ORIENTED_EDGE ( 'NONE', *, *, #3278, .F. ) ;
#3403 = AXIS2_PLACEMENT_3D ( 'NONE', #1674, #1350, #2804 ) ;
#3404 = CARTESIAN_POINT ( 'NONE',  ( 0.0000000000000000000, 0.0000000000000000000, 0.4899999999999999911 ) ) ;
#3405 = DIRECTION ( 'NONE',  ( 0.0000000000000000000, 0.0000000000000000000, 1.000000000000000000 ) ) ;
#3406 = AXIS2_PLACEMENT_3D ( 'NONE', #911, #1196, #3440 ) ;
#3407 = EDGE_CURVE ( 'NONE', #894, #2440, #3296, .T. ) ;
#3408 = EDGE_CURVE ( 'NONE', #771, #3069, #777, .T. ) ;
#3409 = DIRECTION ( 'NONE',  ( -0.0000000000000000000, -0.0000000000000000000, 1.000000000000000000 ) ) ;
#3410 =( LENGTH_UNIT ( ) NAMED_UNIT ( * ) SI_UNIT ( .MILLI., .METRE. ) );
#3411 = EDGE_LOOP ( 'NONE', ( #3119, #942, #3079 ) ) ;
#3412 = EDGE_CURVE ( 'NONE', #471, #3502, #2303, .T. ) ;
#3413 = CARTESIAN_POINT ( 'NONE',  ( 1.000000000000000000, 1.224646799147353207E-16, 1.179999999999999938 ) ) ;
#3414 = LINE ( 'NONE', #1121, #3434 ) ;
#3415 = CARTESIAN_POINT ( 'NONE',  ( 0.9564897208673285300, -0.2917673846095899526, 0.4898820387866018033 ) ) ;
#3416 = CARTESIAN_POINT ( 'NONE',  ( 0.4483366811617666703, -0.2998644005134664670, 0.0000000000000000000 ) ) ;
#3417 = ORIENTED_EDGE ( 'NONE', *, *, #3208, .T. ) ;
#3418 = CARTESIAN_POINT ( 'NONE',  ( -1.050000000000000044, 1.300000000000000044, 0.0000000000000000000 ) ) ;
#3419 = CARTESIAN_POINT ( 'NONE',  ( 0.8899999999999999023, 1.489999999999999991, 0.1400000000000000133 ) ) ;
#3420 = VERTEX_POINT ( 'NONE', #1107 ) ;
#3421 = CARTESIAN_POINT ( 'NONE',  ( 0.8599999999999999867, 0.0000000000000000000, 1.250000000000000000 ) ) ;
#3422 = DIRECTION ( 'NONE',  ( -1.000000000000000000, 0.0000000000000000000, 0.0000000000000000000 ) ) ;
#3423 = ORIENTED_EDGE ( 'NONE', *, *, #1837, .T. ) ;
#3424 = EDGE_LOOP ( 'NONE', ( #1839, #2987, #300, #1260 ) ) ;
#3425 = EDGE_CURVE ( 'NONE', #1743, #3277, #3003, .T. ) ;
#3426 = CARTESIAN_POINT ( 'NONE',  ( 0.0000000000000000000, 0.0000000000000000000, 1.175857864376268935 ) ) ;
#3427 =( NAMED_UNIT ( * ) SI_UNIT ( $, .STERADIAN. ) SOLID_ANGLE_UNIT ( ) );
#3428 = ADVANCED_FACE ( 'NONE', ( #541 ), #799, .F. ) ;
#3429 = LINE ( 'NONE', #3451, #2587 ) ;
#3430 = DIRECTION ( 'NONE',  ( -0.0000000000000000000, -0.0000000000000000000, -1.000000000000000000 ) ) ;
#3431 = ORIENTED_EDGE ( 'NONE', *, *, #895, .T. ) ;
#3432 = DIRECTION ( 'NONE',  ( -0.0000000000000000000, 0.0000000000000000000, 1.000000000000000000 ) ) ;
#3433 = EDGE_CURVE ( 'NONE', #2589, #3502, #3118, .T. ) ;
#3434 = VECTOR ( 'NONE', #3089, 1000.000000000000000 ) ;
#3435 = AXIS2_PLACEMENT_3D ( 'NONE', #2935, #1538, #407 ) ;
#3436 = CARTESIAN_POINT ( 'NONE',  ( -1.300000000000000044, -0.3077031807963545029, 0.1322938222762231886 ) ) ;
#3437 = ORIENTED_EDGE ( 'NONE', *, *, #2382, .T. ) ;
#3438 = UNCERTAINTY_MEASURE_WITH_UNIT (LENGTH_MEASURE( 1.000000000000000082E-05 ), #2928, 'distance_accuracy_value', 'NONE');
#3439 = CIRCLE ( 'NONE', #2755, 0.9329289321881342190 ) ;
#3440 = DIRECTION ( 'NONE',  ( -1.000000000000000000, 0.0000000000000000000, 0.0000000000000000000 ) ) ;
#3441 = VECTOR ( 'NONE', #678, 1000.000000000000000 ) ;
#3442 = CARTESIAN_POINT ( 'NONE',  ( 0.9000000000000003553, -1.050000000000000044, -0.01000000000000000021 ) ) ;
#3443 = EDGE_LOOP ( 'NONE', ( #3032, #2366, #1981, #3011 ) ) ;
#3444 = CIRCLE ( 'NONE', #3101, 0.2400000000000001854 ) ;
#3445 = FILL_AREA_STYLE_COLOUR ( '', #2594 ) ;
#3446 = VECTOR ( 'NONE', #3638, 1000.000000000000000 ) ;
#3447 = LINE ( 'NONE', #1264, #89 ) ;
#3448 = AXIS2_PLACEMENT_3D ( 'NONE', #2184, #2982, #2753 ) ;
#3449 = ADVANCED_FACE ( 'NONE', ( #234 ), #3173, .T. ) ;
#3450 = EDGE_CURVE ( 'NONE', #3244, #2973, #1127, .T. ) ;
#3451 = CARTESIAN_POINT ( 'NONE',  ( -1.300000000000000266, 1.050000000000000044, 0.3499999999999999778 ) ) ;
#3452 = CARTESIAN_POINT ( 'NONE',  ( -1.550000000000000266, -0.2900000000000000355, -0.01000000000000000021 ) ) ;
#3453 = ORIENTED_EDGE ( 'NONE', *, *, #1500, .F. ) ;
#3454 = CARTESIAN_POINT ( 'NONE',  ( 1.300000000000000266, 1.050000000000000044, 0.3499999999999999778 ) ) ;
#3455 = VECTOR ( 'NONE', #1968, 1000.000000000000000 ) ;
#3456 = LINE ( 'NONE', #2908, #1695 ) ;
#3457 = ORIENTED_EDGE ( 'NONE', *, *, #2831, .F. ) ;
#3458 = VECTOR ( 'NONE', #2777, 1000.000000000000000 ) ;
#3459 = CARTESIAN_POINT ( 'NONE',  ( -0.9000000000000002442, -1.300000000000000266, 0.3499999999999999778 ) ) ;
#3460 = CARTESIAN_POINT ( 'NONE',  ( 1.540000000000000036, 0.2999999999999999889, 0.3399999999999999689 ) ) ;
#3461 = AXIS2_PLACEMENT_3D ( 'NONE', #857, #2555, #17 ) ;
#3462 = FACE_OUTER_BOUND ( 'NONE', #3123, .T. ) ;
#3463 = EDGE_LOOP ( 'NONE', ( #1899, #3132, #3235, #365, #2819 ) ) ;
#3464 = ORIENTED_EDGE ( 'NONE', *, *, #1205, .T. ) ;
#3465 = CIRCLE ( 'NONE', #1239, 0.9258578643762689353 ) ;
#3466 = DIRECTION ( 'NONE',  ( 9.637352644315598694E-16, 1.000000000000000000, -0.0000000000000000000 ) ) ;
#3467 = CARTESIAN_POINT ( 'NONE',  ( -0.8899999999999999023, 1.500000000000000000, -0.01000000000000000021 ) ) ;
#3468 = CARTESIAN_POINT ( 'NONE',  ( 0.2500000000000000000, 3.061616997868383018E-17, 0.3600000000000000977 ) ) ;
#3469 = LINE ( 'NONE', #2668, #2931 ) ;
#3470 = SURFACE_STYLE_FILL_AREA ( #3251 ) ;
#3471 = EDGE_LOOP ( 'NONE', ( #2204, #1053, #3239, #542 ) ) ;
#3472 = FACE_OUTER_BOUND ( 'NONE', #1198, .T. ) ;
#3473 = APPLICATION_CONTEXT ( 'automotive_design' ) ;
#3474 = ADVANCED_FACE ( 'NONE', ( #3241 ), #2291, .T. ) ;
#3475 = EDGE_CURVE ( 'NONE', #3482, #419, #2882, .T. ) ;
#3476 = DIRECTION ( 'NONE',  ( -0.0000000000000000000, -0.0000000000000000000, 1.000000000000000000 ) ) ;
#3477 = ORIENTED_EDGE ( 'NONE', *, *, #2742, .T. ) ;
#3478 = ORIENTED_EDGE ( 'NONE', *, *, #1826, .T. ) ;
#3479 = EDGE_CURVE ( 'NONE', #1917, #1540, #2905, .T. ) ;
#3480 = DIRECTION ( 'NONE',  ( -1.000000000000000000, 0.0000000000000000000, 0.0000000000000000000 ) ) ;
#3481 = CARTESIAN_POINT ( 'NONE',  ( -1.290000000000000036, 1.050000000000000044, 0.3499999999999999778 ) ) ;
#3482 = VERTEX_POINT ( 'NONE', #1156 ) ;
#3483 = CARTESIAN_POINT ( 'NONE',  ( 0.0000000000000000000, 0.0000000000000000000, 1.182928932188134441 ) ) ;
#3484 = DIRECTION ( 'NONE',  ( 1.000000000000000000, 0.0000000000000000000, 0.0000000000000000000 ) ) ;
#3485 = LINE ( 'NONE', #1524, #2634 ) ;
#3486 = DIRECTION ( 'NONE',  ( -1.000000000000000000, 0.0000000000000000000, 0.0000000000000000000 ) ) ;
#3487 = FACE_OUTER_BOUND ( 'NONE', #2297, .T. ) ;
#3488 = ORIENTED_EDGE ( 'NONE', *, *, #3012, .F. ) ;
#3489 = LINE ( 'NONE', #1548, #1451 ) ;
#3490 = CARTESIAN_POINT ( 'NONE',  ( 1.550000000000000266, 0.2899999999999999800, 0.3499999999999999778 ) ) ;
#3491 = ADVANCED_FACE ( 'NONE', ( #321 ), #3637, .T. ) ;
#3492 = ORIENTED_EDGE ( 'NONE', *, *, #987, .T. ) ;
#3493 = B_SPLINE_CURVE_WITH_KNOTS ( 'NONE', 3,
 ( #2505, #2, #548, #278, #1663, #2007, #597, #2844, #1117, #1429, #36, #3053, #2781, #3343, #3359, #1952 ),
 .UNSPECIFIED., .F., .F.,
 ( 4, 3, 3, 3, 3, 4 ),
 ( 3.388131789017201356E-21, 3.003241378616670334E-06, 6.660419858604208547E-06, 1.277780600408823632E-05, 1.383244825666441480E-05, 1.446493901207808781E-05 ),
 .UNSPECIFIED. ) ;
#3494 = VECTOR ( 'NONE', #1068, 1000.000000000000000 ) ;
#3495 = DIRECTION ( 'NONE',  ( 0.0000000000000000000, 0.0000000000000000000, -1.000000000000000000 ) ) ;
#3496 = EDGE_CURVE ( 'NONE', #2973, #1921, #1421, .T. ) ;
#3497 = CARTESIAN_POINT ( 'NONE',  ( 0.9539392014169456591, -0.2999999999999998779, 0.4799999999999999822 ) ) ;
#3498 = EDGE_CURVE ( 'NONE', #3067, #427, #3232, .T. ) ;
#3499 = CARTESIAN_POINT ( 'NONE',  ( -1.300000000000000044, -0.2926794919243111970, -0.01000000000000000021 ) ) ;
#3500 = DIRECTION ( 'NONE',  ( 1.000000000000000000, 0.0000000000000000000, 0.0000000000000000000 ) ) ;
#3501 = VERTEX_POINT ( 'NONE', #307 ) ;
#3502 = VERTEX_POINT ( 'NONE', #2564 ) ;
#3503 = DIRECTION ( 'NONE',  ( 0.0000000000000000000, 0.0000000000000000000, 1.000000000000000000 ) ) ;
#3504 = EDGE_CURVE ( 'NONE', #2263, #683, #3380, .T. ) ;
#3505 = DIRECTION ( 'NONE',  ( 2.065146995210484695E-16, -1.000000000000000000, 0.0000000000000000000 ) ) ;
#3506 = AXIS2_PLACEMENT_3D ( 'NONE', #2375, #3505, #969 ) ;
#3507 = DIRECTION ( 'NONE',  ( -1.000000000000000000, 0.0000000000000000000, 0.0000000000000000000 ) ) ;
#3508 = PRESENTATION_STYLE_ASSIGNMENT (( #1231 ) ) ;
#3509 = EDGE_LOOP ( 'NONE', ( #3352, #1962, #2378 ) ) ;
#3510 = DIRECTION ( 'NONE',  ( -0.0000000000000000000, -0.0000000000000000000, -1.000000000000000000 ) ) ;
#3511 = CARTESIAN_POINT ( 'NONE',  ( 0.0000000000000000000, 0.0000000000000000000, -0.01000000000000000021 ) ) ;
#3512 = EDGE_LOOP ( 'NONE', ( #1752, #745, #2571, #3387 ) ) ;
#3513 = CIRCLE ( 'NONE', #1110, 1.000000000000000000 ) ;
#3514 = AXIS2_PLACEMENT_3D ( 'NONE', #339, #2635, #117 ) ;
#3515 = CARTESIAN_POINT ( 'NONE',  ( 0.0000000000000000000, 0.0000000000000000000, 0.4948538210470819765 ) ) ;
#3516 = DIRECTION ( 'NONE',  ( 1.000000000000000000, 0.0000000000000000000, 0.0000000000000000000 ) ) ;
#3517 = CARTESIAN_POINT ( 'NONE',  ( 0.9000000000000000222, 1.500000000000000000, -0.01000000000000000021 ) ) ;
#3518 = TOROIDAL_SURFACE ( 'NONE', #286, 0.02000000000000000042, 0.01000000000000000021 ) ;
#3519 = VERTEX_POINT ( 'NONE', #605 ) ;
#3520 = EDGE_LOOP ( 'NONE', ( #855, #1904, #1466, #706 ) ) ;
#3521 = EDGE_CURVE ( 'NONE', #2145, #1659, #340, .T. ) ;
#3522 = EDGE_CURVE ( 'NONE', #2763, #2916, #230, .T. ) ;
#3523 = CIRCLE ( 'NONE', #772, 0.02000000000000000042 ) ;
#3524 = FILL_AREA_STYLE_COLOUR ( '', #1594 ) ;
#3525 = PRESENTATION_STYLE_ASSIGNMENT (( #1897 ) ) ;
#3526 = CARTESIAN_POINT ( 'NONE',  ( 0.0000000000000000000, 0.0000000000000000000, 0.3600000000000000977 ) ) ;
#3527 = VECTOR ( 'NONE', #2047, 1000.000000000000000 ) ;
#3528 = CARTESIAN_POINT ( 'NONE',  ( 0.0000000000000000000, 0.2899999999999999800, 0.4799999999999999822 ) ) ;
#3529 = DIRECTION ( 'NONE',  ( 1.032573497605242347E-16, -1.000000000000000000, 0.0000000000000000000 ) ) ;
#3530 = DIRECTION ( 'NONE',  ( -1.032573497605242717E-16, 1.000000000000000000, 0.0000000000000000000 ) ) ;
#3531 = CARTESIAN_POINT ( 'NONE',  ( -1.300615218495694947, -0.3063852749004055132, -0.0006331017774925698461 ) ) ;
#3532 = VERTEX_POINT ( 'NONE', #10 ) ;
#3533 = LINE ( 'NONE', #3459, #2986 ) ;
#3534 = CARTESIAN_POINT ( 'NONE',  ( 1.550000000000000266, -0.2899999999999999800, 0.3499999999999999778 ) ) ;
#3535 = FACE_OUTER_BOUND ( 'NONE', #2786, .T. ) ;
#3536 = DIRECTION ( 'NONE',  ( 0.0000000000000000000, 0.0000000000000000000, 1.000000000000000000 ) ) ;
#3537 = EDGE_LOOP ( 'NONE', ( #2302, #1194, #3457, #2394 ) ) ;
#3538 = VERTEX_POINT ( 'NONE', #3452 ) ;
#3539 = CARTESIAN_POINT ( 'NONE',  ( 0.0000000000000000000, 0.0000000000000000000, 0.0000000000000000000 ) ) ;
#3540 = CARTESIAN_POINT ( 'NONE',  ( -1.050000000000000044, 1.040000000000000036, -0.01000000000000000021 ) ) ;
#3541 = EDGE_CURVE ( 'NONE', #2838, #2199, #2273, .T. ) ;
#3542 = LINE ( 'NONE', #3264, #3048 ) ;
#3543 = ORIENTED_EDGE ( 'NONE', *, *, #162, .T. ) ;
#3544 = FACE_OUTER_BOUND ( 'NONE', #2532, .T. ) ;
#3545 =( LENGTH_UNIT ( ) NAMED_UNIT ( * ) SI_UNIT ( .MILLI., .METRE. ) );
#3546 = DIRECTION ( 'NONE',  ( 1.000000000000000000, 0.0000000000000000000, 0.0000000000000000000 ) ) ;
#3547 = PLANE ( 'NONE',  #2175 ) ;
#3548 = EDGE_LOOP ( 'NONE', ( #3554, #1003, #712 ) ) ;
#3549 = EDGE_CURVE ( 'NONE', #869, #1482, #1178, .T. ) ;
#3550 = CARTESIAN_POINT ( 'NONE',  ( 0.8900000000000003464, -1.050000000000000044, -0.01000000000000000021 ) ) ;
#3551 = DIRECTION ( 'NONE',  ( 0.0000000000000000000, 0.0000000000000000000, -1.000000000000000000 ) ) ;
#3552 = CARTESIAN_POINT ( 'NONE',  ( -0.9000000000000002442, 1.310000000000000053, 0.0000000000000000000 ) ) ;
#3553 = ORIENTED_EDGE ( 'NONE', *, *, #1303, .T. ) ;
#3554 = ORIENTED_EDGE ( 'NONE', *, *, #66, .F. ) ;
#3555 = CARTESIAN_POINT ( 'NONE',  ( -1.310000000000000053, -0.3099999999999999423, -0.01000000000000000021 ) ) ;
#3556 = CIRCLE ( 'NONE', #145, 0.01000000000000002623 ) ;
#3557 = CARTESIAN_POINT ( 'NONE',  ( -1.050000000000000044, 1.050000000000000044, 0.0000000000000000000 ) ) ;
#3558 = CARTESIAN_POINT ( 'NONE',  ( -0.9000000000000000222, 1.500000000000000000, 0.1300000000000000044 ) ) ;
#3559 = ORIENTED_EDGE ( 'NONE', *, *, #2682, .F. ) ;
#3560 = AXIS2_PLACEMENT_3D ( 'NONE', #2148, #3243, #727 ) ;
#3561 = DIRECTION ( 'NONE',  ( 0.0000000000000000000, 0.0000000000000000000, -1.000000000000000000 ) ) ;
#3562 =( NAMED_UNIT ( * ) SI_UNIT ( $, .STERADIAN. ) SOLID_ANGLE_UNIT ( ) );
#3563 = SPHERICAL_SURFACE ( 'NONE', #3336, 0.01000000000000000021 ) ;
#3564 = EDGE_CURVE ( 'NONE', #642, #1711, #2420, .T. ) ;
#3565 = AXIS2_PLACEMENT_3D ( 'NONE', #2903, #1283, #2414 ) ;
#3566 = DIRECTION ( 'NONE',  ( -9.637352644315598694E-16, -1.000000000000000000, 0.0000000000000000000 ) ) ;
#3567 = VERTEX_POINT ( 'NONE', #1473 ) ;
#3568 = ORIENTED_EDGE ( 'NONE', *, *, #3062, .T. ) ;
#3569 = CIRCLE ( 'NONE', #2239, 0.01000000000000002623 ) ;
#3570 = DIRECTION ( 'NONE',  ( 0.0000000000000000000, 0.0000000000000000000, 1.000000000000000000 ) ) ;
#3571 = DIRECTION ( 'NONE',  ( 0.0000000000000000000, 1.000000000000000000, 0.0000000000000000000 ) ) ;
#3572 = ORIENTED_EDGE ( 'NONE', *, *, #645, .T. ) ;
#3573 = VERTEX_POINT ( 'NONE', #3112 ) ;
#3574 = VECTOR ( 'NONE', #3018, 999.9999999999998863 ) ;
#3575 = DIRECTION ( 'NONE',  ( -1.000000000000000000, 0.0000000000000000000, 0.0000000000000000000 ) ) ;
#3576 = STYLED_ITEM ( 'NONE', ( #2147 ), #2731 ) ;
#3577 = LINE ( 'NONE', #793, #1807 ) ;
#3578 = AXIS2_PLACEMENT_3D ( 'NONE', #368, #1245, #1223 ) ;
#3579 = DIRECTION ( 'NONE',  ( 1.000000000000000000, 0.0000000000000000000, 0.0000000000000000000 ) ) ;
#3580 = FACE_OUTER_BOUND ( 'NONE', #2605, .T. ) ;
#3581 = VECTOR ( 'NONE', #1960, 1000.000000000000000 ) ;
#3582 = SURFACE_SIDE_STYLE ('',( #2750 ) ) ;
#3583 = ORIENTED_EDGE ( 'NONE', *, *, #319, .T. ) ;
#3584 = ADVANCED_FACE ( 'NONE', ( #3144 ), #2871, .T. ) ;
#3585 = ORIENTED_EDGE ( 'NONE', *, *, #3384, .F. ) ;
#3586 = LINE ( 'NONE', #1383, #2524 ) ;
#3587 = SURFACE_SIDE_STYLE ('',( #2462 ) ) ;
#3588 = EDGE_CURVE ( 'NONE', #2170, #3371, #1751, .T. ) ;
#3589 = ORIENTED_EDGE ( 'NONE', *, *, #238, .F. ) ;
#3590 = ORIENTED_EDGE ( 'NONE', *, *, #555, .T. ) ;
#3591 = CARTESIAN_POINT ( 'NONE',  ( -0.8900000000000001243, 1.300000000000000044, 0.1300000000000000044 ) ) ;
#3592 = PLANE ( 'NONE',  #1857 ) ;
#3593 = EDGE_CURVE ( 'NONE', #1161, #3027, #1770, .T. ) ;
#3594 = DIRECTION ( 'NONE',  ( 0.0000000000000000000, 0.0000000000000000000, 1.000000000000000000 ) ) ;
#3595 = ORIENTED_EDGE ( 'NONE', *, *, #2590, .F. ) ;
#3596 = DIRECTION ( 'NONE',  ( -1.000000000000000000, 0.0000000000000000000, 0.0000000000000000000 ) ) ;
#3597 = CARTESIAN_POINT ( 'NONE',  ( -1.302679491681490775, -0.3013397459621555696, -0.004999999999999993165 ) ) ;
#3598 = DIRECTION ( 'NONE',  ( 0.0000000000000000000, 0.0000000000000000000, -1.000000000000000000 ) ) ;
#3599 = CARTESIAN_POINT ( 'NONE',  ( 0.8900000000000001243, 1.300000000000000266, 0.1300000000000000044 ) ) ;
#3600 = ORIENTED_EDGE ( 'NONE', *, *, #2856, .T. ) ;
#3601 = ADVANCED_FACE ( 'NONE', ( #3487 ), #1249, .T. ) ;
#3602 = PLANE ( 'NONE',  #3217 ) ;
#3603 = ORIENTED_EDGE ( 'NONE', *, *, #3496, .F. ) ;
#3604 = EDGE_CURVE ( 'NONE', #3171, #168, #755, .T. ) ;
#3605 = ADVANCED_FACE ( 'NONE', ( #2362 ), #1564, .F. ) ;
#3606 = DIRECTION ( 'NONE',  ( 0.0000000000000000000, -1.000000000000000000, 0.0000000000000000000 ) ) ;
#3607 = DIRECTION ( 'NONE',  ( 0.0000000000000000000, 0.0000000000000000000, -1.000000000000000000 ) ) ;
#3608 = AXIS2_PLACEMENT_3D ( 'NONE', #2306, #3377, #1955 ) ;
#3609 = VERTEX_POINT ( 'NONE', #2712 ) ;
#3610 = VECTOR ( 'NONE', #1022, 1000.000000000000000 ) ;
#3611 = CARTESIAN_POINT ( 'NONE',  ( -1.289999999999999591, -1.050000000000000266, 0.3499999999999999778 ) ) ;
#3612 = CARTESIAN_POINT ( 'NONE',  ( -1.049999999999999600, -1.300000000000000044, 0.3399999999999999689 ) ) ;
#3613 = DIRECTION ( 'NONE',  ( -0.0000000000000000000, 0.0000000000000000000, -1.000000000000000000 ) ) ;
#3614 = AXIS2_PLACEMENT_3D ( 'NONE', #736, #156, #2379 ) ;
#3615 = VECTOR ( 'NONE', #2012, 1000.000000000000000 ) ;
#3616 = PLANE ( 'NONE',  #2409 ) ;
#3617 = CARTESIAN_POINT ( 'NONE',  ( 0.9539554917122207156, 0.2999482143251002153, 0.4811722206163611681 ) ) ;
#3618 = ORIENTED_EDGE ( 'NONE', *, *, #1484, .T. ) ;
#3619 = AXIS2_PLACEMENT_3D ( 'NONE', #248, #518, #3546 ) ;
#3620 = DIRECTION ( 'NONE',  ( 1.000000000000000000, -5.421010862427507971E-15, 0.0000000000000000000 ) ) ;
#3621 = DIRECTION ( 'NONE',  ( -9.637352644315598694E-16, 1.000000000000000000, 0.0000000000000000000 ) ) ;
#3622 = VECTOR ( 'NONE', #1817, 1000.000000000000000 ) ;
#3623 = ORIENTED_EDGE ( 'NONE', *, *, #3412, .F. ) ;
#3624 = AXIS2_PLACEMENT_3D ( 'NONE', #742, #2720, #3317 ) ;
#3625 = DIRECTION ( 'NONE',  ( -1.224646799147353207E-16, 1.000000000000000000, 0.0000000000000000000 ) ) ;
#3626 = DIRECTION ( 'NONE',  ( 0.0000000000000000000, 0.0000000000000000000, -1.000000000000000000 ) ) ;
#3627 = AXIS2_PLACEMENT_3D ( 'NONE', #1650, #2438, #1307 ) ;
#3628 = ORIENTED_EDGE ( 'NONE', *, *, #324, .T. ) ;
#3629 = EDGE_CURVE ( 'NONE', #2205, #225, #2098, .T. ) ;
#3630 = DIRECTION ( 'NONE',  ( -0.0000000000000000000, -0.0000000000000000000, -1.000000000000000000 ) ) ;
#3631 = LINE ( 'NONE', #888, #3615 ) ;
#3632 = CIRCLE ( 'NONE', #3350, 0.009999999999999998473 ) ;
#3633 = CARTESIAN_POINT ( 'NONE',  ( -1.049999999999999600, -1.300000000000000044, 0.3499999999999999778 ) ) ;
#3634 = CARTESIAN_POINT ( 'NONE',  ( 0.0000000000000000000, 0.0000000000000000000, 0.4899999999999999911 ) ) ;
#3635 = ORIENTED_EDGE ( 'NONE', *, *, #1671, .F. ) ;
#3636 = CARTESIAN_POINT ( 'NONE',  ( 1.300000000000000266, -1.050000000000000044, 0.3499999999999999778 ) ) ;
#3637 = TOROIDAL_SURFACE ( 'NONE', #2063, 0.9899999999999999911, 0.01000000000000000021 ) ;
#3638 = DIRECTION ( 'NONE',  ( 1.000000000000000000, 1.032573497605242594E-16, -0.0000000000000000000 ) ) ;
#3639 = ORIENTED_EDGE ( 'NONE', *, *, #3249, .F. ) ;
#3640 = AXIS2_PLACEMENT_3D ( 'NONE', #2435, #2156, #3269 ) ;
#3641 = VERTEX_POINT ( 'NONE', #1802 ) ;
ENDSEC;
END-ISO-10303-21;
